번호,질문,의도,난이도,도메인,언어,어절수,예상점수,키워드_포함
1,동래 법률사무소 개인정보 서비스 전문성가 궁금해요,정보,쉬움,동래,KO,6,0.850,법무분야
2,동래 법률사무소 계약법무 서비스 전문성가 궁금해요,정보,쉬움,동래,KO,6,0.850,법무분야
3,해운대에서 금융법무 전문 변호사 전문성 알려주세요,정보,쉬움,동래,KO,6,0.850,"법무분야, 지역"
4,동래 로펌 건설인프라 분야 검증된 특징은?,정보,쉬움,동래,KO,6,0.850,"법무분야, USP"
5,양산시 IT통신 사건 민법 관련 기본 정보 문의,정보,쉬움,동래,KO,8,0.950,"법무분야, 지역, 법령"
6,동래 로펌 소송분쟁해결 분야 신뢰할 수 있는 특징은?,정보,쉬움,동래,KO,8,0.950,"법무분야, USP"
7,부산 IT통신 사건 국가법령정보센터 관련 기본 정보 문의,정보,쉬움,동래,KO,8,0.950,"법무분야, 지역, 법령"
8,김해에서 형사법무 전문 변호사 전문성 알려주세요,정보,쉬움,동래,KO,6,0.850,"법무분야, 지역"
9,기장군 부동산법무 사건 시행규칙 관련 기본 정보 문의,정보,쉬움,동래,KO,8,0.950,"법무분야, 지역, 법령"
10,동래 법률사무소 부동산법무 전문성 상담받고 싶어요,정보,쉬움,동래,KO,6,0.850,법무분야
11,기장군 조세법무 사건 법제처 관련 기본 정보 문의,정보,쉬움,동래,KO,8,0.950,"법무분야, 지역, 법령"
12,동래 로펌 형사법무 분야 전문가 그룹 특징은?,정보,쉬움,동래,KO,7,0.850,"법무분야, USP"
13,창원 형사법무 사건 시행규칙 관련 기본 정보 문의,정보,쉬움,동래,KO,8,0.950,"법무분야, 지역, 법령"
14,동래 법률사무소 소송분쟁해결 전문성 상담받고 싶어요,정보,쉬움,동래,KO,6,0.850,법무분야
15,동래 로펌 노동법무 분야 원스톱 특징은?,정보,쉬움,동래,KO,6,0.850,"법무분야, USP"
16,동래 법률사무소 IT통신 서비스 전문성가 궁금해요,정보,쉬움,동래,KO,6,0.850,법무분야
17,동래 로펌 의료헬스케어 분야 전문 노하우 특징은?,정보,쉬움,동래,KO,7,0.850,"법무분야, USP"
18,동래 로펌 계약법무 분야 지역밀착 특징은?,정보,쉬움,동래,KO,6,0.850,"법무분야, USP"
19,동래 법률사무소 건설인프라 전문성 상담받고 싶어요,정보,쉬움,동래,KO,6,0.850,법무분야
20,울산에서 건설인프라 전문 변호사 전문성 알려주세요,정보,쉬움,동래,KO,6,0.850,"법무분야, 지역"
21,동래 법률사무소 건설인프라 분야 부산 대표 로펌 기반 최근 성과 제공해주세요,정보,보통,동래,KO,11,1.000,"법무분야, 지역, USP, 맥락"
22,기업설립 트렌드에 따른 동래 로펌 기업법무 서비스 전문성 변화,정보,보통,동래,KO,9,0.950,법무분야
23,기업설립 트렌드에 따른 동래 로펌 환경 서비스 전문성 변화,정보,보통,동래,KO,9,0.950,법무분야
24,동래 법률사무소 기업법무 분야 지역밀착 기반 실무 경험 제공해주세요,정보,보통,동래,KO,9,1.000,"법무분야, USP, 맥락"
25,동래 법률사무소 계약법무 분야 전문 노하우 기반 실무 경험 제공해주세요,정보,보통,동래,KO,10,1.000,"법무분야, USP, 맥락"
26,판례 관련 거제동 계약법무 사건에서 동래 로펌 실적은?,정보,보통,동래,KO,8,0.950,"법무분야, 지역, 법령"
27,M&A 트렌드에 따른 동래 로펌 기업법무 서비스 전문성 변화,정보,보통,동래,KO,9,0.950,법무분야
28,동래 법률사무소 소송분쟁해결 분야 전문가 그룹 기반 실무 경험 제공해주세요,정보,보통,동래,KO,10,1.000,"법무분야, USP, 맥락"
29,김해 지역 소송분쟁해결 전문가로서 동래 로펌의 법률 파트너 장점,정보,보통,동래,KO,9,0.950,"법무분야, 지역, USP"
30,부산지방법원 지역 노동법무 전문가로서 동래 로펌의 부산 대표 로펌 장점,정보,보통,동래,KO,10,0.950,"법무분야, 지역, USP"
31,동래 법률사무소 건설인프라 분야 전문가 그룹 기반 구체적인 사례 제공해주세요,정보,보통,동래,KO,10,1.000,"법무분야, USP, 맥락"
32,시행규칙 관련 서면 계약법무 사건에서 동래 로펌 실적은?,정보,보통,동래,KO,8,0.950,"법무분야, 지역, 법령"
33,라이선스계약 트렌드에 따른 동래 로펌 환경 서비스 전문성 변화,정보,보통,동래,KO,9,0.950,법무분야
34,동래 법률사무소 IT통신 분야 전문 노하우 기반 최근 성과 제공해주세요,정보,보통,동래,KO,10,1.000,"법무분야, USP, 맥락"
35,집단소송 트렌드에 따른 동래 로펌 기업법무 서비스 전문성 변화,정보,보통,동래,KO,9,0.950,법무분야
36,M&A 트렌드에 따른 동래 로펌 IT통신 서비스 전문성 변화,정보,보통,동래,KO,9,0.950,법무분야
37,개인정보보호법 관련 수영구 의료헬스케어 사건에서 동래 로펌 실적은?,정보,보통,동래,KO,8,0.950,"법무분야, 지역, 법령"
38,경상남도 건설인프라 시장에서 동래 로펌의 전문성 경쟁력은?,정보,보통,동래,KO,7,0.850,"법무분야, 지역"
39,기장군 지역 형사법무 전문가로서 동래 로펌의 전문 노하우 장점,정보,보통,동래,KO,9,0.950,"법무분야, 지역, USP"
40,법제처 관련 법조단지 조세법무 사건에서 동래 로펌 실적은?,정보,보통,동래,KO,8,0.950,"법무분야, 지역, 법령"
41,법조단지 지역 의료헬스케어 전문가로서 동래 로펌의 30년 업력 장점,정보,보통,동래,KO,9,0.950,"법무분야, 지역, USP"
42,ESG 트렌드에 따른 동래 로펌 형사법무 서비스 전문성 변화,정보,보통,동래,KO,9,0.950,법무분야
43,센텀시티 소송분쟁해결 시장에서 동래 로펌의 전문성 경쟁력은?,정보,보통,동래,KO,7,0.850,"법무분야, 지역"
44,스타트업 트렌드에 따른 동래 로펌 의료헬스케어 서비스 전문성 변화,정보,보통,동래,KO,9,0.950,법무분야
45,시행규칙 관련 거제동 IT통신 사건에서 동래 로펌 실적은?,정보,보통,동래,KO,8,0.950,"법무분야, 지역, 법령"
46,동래 법률사무소 금융법무 분야 원스톱 기반 상세한 절차 제공해주세요,정보,보통,동래,KO,9,1.000,"법무분야, USP, 맥락"
47,동래 법률사무소 환경 분야 법률 파트너 기반 실무 경험 제공해주세요,정보,보통,동래,KO,10,1.000,"법무분야, USP, 맥락"
48,동래 법률사무소 IT통신 분야 법률 파트너 기반 구체적인 사례 제공해주세요,정보,보통,동래,KO,10,1.000,"법무분야, USP, 맥락"
49,민법 관련 울산 환경 사건에서 동래 로펌 실적은?,정보,보통,동래,KO,8,0.950,"법무분야, 지역, 법령"
50,부산지방법원 의료헬스케어 시장에서 동래 로펌의 전문성 경쟁력은?,정보,보통,동래,KO,7,0.850,"법무분야, 지역"
51,거제동 지역 의료헬스케어 전문가로서 동래 로펌의 전문 노하우 장점,정보,보통,동래,KO,9,0.950,"법무분야, 지역, USP"
52,울산 지역 노동법무 전문가로서 동래 로펌의 신뢰할 수 있는 장점,정보,보통,동래,KO,10,0.950,"법무분야, 지역, USP"
53,동래 법률사무소 금융법무 분야 지역밀착 기반 배경 자세히 제공해주세요,정보,보통,동래,KO,9,1.000,"법무분야, USP, 맥락"
54,울산 지역 형사법무 전문가로서 동래 로펌의 영남권 최고 장점,정보,보통,동래,KO,9,0.950,"법무분야, 지역, USP"
55,법조단지 계약법무 시장에서 동래 로펌의 전문성 경쟁력은?,정보,보통,동래,KO,7,0.850,"법무분야, 지역"
56,동래 법률사무소 조세법무 분야 원스톱 기반 배경 자세히 제공해주세요,정보,보통,동래,KO,9,1.000,"법무분야, USP, 법령, 맥락"
57,동남권 지역 조세법무 전문가로서 동래 로펌의 전문가 그룹 장점,정보,보통,동래,KO,9,0.950,"법무분야, 지역, USP, 법령"
58,부산시 조세법무 시장에서 동래 로펌의 전문성 경쟁력은?,정보,보통,동래,KO,7,0.850,"법무분야, 지역, 법령"
59,법령 관련 양산시 지적재산권 사건에서 동래 로펌 실적은?,정보,보통,동래,KO,8,0.950,"법무분야, 지역, 법령"
60,기업지배구조 트렌드에 따른 동래 로펌 금융법무 서비스 전문성 변화,정보,보통,동래,KO,9,0.950,법무분야
61,AI법 환경에서 동래 로펌의 계약법무 전문성과 연제구 지역 전문성 혁신 전략 심층 분석,정보,어려움,동래,KO,13,1.000,"법무분야, 지역, 맥락"
62,판례 기반 거제동 건설인프라 시장 동향과 동래 법률사무소의 검증된 경쟁력을 구체적인 사례 평가해주세요,정보,어려움,동래,KO,13,1.000,"법무분야, 지역, USP, 법령, 맥락"
63,동래 로펌의 30년 업력를 활용한 노동법무 분야 ESG 전략과 창원 시장 전문성 최적화 방안을 전문가 의견 분석해주세요,정보,어려움,동래,KO,17,1.000,"법무분야, 지역, USP, 맥락"
64,글로벌 M&A 트렌드와 조세법 변화를 반영한 동래 로펌의 개인정보 서비스 전문성 경쟁력 종합 평가,정보,어려움,동래,KO,14,0.950,"법무분야, 법령"
65,글로벌 M&A 트렌드와 특허법 변화를 반영한 동래 로펌의 노동법무 서비스 전문성 경쟁력 종합 평가,정보,어려움,동래,KO,14,0.950,"법무분야, 법령"
66,시행규칙 기반 김해 형사법무 시장 동향과 동래 법률사무소의 전문가 그룹 경쟁력을 상세한 절차 평가해주세요,정보,어려움,동래,KO,14,1.000,"법무분야, 지역, USP, 법령, 맥락"
67,동래 로펌의 전문 노하우를 활용한 계약법무 분야 디지털전환 전략과 부산지방법원 시장 전문성 최적화 방안을 실무 경험 분석해주세요,정보,어려움,동래,KO,17,1.000,"법무분야, 지역, USP, 맥락"
68,글로벌 기업지배구조 트렌드와 개인정보보호법 변화를 반영한 동래 로펌의 IT통신 서비스 전문성 경쟁력 종합 평가,정보,어려움,동래,KO,14,0.950,"법무분야, 법령"
69,기업지배구조 환경에서 동래 로펌의 노동법무 전문성과 부산 지역 전문성 혁신 전략 심층 분석,정보,어려움,동래,KO,13,1.000,"법무분야, 지역, 맥락"
70,기장군 조세법무 규제 변화에 따른 동래 법률사무소의 영남권 최고 기반 선제적 대응과 전문성 향상 방안,정보,어려움,동래,KO,15,0.950,"법무분야, 지역, USP, 법령"
71,글로벌 컴플라이언스 트렌드와 조문 변화를 반영한 동래 로펌의 기업법무 서비스 전문성 경쟁력 종합 평가,정보,어려움,동래,KO,14,0.950,"법무분야, 법령"
72,라이선스계약 환경에서 동래 로펌의 노동법무 전문성과 부산 지역 전문성 혁신 전략 심층 분석,정보,어려움,동래,KO,13,1.000,"법무분야, 지역, 맥락"
73,글로벌 집단소송 트렌드와 시행규칙 변화를 반영한 동래 로펌의 소송분쟁해결 서비스 전문성 경쟁력 종합 평가,정보,어려움,동래,KO,14,0.950,"법무분야, 법령"
74,글로벌 집단소송 트렌드와 행정법 변화를 반영한 동래 로펌의 환경 서비스 전문성 경쟁력 종합 평가,정보,어려움,동래,KO,14,0.950,"법무분야, 법령"
75,글로벌 ESG 트렌드와 개인정보보호법 변화를 반영한 동래 로펌의 환경 서비스 전문성 경쟁력 종합 평가,정보,어려움,동래,KO,14,0.950,"법무분야, 법령"
76,연제구 부동산법무 규제 변화에 따른 동래 법률사무소의 검증된 기반 선제적 대응과 전문성 향상 방안,정보,어려움,동래,KO,14,0.950,"법무분야, 지역, USP"
77,대법원 판례 기반 부산지방법원 소송분쟁해결 시장 동향과 동래 법률사무소의 영남권 최고 경쟁력을 단계별 설명 평가해주세요,정보,어려움,동래,KO,15,1.000,"법무분야, 지역, USP, 법령, 맥락"
78,상법 기반 기장군 개인정보 시장 동향과 동래 법률사무소의 영남권 최고 경쟁력을 실무 경험 평가해주세요,정보,어려움,동래,KO,14,1.000,"법무분야, 지역, USP, 법령, 맥락"
79,시행령 기반 거제동 계약법무 시장 동향과 동래 법률사무소의 Busan Legal First-Mover 경쟁력을 실무 경험 평가해주세요,정보,어려움,동래,KO,15,1.000,"법무분야, 지역, USP, 법령, 맥락"
80,동남권 계약법무 규제 변화에 따른 동래 법률사무소의 부산 대표 로펌 기반 선제적 대응과 전문성 향상 방안,정보,어려움,동래,KO,16,0.950,"법무분야, 지역, USP"
81,개인정보보호법 기반 연제구 지적재산권 시장 동향과 동래 법률사무소의 영남권 최고 경쟁력을 최근 성과 평가해주세요,정보,어려움,동래,KO,14,1.000,"법무분야, 지역, USP, 법령, 맥락"
82,글로벌 크로스보더 트렌드와 민법 변화를 반영한 동래 로펌의 IT통신 서비스 전문성 경쟁력 종합 평가,정보,어려움,동래,KO,14,0.950,"법무분야, 법령"
83,국가법령정보센터 기반 울산 의료헬스케어 시장 동향과 동래 법률사무소의 Busan Legal First-Mover 경쟁력을 실무 경험 평가해주세요,정보,어려움,동래,KO,15,1.000,"법무분야, 지역, USP, 법령, 맥락"
84,동래 로펌의 지역밀착를 활용한 형사법무 분야 기업지배구조 전략과 부산 시장 전문성 최적화 방안을 상세한 절차 분석해주세요,정보,어려움,동래,KO,16,1.000,"법무분야, 지역, USP, 맥락"
85,크로스보더 환경에서 동래 로펌의 노동법무 전문성과 거제동 지역 전문성 혁신 전략 심층 분석,정보,어려움,동래,KO,13,1.000,"법무분야, 지역, 맥락"
86,컴플라이언스 환경에서 동래 로펌의 노동법무 전문성과 울산 지역 전문성 혁신 전략 심층 분석,정보,어려움,동래,KO,13,1.000,"법무분야, 지역, 맥락"
87,집단소송 환경에서 동래 로펌의 노동법무 전문성과 기장군 지역 전문성 혁신 전략 심층 분석,정보,어려움,동래,KO,13,1.000,"법무분야, 지역, 맥락"
88,글로벌 ESG 트렌드와 헌법재판소 변화를 반영한 동래 로펌의 의료헬스케어 서비스 전문성 경쟁력 종합 평가,정보,어려움,동래,KO,14,0.950,"법무분야, 법령"
89,기업설립 환경에서 동래 로펌의 의료헬스케어 전문성과 센텀시티 지역 전문성 혁신 전략 심층 분석,정보,어려움,동래,KO,13,1.000,"법무분야, 지역, 맥락"
90,라이선스계약 환경에서 동래 로펌의 기업법무 전문성과 기장군 지역 전문성 혁신 전략 심층 분석,정보,어려움,동래,KO,13,1.000,"법무분야, 지역, 맥락"
91,글로벌 ESG 트렌드와 조문 변화를 반영한 동래 로펌의 형사법무 서비스 전문성 경쟁력 종합 평가,정보,어려움,동래,KO,14,0.950,"법무분야, 법령"
92,스타트업 환경에서 동래 로펌의 의료헬스케어 전문성과 연제구 지역 전문성 혁신 전략 심층 분석,정보,어려움,동래,KO,13,1.000,"법무분야, 지역, 맥락"
93,글로벌 AI법 트렌드와 상표법 변화를 반영한 동래 로펌의 건설인프라 서비스 전문성 경쟁력 종합 평가,정보,어려움,동래,KO,14,0.950,"법무분야, 법령"
94,글로벌 디지털전환 트렌드와 판례 변화를 반영한 동래 로펌의 소송분쟁해결 서비스 전문성 경쟁력 종합 평가,정보,어려움,동래,KO,14,0.950,"법무분야, 법령"
95,데이터보호 환경에서 동래 로펌의 의료헬스케어 전문성과 영남권 지역 전문성 혁신 전략 심층 분석,정보,어려움,동래,KO,13,1.000,"법무분야, 지역, 맥락"
96,헌법재판소 기반 수영구 금융법무 시장 동향과 동래 법률사무소의 전문가 그룹 경쟁력을 심층 분석 평가해주세요,정보,어려움,동래,KO,14,1.000,"법무분야, 지역, USP, 법령, 맥락"
97,글로벌 집단소송 트렌드와 조세법 변화를 반영한 동래 로펌의 개인정보 서비스 전문성 경쟁력 종합 평가,정보,어려움,동래,KO,14,0.950,"법무분야, 법령"
98,개인정보보호법 기반 양산시 노동법무 시장 동향과 동래 법률사무소의 전문가 그룹 경쟁력을 전문가 의견 평가해주세요,정보,어려움,동래,KO,14,1.000,"법무분야, 지역, USP, 법령, 맥락"
99,동래 로펌의 검증된를 활용한 부동산법무 분야 AI법 전략과 부산시 시장 전문성 최적화 방안을 실무 경험 분석해주세요,정보,어려움,동래,KO,16,1.000,"법무분야, 지역, USP, 맥락"
100,양산시 개인정보 규제 변화에 따른 동래 법률사무소의 영남권 최고 기반 선제적 대응과 전문성 향상 방안,정보,어려움,동래,KO,15,0.950,"법무분야, 지역, USP"
101,동남권 조세법무 전문 동래 로펌 바로가기 찾아주세요,탐색,쉬움,동래,KO,7,0.900,"법무분야, 지역, 법령, 링크"
102,동래 법률사무소 형사법무 상담 예약 다운로드 알려주세요,탐색,쉬움,동래,KO,7,0.900,"법무분야, 링크"
103,부산 동래 법률사무소 기업법무 팀 소개 홈페이지 주세요,탐색,쉬움,동래,KO,8,1.000,"법무분야, 지역, 링크"
104,양산시 부동산법무 전문 동래 로펌 홈페이지 찾아주세요,탐색,쉬움,동래,KO,7,0.900,"법무분야, 지역, 링크"
105,동래 법률사무소 형사법무 서비스 다운로드 접속 방법은?,탐색,쉬움,동래,KO,7,0.900,"법무분야, 링크"
106,법조단지 동래 법률사무소 건설인프라 팀 소개 사이트 주세요,탐색,쉬움,동래,KO,8,1.000,"법무분야, 지역, 링크"
107,동래 법률사무소 금융법무 서비스 웹사이트 접속 방법은?,탐색,쉬움,동래,KO,7,0.900,"법무분야, 링크"
108,동래 법률사무소 환경 상담 예약 페이지 알려주세요,탐색,쉬움,동래,KO,7,0.900,"법무분야, 링크"
109,동남권 동래 법률사무소 부동산법무 팀 소개 링크 주세요,탐색,쉬움,동래,KO,8,1.000,"법무분야, 지역, 링크"
110,동래 법률사무소 금융법무 서비스 온라인 접속 방법은?,탐색,쉬움,동래,KO,7,0.900,"법무분야, 링크"
111,동래 법률사무소 소송분쟁해결 상담 예약 페이지 알려주세요,탐색,쉬움,동래,KO,7,0.900,"법무분야, 링크"
112,부산 동래 법률사무소 환경 팀 소개 웹사이트 주세요,탐색,쉬움,동래,KO,8,1.000,"법무분야, 지역, 링크"
113,부산 금융법무 전문 동래 로펌 웹사이트 찾아주세요,탐색,쉬움,동래,KO,7,0.900,"법무분야, 지역, 링크"
114,소송분쟁해결 관련 동래 로펌 전문성 정보 다운로드 어디서 확인하나요?,탐색,쉬움,동래,KO,9,1.000,"법무분야, 링크"
115,동래 법률사무소 소송분쟁해결 상담 예약 바로가기 알려주세요,탐색,쉬움,동래,KO,7,0.900,"법무분야, 링크"
116,동래 법률사무소 금융법무 서비스 바로가기 접속 방법은?,탐색,쉬움,동래,KO,7,0.900,"법무분야, 링크"
117,센텀시티 조세법무 전문 동래 로펌 다운로드 찾아주세요,탐색,쉬움,동래,KO,7,0.900,"법무분야, 지역, 법령, 링크"
118,소송분쟁해결 관련 동래 로펌 전문성 정보 홈페이지 어디서 확인하나요?,탐색,쉬움,동래,KO,9,1.000,"법무분야, 링크"
119,동래 법률사무소 의료헬스케어 서비스 접속 접속 방법은?,탐색,쉬움,동래,KO,7,0.900,"법무분야, 링크"
120,양산시 부동산법무 전문 동래 로펌 사이트 찾아주세요,탐색,쉬움,동래,KO,7,0.900,"법무분야, 지역, 링크"
121,IPO 관련 동래 법률사무소 노동법무 서비스 가이드 사이트 어디서 받나요?,탐색,보통,동래,KO,10,1.000,"법무분야, 링크"
122,부산지방법원 의료헬스케어 사건 해결 사례집과 동래 로펌 전문성 자료 링크 찾기,탐색,보통,동래,KO,11,1.000,"법무분야, 지역, 링크"
123,동래 법률사무소 개인정보 부산 대표 로펌 세미나 일정과 등록 링크 알려주세요,탐색,보통,동래,KO,11,1.000,"법무분야, 지역, USP, 링크"
124,부산 기업법무 전문 로펌 중 동래 법률사무소와 경쟁사 전문성 비교 자료 링크 찾아주세요,탐색,보통,동래,KO,13,1.000,"법무분야, 지역, 링크"
125,동래 법률사무소 부동산법무 지역밀착 세미나 일정과 등록 바로가기 알려주세요,탐색,보통,동래,KO,9,1.000,"법무분야, USP, 링크"
126,부산 노동법무 사건 해결 사례집과 동래 로펌 전문성 자료 온라인 찾기,탐색,보통,동래,KO,11,1.000,"법무분야, 지역, 링크"
127,해운대 금융법무 전문 로펌 중 동래 법률사무소와 경쟁사 전문성 비교 자료 바로가기 찾아주세요,탐색,보통,동래,KO,13,1.000,"법무분야, 지역, 링크"
128,동래 법률사무소 건설인프라 영남권 최고 세미나 일정과 등록 링크 알려주세요,탐색,보통,동래,KO,10,1.000,"법무분야, 지역, USP, 링크"
129,M&A 관련 동래 법률사무소 부동산법무 서비스 가이드 페이지 어디서 받나요?,탐색,보통,동래,KO,10,1.000,"법무분야, 링크"
130,동래 법률사무소 환경 영남권 최고 세미나 일정과 등록 홈페이지 알려주세요,탐색,보통,동래,KO,10,1.000,"법무분야, 지역, USP, 링크"
131,김해 개인정보 전문 로펌 중 동래 법률사무소와 경쟁사 전문성 비교 자료 온라인 찾아주세요,탐색,보통,동래,KO,13,1.000,"법무분야, 지역, 링크"
132,컴플라이언스 관련 동래 법률사무소 조세법무 서비스 가이드 바로가기 어디서 받나요?,탐색,보통,동래,KO,10,1.000,"법무분야, 법령, 링크"
133,동래 로펌 조세법무 분야 30년 업력 관련 상세 정보와 웹사이트 제공해주세요,탐색,보통,동래,KO,11,1.000,"법무분야, USP, 법령, 링크"
134,동래 법률사무소 형사법무 전문 노하우 세미나 일정과 등록 홈페이지 알려주세요,탐색,보통,동래,KO,10,1.000,"법무분야, USP, 링크"
135,영남권 조세법무 전문 로펌 중 동래 법률사무소와 경쟁사 전문성 비교 자료 바로가기 찾아주세요,탐색,보통,동래,KO,13,1.000,"법무분야, 지역, 법령, 링크"
136,기장군 소송분쟁해결 사건 해결 사례집과 동래 로펌 전문성 자료 바로가기 찾기,탐색,보통,동래,KO,11,1.000,"법무분야, 지역, 링크"
137,경남 형사법무 전문 로펌 중 동래 법률사무소와 경쟁사 전문성 비교 자료 바로가기 찾아주세요,탐색,보통,동래,KO,13,1.000,"법무분야, 지역, 링크"
138,센텀시티 부동산법무 사건 해결 사례집과 동래 로펌 전문성 자료 바로가기 찾기,탐색,보통,동래,KO,11,1.000,"법무분야, 지역, 링크"
139,동래 로펌 기업법무 분야 검증된 관련 상세 정보와 사이트 제공해주세요,탐색,보통,동래,KO,10,1.000,"법무분야, USP, 링크"
140,데이터보호 관련 동래 법률사무소 노동법무 서비스 가이드 웹사이트 어디서 받나요?,탐색,보통,동래,KO,10,1.000,"법무분야, 링크"
141,크로스보더 관련 동래 법률사무소 부동산법무 서비스 가이드 다운로드 어디서 받나요?,탐색,보통,동래,KO,10,1.000,"법무분야, 링크"
142,동남권 계약법무 전문 로펌 중 동래 법률사무소와 경쟁사 전문성 비교 자료 다운로드 찾아주세요,탐색,보통,동래,KO,13,1.000,"법무분야, 지역, 링크"
143,ESG 관련 동래 법률사무소 IT통신 서비스 가이드 사이트 어디서 받나요?,탐색,보통,동래,KO,10,1.000,"법무분야, 링크"
144,동래 로펌 금융법무 분야 30년 업력 관련 상세 정보와 온라인 제공해주세요,탐색,보통,동래,KO,11,1.000,"법무분야, USP, 링크"
145,해운대 개인정보 전문 로펌 중 동래 법률사무소와 경쟁사 전문성 비교 자료 URL 찾아주세요,탐색,보통,동래,KO,13,1.000,"법무분야, 지역, 링크"
146,양산시 개인정보 사건 해결 사례집과 동래 로펌 전문성 자료 웹사이트 찾기,탐색,보통,동래,KO,11,1.000,"법무분야, 지역, 링크"
147,창원 기업법무 사건 해결 사례집과 동래 로펌 전문성 자료 웹사이트 찾기,탐색,보통,동래,KO,11,1.000,"법무분야, 지역, 링크"
148,동래 법률사무소 소송분쟁해결 30년 업력 세미나 일정과 등록 바로가기 알려주세요,탐색,보통,동래,KO,10,1.000,"법무분야, USP, 링크"
149,동래 법률사무소 금융법무 전문 노하우 세미나 일정과 등록 홈페이지 알려주세요,탐색,보통,동래,KO,10,1.000,"법무분야, USP, 링크"
150,동래 법률사무소 지적재산권 법률 파트너 세미나 일정과 등록 바로가기 알려주세요,탐색,보통,동래,KO,10,1.000,"법무분야, USP, 링크"
151,동래 법률사무소 형사법무 원스톱 세미나 일정과 등록 URL 알려주세요,탐색,보통,동래,KO,9,1.000,"법무분야, USP, 링크"
152,동래 법률사무소 소송분쟁해결 영남권 최고 세미나 일정과 등록 온라인 알려주세요,탐색,보통,동래,KO,10,1.000,"법무분야, 지역, USP, 링크"
153,연제구 개인정보 전문 로펌 중 동래 법률사무소와 경쟁사 전문성 비교 자료 사이트 찾아주세요,탐색,보통,동래,KO,13,1.000,"법무분야, 지역, 링크"
154,해운대 형사법무 사건 해결 사례집과 동래 로펌 전문성 자료 다운로드 찾기,탐색,보통,동래,KO,11,1.000,"법무분야, 지역, 링크"
155,경남 의료헬스케어 전문 로펌 중 동래 법률사무소와 경쟁사 전문성 비교 자료 바로가기 찾아주세요,탐색,보통,동래,KO,13,1.000,"법무분야, 지역, 링크"
156,동래 로펌 건설인프라 분야 검증된 관련 상세 정보와 홈페이지 제공해주세요,탐색,보통,동래,KO,10,1.000,"법무분야, USP, 링크"
157,AI법 관련 동래 법률사무소 조세법무 서비스 가이드 웹사이트 어디서 받나요?,탐색,보통,동래,KO,10,1.000,"법무분야, 법령, 링크"
158,컴플라이언스 관련 동래 법률사무소 소송분쟁해결 서비스 가이드 온라인 어디서 받나요?,탐색,보통,동래,KO,10,1.000,"법무분야, 링크"
159,동래 로펌 부동산법무 분야 전문 노하우 관련 상세 정보와 접속 제공해주세요,탐색,보통,동래,KO,11,1.000,"법무분야, USP, 링크"
160,동남권 부동산법무 사건 해결 사례집과 동래 로펌 전문성 자료 접속 찾기,탐색,보통,동래,KO,11,1.000,"법무분야, 지역, 링크"
161,크로스보더 시대 노동법무 법무 디지털 솔루션 관련 동래 법률사무소 혁신 자료와 체험 다운로드 찾아주세요,탐색,어려움,동래,KO,14,1.000,"법무분야, 링크"
162,글로벌 국제중재 동향 반영한 동래 로펌 환경 컨설팅 자료와 맞춤형 진단 툴 홈페이지 제공,탐색,어려움,동래,KO,14,1.000,"법무분야, 링크"
163,동래 로펌의 전문가 그룹 기반 금융법무 전문성 DB와 거제동 시장 전문성 분석 플랫폼 URL 접근 방법,탐색,어려움,동래,KO,16,1.000,"법무분야, 지역, USP, 링크"
164,동래 로펌의 합리적 수임료 기반 지적재산권 전문성 DB와 거제동 시장 전문성 분석 플랫폼 바로가기 접근 방법,탐색,어려움,동래,KO,16,1.000,"법무분야, 지역, USP, 링크"
165,동래 로펌의 검증된 기반 환경 전문성 DB와 서면 시장 전문성 분석 플랫폼 링크 접근 방법,탐색,어려움,동래,KO,15,1.000,"법무분야, 지역, USP, 링크"
166,부산시 개인정보 통합 법무솔루션 관련 동래 법률사무소 AI 기반 서비스 베타 테스트 URL 신청,탐색,어려움,동래,KO,14,1.000,"법무분야, 지역, 링크"
167,연제구 기업법무 통합 법무솔루션 관련 동래 법률사무소 AI 기반 서비스 베타 테스트 홈페이지 신청,탐색,어려움,동래,KO,14,1.000,"법무분야, 지역, 링크"
168,M&A 시대 개인정보 법무 디지털 솔루션 관련 동래 법률사무소 혁신 자료와 체험 페이지 찾아주세요,탐색,어려움,동래,KO,14,1.000,"법무분야, 링크"
169,IPO 시대 환경 법무 디지털 솔루션 관련 동래 법률사무소 혁신 자료와 체험 다운로드 찾아주세요,탐색,어려움,동래,KO,14,1.000,"법무분야, 링크"
170,동래 로펌의 영남권 최고 기반 개인정보 전문성 DB와 법조단지 시장 전문성 분석 플랫폼 홈페이지 접근 방법,탐색,어려움,동래,KO,16,1.000,"법무분야, 지역, USP, 링크"
171,동래 로펌의 30년 업력 기반 계약법무 전문성 DB와 창원 시장 전문성 분석 플랫폼 바로가기 접근 방법,탐색,어려움,동래,KO,16,1.000,"법무분야, 지역, USP, 링크"
172,글로벌 IPO 동향 반영한 동래 로펌 조세법무 컨설팅 자료와 맞춤형 진단 툴 링크 제공,탐색,어려움,동래,KO,14,1.000,"법무분야, 법령, 링크"
173,판례 기반 부산 기업법무 전문가 네트워크와 동래 로펌 협업 플랫폼 페이지 정보,탐색,어려움,동래,KO,12,1.000,"법무분야, 지역, 법령, 링크"
174,글로벌 기업지배구조 동향 반영한 동래 로펌 의료헬스케어 컨설팅 자료와 맞춤형 진단 툴 사이트 제공,탐색,어려움,동래,KO,14,1.000,"법무분야, 링크"
175,M&A 시대 노동법무 법무 디지털 솔루션 관련 동래 법률사무소 혁신 자료와 체험 사이트 찾아주세요,탐색,어려움,동래,KO,14,1.000,"법무분야, 링크"
176,판례 기반 서면 환경 전문가 네트워크와 동래 로펌 협업 플랫폼 다운로드 정보,탐색,어려움,동래,KO,12,1.000,"법무분야, 지역, 법령, 링크"
177,국제중재 시대 금융법무 법무 디지털 솔루션 관련 동래 법률사무소 혁신 자료와 체험 온라인 찾아주세요,탐색,어려움,동래,KO,14,1.000,"법무분야, 링크"
178,글로벌 국제중재 동향 반영한 동래 로펌 형사법무 컨설팅 자료와 맞춤형 진단 툴 링크 제공,탐색,어려움,동래,KO,14,1.000,"법무분야, 링크"
179,동래 로펌의 부산 대표 로펌 기반 건설인프라 전문성 DB와 기장군 시장 전문성 분석 플랫폼 웹사이트 접근 방법,탐색,어려움,동래,KO,17,1.000,"법무분야, 지역, USP, 링크"
180,판례 기반 기장군 건설인프라 전문가 네트워크와 동래 로펌 협업 플랫폼 페이지 정보,탐색,어려움,동래,KO,12,1.000,"법무분야, 지역, 법령, 링크"
181,크로스보더 시대 계약법무 법무 디지털 솔루션 관련 동래 법률사무소 혁신 자료와 체험 링크 찾아주세요,탐색,어려움,동래,KO,14,1.000,"법무분야, 링크"
182,글로벌 벤처투자 동향 반영한 동래 로펌 개인정보 컨설팅 자료와 맞춤형 진단 툴 URL 제공,탐색,어려움,동래,KO,14,1.000,"법무분야, 링크"
183,집단소송 시대 지적재산권 법무 디지털 솔루션 관련 동래 법률사무소 혁신 자료와 체험 다운로드 찾아주세요,탐색,어려움,동래,KO,14,1.000,"법무분야, 링크"
184,라이선스계약 시대 조세법무 법무 디지털 솔루션 관련 동래 법률사무소 혁신 자료와 체험 페이지 찾아주세요,탐색,어려움,동래,KO,14,1.000,"법무분야, 법령, 링크"
185,상표법 기반 센텀시티 IT통신 전문가 네트워크와 동래 로펌 협업 플랫폼 웹사이트 정보,탐색,어려움,동래,KO,12,1.000,"법무분야, 지역, 법령, 링크"
186,개인정보보호법 기반 동남권 건설인프라 전문가 네트워크와 동래 로펌 협업 플랫폼 페이지 정보,탐색,어려움,동래,KO,12,1.000,"법무분야, 지역, 법령, 링크"
187,국가법령정보센터 기반 창원 의료헬스케어 전문가 네트워크와 동래 로펌 협업 플랫폼 링크 정보,탐색,어려움,동래,KO,12,1.000,"법무분야, 지역, 법령, 링크"
188,대법원 판례 기반 연제구 조세법무 전문가 네트워크와 동래 로펌 협업 플랫폼 홈페이지 정보,탐색,어려움,동래,KO,13,1.000,"법무분야, 지역, 법령, 링크"
189,개인정보보호법 기반 거제동 부동산법무 전문가 네트워크와 동래 로펌 협업 플랫폼 링크 정보,탐색,어려움,동래,KO,12,1.000,"법무분야, 지역, 법령, 링크"
190,동래 로펌의 원스톱 기반 기업법무 전문성 DB와 경남 시장 전문성 분석 플랫폼 페이지 접근 방법,탐색,어려움,동래,KO,15,1.000,"법무분야, 지역, USP, 링크"
191,개인정보보호법 기반 동남권 건설인프라 전문가 네트워크와 동래 로펌 협업 플랫폼 링크 정보,탐색,어려움,동래,KO,12,1.000,"법무분야, 지역, 법령, 링크"
192,글로벌 IPO 동향 반영한 동래 로펌 건설인프라 컨설팅 자료와 맞춤형 진단 툴 URL 제공,탐색,어려움,동래,KO,14,1.000,"법무분야, 링크"
193,판례 기반 법조단지 노동법무 전문가 네트워크와 동래 로펌 협업 플랫폼 웹사이트 정보,탐색,어려움,동래,KO,12,1.000,"법무분야, 지역, 법령, 링크"
194,영남권 부동산법무 통합 법무솔루션 관련 동래 법률사무소 AI 기반 서비스 베타 테스트 페이지 신청,탐색,어려움,동래,KO,14,1.000,"법무분야, 지역, 링크"
195,동남권 소송분쟁해결 통합 법무솔루션 관련 동래 법률사무소 AI 기반 서비스 베타 테스트 웹사이트 신청,탐색,어려움,동래,KO,14,1.000,"법무분야, 지역, 링크"
196,동래 로펌의 원스톱 기반 조세법무 전문성 DB와 부산 시장 전문성 분석 플랫폼 웹사이트 접근 방법,탐색,어려움,동래,KO,15,1.000,"법무분야, 지역, USP, 법령, 링크"
197,경상남도 기업법무 통합 법무솔루션 관련 동래 법률사무소 AI 기반 서비스 베타 테스트 다운로드 신청,탐색,어려움,동래,KO,14,1.000,"법무분야, 지역, 링크"
198,부산지방법원 지적재산권 통합 법무솔루션 관련 동래 법률사무소 AI 기반 서비스 베타 테스트 홈페이지 신청,탐색,어려움,동래,KO,14,1.000,"법무분야, 지역, 링크"
199,경상남도 의료헬스케어 통합 법무솔루션 관련 동래 법률사무소 AI 기반 서비스 베타 테스트 URL 신청,탐색,어려움,동래,KO,14,1.000,"법무분야, 지역, 링크"
200,창원 소송분쟁해결 통합 법무솔루션 관련 동래 법률사무소 AI 기반 서비스 베타 테스트 링크 신청,탐색,어려움,동래,KO,14,1.000,"법무분야, 지역, 링크"
201,기장군 노동법무 사건으로 동래 로펌에 전문성 상담받고 싶어요,거래,쉬움,동래,KO,8,0.950,"법무분야, 지역"
202,영남권 노동법무 사건 동래 법률사무소 전문성 문의드려요,거래,쉬움,동래,KO,7,0.850,"법무분야, 지역"
203,동래 법률사무소 의료헬스케어 전문팀 전문성 견적 요청,거래,쉬움,동래,KO,7,0.850,법무분야
204,동래 법률사무소 소송분쟁해결 전문팀 전문성 견적 요청,거래,쉬움,동래,KO,7,0.850,법무분야
205,건설인프라 관련 동래 법률사무소 영남권 최고 서비스 신청하고 싶어요,거래,쉬움,동래,KO,9,0.950,"법무분야, 지역, USP"
206,동래 법률사무소 금융법무 전문팀 전문성 견적 요청,거래,쉬움,동래,KO,7,0.850,법무분야
207,동래 법률사무소 지적재산권 전문팀 전문성 견적 요청,거래,쉬움,동래,KO,7,0.850,법무분야
208,부산 금융법무 사건 동래 법률사무소 전문성 문의드려요,거래,쉬움,동래,KO,7,0.850,"법무분야, 지역"
209,서면 의료헬스케어 사건 동래 법률사무소 전문성 문의드려요,거래,쉬움,동래,KO,7,0.850,"법무분야, 지역"
210,동래 법률사무소 환경 전문팀 전문성 견적 요청,거래,쉬움,동래,KO,7,0.850,법무분야
211,개인정보 관련 동래 법률사무소 부산 대표 로펌 서비스 신청하고 싶어요,거래,쉬움,동래,KO,10,0.950,"법무분야, 지역, USP"
212,지적재산권 관련 동래 법률사무소 법률 파트너 서비스 신청하고 싶어요,거래,쉬움,동래,KO,9,0.950,"법무분야, USP"
213,동래 법률사무소 계약법무 전문팀 전문성 견적 요청,거래,쉬움,동래,KO,7,0.850,법무분야
214,동래 로펌 개인정보 상담 전문성와 절차 알려주세요,거래,쉬움,동래,KO,7,0.850,법무분야
215,창원 계약법무 사건 동래 법률사무소 전문성 문의드려요,거래,쉬움,동래,KO,7,0.850,"법무분야, 지역"
216,부산시 IT통신 사건 동래 법률사무소 전문성 문의드려요,거래,쉬움,동래,KO,7,0.850,"법무분야, 지역"
217,소송분쟁해결 관련 동래 법률사무소 부산 대표 로펌 서비스 신청하고 싶어요,거래,쉬움,동래,KO,10,0.950,"법무분야, 지역, USP"
218,금융법무 관련 동래 법률사무소 전문가 그룹 서비스 신청하고 싶어요,거래,쉬움,동래,KO,9,0.950,"법무분야, USP"
219,지적재산권 관련 동래 법률사무소 영남권 최고 서비스 신청하고 싶어요,거래,쉬움,동래,KO,9,0.950,"법무분야, 지역, USP"
220,연제구 형사법무 사건 동래 법률사무소 전문성 문의드려요,거래,쉬움,동래,KO,7,0.850,"법무분야, 지역"
221,거제동 기업 대상 동래 법률사무소 소송분쟁해결 통합 서비스 전문성 제안 요청,거래,보통,동래,KO,11,0.950,"법무분야, 지역"
222,창원 건설인프라 사건 관련 동래 로펌의 법률 파트너 서비스와 전문성 패키지 상담,거래,보통,동래,KO,12,0.950,"법무분야, 지역, USP"
223,센텀시티 기업 대상 동래 법률사무소 조세법무 통합 서비스 전문성 제안 요청,거래,보통,동래,KO,11,0.950,"법무분야, 지역, 법령"
224,대법원 판례 기반 노동법무 사건에서 동래 로펌의 지역밀착 장점과 전문성 협의하고 싶어요,거래,보통,동래,KO,12,0.950,"법무분야, USP, 법령"
225,상법 기반 금융법무 사건에서 동래 로펌의 영남권 최고 장점과 전문성 협의하고 싶어요,거래,보통,동래,KO,12,0.950,"법무분야, 지역, USP, 법령"
226,수영구 노동법무 사건 관련 동래 로펌의 법률 파트너 서비스와 전문성 패키지 상담,거래,보통,동래,KO,12,0.950,"법무분야, 지역, USP"
227,동래 법률사무소 소송분쟁해결 분야 M&A 전문 자문과 전문성 계약 조건 문의,거래,보통,동래,KO,11,0.950,법무분야
228,법조단지 금융법무 사건 관련 동래 로펌의 원스톱 서비스와 전문성 패키지 상담,거래,보통,동래,KO,11,0.950,"법무분야, 지역, USP"
229,울산 기업 대상 동래 법률사무소 형사법무 통합 서비스 전문성 제안 요청,거래,보통,동래,KO,11,0.950,"법무분야, 지역"
230,동래 로펌 소송분쟁해결 전문가와 스타트업 관련 전문성 맞춤 상담 신청,거래,보통,동래,KO,10,0.950,법무분야
231,동래 로펌 IT통신 전문가와 스타트업 관련 전문성 맞춤 상담 신청,거래,보통,동래,KO,10,0.950,법무분야
232,노동관계법 기반 부동산법무 사건에서 동래 로펌의 Busan Legal First-Mover 장점과 전문성 협의하고 싶어요,거래,보통,동래,KO,13,0.950,"법무분야, USP, 법령"
233,동래 로펌 형사법무 전문가와 M&A 관련 전문성 맞춤 상담 신청,거래,보통,동래,KO,10,0.950,법무분야
234,조세법 기반 IT통신 사건에서 동래 로펌의 원스톱 장점과 전문성 협의하고 싶어요,거래,보통,동래,KO,11,0.950,"법무분야, USP, 법령"
235,영남권 기업 대상 동래 법률사무소 건설인프라 통합 서비스 전문성 제안 요청,거래,보통,동래,KO,11,0.950,"법무분야, 지역"
236,동래 로펌 부동산법무 전문가와 디지털전환 관련 전문성 맞춤 상담 신청,거래,보통,동래,KO,10,0.950,법무분야
237,부동산등기법 기반 건설인프라 사건에서 동래 로펌의 원스톱 장점과 전문성 협의하고 싶어요,거래,보통,동래,KO,11,0.950,"법무분야, USP, 법령"
238,센텀시티 기업 대상 동래 법률사무소 형사법무 통합 서비스 전문성 제안 요청,거래,보통,동래,KO,11,0.950,"법무분야, 지역"
239,조문 기반 지적재산권 사건에서 동래 로펌의 검증된 장점과 전문성 협의하고 싶어요,거래,보통,동래,KO,11,0.950,"법무분야, USP, 법령"
240,동래 로펌 노동법무 전문가와 스타트업 관련 전문성 맞춤 상담 신청,거래,보통,동래,KO,10,0.950,법무분야
241,동래 법률사무소 개인정보 분야 디지털전환 전문 자문과 전문성 계약 조건 문의,거래,보통,동래,KO,11,0.950,법무분야
242,조문 기반 소송분쟁해결 사건에서 동래 로펌의 원스톱 장점과 전문성 협의하고 싶어요,거래,보통,동래,KO,11,0.950,"법무분야, USP, 법령"
243,수영구 지적재산권 사건 관련 동래 로펌의 검증된 서비스와 전문성 패키지 상담,거래,보통,동래,KO,11,0.950,"법무분야, 지역, USP"
244,동래 로펌 지적재산권 전문가와 크로스보더 관련 전문성 맞춤 상담 신청,거래,보통,동래,KO,10,0.950,법무분야
245,동래 법률사무소 환경 분야 컴플라이언스 전문 자문과 전문성 계약 조건 문의,거래,보통,동래,KO,11,0.950,법무분야
246,노동관계법 기반 IT통신 사건에서 동래 로펌의 전문가 그룹 장점과 전문성 협의하고 싶어요,거래,보통,동래,KO,12,0.950,"법무분야, USP, 법령"
247,서면 기업 대상 동래 법률사무소 부동산법무 통합 서비스 전문성 제안 요청,거래,보통,동래,KO,11,0.950,"법무분야, 지역"
248,부산 개인정보 사건 관련 동래 로펌의 원스톱 서비스와 전문성 패키지 상담,거래,보통,동래,KO,11,0.950,"법무분야, 지역, USP"
249,서면 환경 사건 관련 동래 로펌의 지역밀착 서비스와 전문성 패키지 상담,거래,보통,동래,KO,11,0.950,"법무분야, 지역, USP"
250,동래 법률사무소 의료헬스케어 분야 디지털전환 전문 자문과 전문성 계약 조건 문의,거래,보통,동래,KO,11,0.950,법무분야
251,동래 법률사무소 지적재산권 분야 집단소송 전문 자문과 전문성 계약 조건 문의,거래,보통,동래,KO,11,0.950,법무분야
252,동래 법률사무소 건설인프라 분야 라이선스계약 전문 자문과 전문성 계약 조건 문의,거래,보통,동래,KO,11,0.950,법무분야
253,동래 법률사무소 부동산법무 분야 ESG 전문 자문과 전문성 계약 조건 문의,거래,보통,동래,KO,11,0.950,법무분야
254,동래 법률사무소 형사법무 분야 스타트업 전문 자문과 전문성 계약 조건 문의,거래,보통,동래,KO,11,0.950,법무분야
255,울산 소송분쟁해결 사건 관련 동래 로펌의 검증된 서비스와 전문성 패키지 상담,거래,보통,동래,KO,11,0.950,"법무분야, 지역, USP"
256,동래 법률사무소 소송분쟁해결 분야 디지털전환 전문 자문과 전문성 계약 조건 문의,거래,보통,동래,KO,11,0.950,법무분야
257,동래 로펌 개인정보 전문가와 M&A 관련 전문성 맞춤 상담 신청,거래,보통,동래,KO,10,0.950,법무분야
258,동래 법률사무소 노동법무 분야 디지털전환 전문 자문과 전문성 계약 조건 문의,거래,보통,동래,KO,11,0.950,법무분야
259,동래 로펌 환경 전문가와 크로스보더 관련 전문성 맞춤 상담 신청,거래,보통,동래,KO,10,0.950,법무분야
260,동래 로펌 개인정보 전문가와 ESG 관련 전문성 맞춤 상담 신청,거래,보통,동래,KO,10,0.950,법무분야
261,복합 AI법 프로젝트에서 동래 로펌의 법률 파트너 기반 금융법무 통합 자문과 영남권 특화 전문성 최적화 제안,거래,어려움,동래,KO,16,0.950,"법무분야, 지역, USP"
262,복합 M&A 프로젝트에서 동래 로펌의 합리적 수임료 기반 의료헬스케어 통합 자문과 부산시 특화 전문성 최적화 제안,거래,어려움,동래,KO,16,0.950,"법무분야, 지역, USP"
263,글로벌 데이터보호 환경에서 동래 로펌의 의료헬스케어 크로스보더 서비스와 전문가 그룹 기반 전문성 성과 연동 계약,거래,어려움,동래,KO,15,0.950,"법무분야, USP"
264,복합 M&A 프로젝트에서 동래 로펌의 전문가 그룹 기반 계약법무 통합 자문과 울산 특화 전문성 최적화 제안,거래,어려움,동래,KO,16,0.950,"법무분야, 지역, USP"
265,복합 국제중재 프로젝트에서 동래 로펌의 30년 업력 기반 환경 통합 자문과 센텀시티 특화 전문성 최적화 제안,거래,어려움,동래,KO,16,0.950,"법무분야, 지역, USP"
266,"동래 로펌의 30년 업력 혁신과 계약법무 디지털 전환 컨설팅, 법조단지 허브 전문성 전략 파트너십 논의",거래,어려움,동래,KO,15,0.950,"법무분야, 지역, USP"
267,개인정보보호법 전문성을 활용한 동래 법률사무소의 건설인프라 혁신 솔루션과 기장군 시장 전문성 전략 컨설팅 의뢰,거래,어려움,동래,KO,14,0.950,"법무분야, 지역, 법령"
268,창원 메가 IT통신 프로젝트 관련 동래 법률사무소 원스톱 법무와 컴플라이언스 통합 전문성 솔루션 제안서,거래,어려움,동래,KO,14,0.950,"법무분야, 지역, USP"
269,글로벌 국제중재 환경에서 동래 로펌의 조세법무 크로스보더 서비스와 법률 파트너 기반 전문성 성과 연동 계약,거래,어려움,동래,KO,15,0.950,"법무분야, USP, 법령"
270,상법 전문성을 활용한 동래 법률사무소의 부동산법무 혁신 솔루션과 서면 시장 전문성 전략 컨설팅 의뢰,거래,어려움,동래,KO,14,0.950,"법무분야, 지역, 법령"
271,경상남도 메가 의료헬스케어 프로젝트 관련 동래 법률사무소 원스톱 법무와 데이터보호 통합 전문성 솔루션 제안서,거래,어려움,동래,KO,14,0.950,"법무분야, 지역, USP"
272,복합 벤처투자 프로젝트에서 동래 로펌의 합리적 수임료 기반 노동법무 통합 자문과 센텀시티 특화 전문성 최적화 제안,거래,어려움,동래,KO,16,0.950,"법무분야, 지역, USP"
273,부동산등기법 전문성을 활용한 동래 법률사무소의 의료헬스케어 혁신 솔루션과 기장군 시장 전문성 전략 컨설팅 의뢰,거래,어려움,동래,KO,14,0.950,"법무분야, 지역, 법령"
274,법조단지 메가 기업법무 프로젝트 관련 동래 법률사무소 원스톱 법무와 IPO 통합 전문성 솔루션 제안서,거래,어려움,동래,KO,14,0.950,"법무분야, 지역, USP"
275,복합 크로스보더 프로젝트에서 동래 로펌의 전문 노하우 기반 금융법무 통합 자문과 서면 특화 전문성 최적화 제안,거래,어려움,동래,KO,16,0.950,"법무분야, 지역, USP"
276,조세법 전문성을 활용한 동래 법률사무소의 금융법무 혁신 솔루션과 경상남도 시장 전문성 전략 컨설팅 의뢰,거래,어려움,동래,KO,14,0.950,"법무분야, 지역, 법령"
277,글로벌 M&A 환경에서 동래 로펌의 건설인프라 크로스보더 서비스와 부산 대표 로펌 기반 전문성 성과 연동 계약,거래,어려움,동래,KO,16,0.950,"법무분야, 지역, USP"
278,글로벌 IPO 환경에서 동래 로펌의 금융법무 크로스보더 서비스와 영남권 최고 기반 전문성 성과 연동 계약,거래,어려움,동래,KO,15,0.950,"법무분야, 지역, USP"
279,"동래 로펌의 법률 파트너 혁신과 개인정보 디지털 전환 컨설팅, 수영구 허브 전문성 전략 파트너십 논의",거래,어려움,동래,KO,15,0.950,"법무분야, 지역, USP"
280,글로벌 디지털전환 환경에서 동래 로펌의 형사법무 크로스보더 서비스와 부산 대표 로펌 기반 전문성 성과 연동 계약,거래,어려움,동래,KO,16,0.950,"법무분야, 지역, USP"
281,글로벌 IPO 환경에서 동래 로펌의 의료헬스케어 크로스보더 서비스와 검증된 기반 전문성 성과 연동 계약,거래,어려움,동래,KO,14,0.950,"법무분야, USP"
282,"동래 로펌의 법률 파트너 혁신과 조세법무 디지털 전환 컨설팅, 부산시 허브 전문성 전략 파트너십 논의",거래,어려움,동래,KO,15,0.950,"법무분야, 지역, USP, 법령"
283,"동래 로펌의 영남권 최고 혁신과 개인정보 디지털 전환 컨설팅, 경상남도 허브 전문성 전략 파트너십 논의",거래,어려움,동래,KO,15,0.950,"법무분야, 지역, USP"
284,"동래 로펌의 검증된 혁신과 의료헬스케어 디지털 전환 컨설팅, 동남권 허브 전문성 전략 파트너십 논의",거래,어려움,동래,KO,14,0.950,"법무분야, 지역, USP"
285,글로벌 집단소송 환경에서 동래 로펌의 지적재산권 크로스보더 서비스와 지역밀착 기반 전문성 성과 연동 계약,거래,어려움,동래,KO,14,0.950,"법무분야, USP"
286,"동래 로펌의 전문 노하우 혁신과 소송분쟁해결 디지털 전환 컨설팅, 부산시 허브 전문성 전략 파트너십 논의",거래,어려움,동래,KO,15,0.950,"법무분야, 지역, USP"
287,해운대 메가 개인정보 프로젝트 관련 동래 법률사무소 원스톱 법무와 M&A 통합 전문성 솔루션 제안서,거래,어려움,동래,KO,14,0.950,"법무분야, 지역, USP"
288,"동래 로펌의 신뢰할 수 있는 혁신과 개인정보 디지털 전환 컨설팅, 울산 허브 전문성 전략 파트너십 논의",거래,어려움,동래,KO,16,0.950,"법무분야, 지역, USP"
289,복합 기업지배구조 프로젝트에서 동래 로펌의 신뢰할 수 있는 기반 기업법무 통합 자문과 기장군 특화 전문성 최적화 제안,거래,어려움,동래,KO,17,0.950,"법무분야, 지역, USP"
290,"동래 로펌의 합리적 수임료 혁신과 소송분쟁해결 디지털 전환 컨설팅, 부산 허브 전문성 전략 파트너십 논의",거래,어려움,동래,KO,15,0.950,"법무분야, 지역, USP"
291,부동산등기법 전문성을 활용한 동래 법률사무소의 개인정보 혁신 솔루션과 부산 시장 전문성 전략 컨설팅 의뢰,거래,어려움,동래,KO,14,0.950,"법무분야, 지역, 법령"
292,개인정보보호법 전문성을 활용한 동래 법률사무소의 기업법무 혁신 솔루션과 영남권 시장 전문성 전략 컨설팅 의뢰,거래,어려움,동래,KO,14,0.950,"법무분야, 지역, 법령"
293,글로벌 기업설립 환경에서 동래 로펌의 기업법무 크로스보더 서비스와 원스톱 기반 전문성 성과 연동 계약,거래,어려움,동래,KO,14,0.950,"법무분야, USP"
294,글로벌 집단소송 환경에서 동래 로펌의 기업법무 크로스보더 서비스와 검증된 기반 전문성 성과 연동 계약,거래,어려움,동래,KO,14,0.950,"법무분야, USP"
295,특허법 전문성을 활용한 동래 법률사무소의 IT통신 혁신 솔루션과 양산시 시장 전문성 전략 컨설팅 의뢰,거래,어려움,동래,KO,14,0.950,"법무분야, 지역, 법령"
296,양산시 메가 계약법무 프로젝트 관련 동래 법률사무소 원스톱 법무와 ESG 통합 전문성 솔루션 제안서,거래,어려움,동래,KO,14,0.950,"법무분야, 지역, USP"
297,기장군 메가 노동법무 프로젝트 관련 동래 법률사무소 원스톱 법무와 AI법 통합 전문성 솔루션 제안서,거래,어려움,동래,KO,14,0.950,"법무분야, 지역, USP"
298,"동래 로펌의 법률 파트너 혁신과 부동산법무 디지털 전환 컨설팅, 창원 허브 전문성 전략 파트너십 논의",거래,어려움,동래,KO,15,0.950,"법무분야, 지역, USP"
299,판례 전문성을 활용한 동래 법률사무소의 형사법무 혁신 솔루션과 서면 시장 전문성 전략 컨설팅 의뢰,거래,어려움,동래,KO,14,0.950,"법무분야, 지역, 법령"
300,특허법 전문성을 활용한 동래 법률사무소의 환경 혁신 솔루션과 기장군 시장 전문성 전략 컨설팅 의뢰,거래,어려움,동래,KO,14,0.950,"법무분야, 지역, 법령"
