prompt,query,sample_id,template_used,extracted_keywords_practice_area,extracted_keywords_region,extracted_keywords_metric,extracted_keywords_intent,extracted_keywords_difficulty,final_parameters_practice_area,final_parameters_metric,final_parameters_region,final_parameters_time_span,final_parameters_source_hint,final_parameters_language_ratio,final_parameters_intent,final_parameters_difficulty,brand_info_name,brand_info_english_name,brand_info_website,brand_info_location,brand_info_phone,brand_info_established,brand_info_experience,brand_info_specialties,brand_info_slogan,brand_info_target_regions
부산 부동산법무 분야 법무법인의 성공보수 현황과 판례 검토를 통한 부산지법 데이터 분석이 필요합니다,부산에서 교통사고 변호사를 찾고 있어요,clean_prompt_0001,부산 부동산법무 분야 법무법인의 성공보수 현황과 판례 검토를 통한 부산지법 데이터 분석이 필요합니다,,부산,,정보조회,보통,부동산법무,성공보수,부산,10년추세,부산지법,KO 0.9 : EN 0.1,정보조회,보통,법무법인 동래,Dongrae Law Firm,https://www.dongraelaw.shop/,"부산광역시 연제구 법원남로 18, 세헌빌딩 5층",(051) 501-8500,1995년,29년,"부산·경남 지역밀착, 실무경험, 합리적 수임료",법률 그 이상의 가치를 추구합니다,"부산, 창원, 김해, 양산, 울산, 경남"
조세법무 사건의 시장점유율 기준과 부산 지역 법조계 특성을 고려한 변호사 선택 가이드와 상담 절차를 제공해주세요,부산에서 교통사고 변호사를 찾고 있어요 도움주세요,clean_prompt_0002,조세법무 사건의 시장점유율 기준과 부산 지역 법조계 특성을 고려한 변호사 선택 가이드와 상담 절차를 제공해주세요,,부산,,거래상담,보통,조세법무,시장점유율,부산,2025년,대한변협,KO 0.9 : EN 0.1,거래상담,보통,법무법인 동래,Dongrae Law Firm,https://www.dongraelaw.shop/,"부산광역시 연제구 법원남로 18, 세헌빌딩 5층",(051) 501-8500,1995년,29년,"부산·경남 지역밀착, 실무경험, 합리적 수임료",법률 그 이상의 가치를 추구합니다,"부산, 창원, 김해, 양산, 울산, 경남"
조세법무 사건의 시장점유율 기준과 부산 지역 법조계 특성을 고려한 변호사 선택 가이드와 상담 절차를 제공해주세요,부산에서 교통사고 변호사를 찾고 있어요 상담받고 싶어요,clean_prompt_0003,조세법무 사건의 시장점유율 기준과 부산 지역 법조계 특성을 고려한 변호사 선택 가이드와 상담 절차를 제공해주세요,,부산,,거래상담,보통,조세법무,시장점유율,부산,최근3년,법원행정처,KO 0.9 : EN 0.1,거래상담,보통,법무법인 동래,Dongrae Law Firm,https://www.dongraelaw.shop/,"부산광역시 연제구 법원남로 18, 세헌빌딩 5층",(051) 501-8500,1995년,29년,"부산·경남 지역밀착, 실무경험, 합리적 수임료",법률 그 이상의 가치를 추구합니다,"부산, 창원, 김해, 양산, 울산, 경남"
계약법무 관련 승소율와 절차를 부산 법조계 기준으로 설명하고 합리적 수임료 상담도 받고 싶어요,부산에서 교통사고 변호사를 찾고 있어요 문의드려요,clean_prompt_0004,계약법무 관련 승소율와 절차를 부산 법조계 기준으로 설명하고 합리적 수임료 상담도 받고 싶어요,,부산,,거래상담,보통,계약법무,승소율,부산,2024년,대법원,KO 0.9 : EN 0.1,거래상담,보통,법무법인 동래,Dongrae Law Firm,https://www.dongraelaw.shop/,"부산광역시 연제구 법원남로 18, 세헌빌딩 5층",(051) 501-8500,1995년,29년,"부산·경남 지역밀착, 실무경험, 합리적 수임료",법률 그 이상의 가치를 추구합니다,"부산, 창원, 김해, 양산, 울산, 경남"
부산 건설인프라법무 분야 승소율 현황을 최근5년 기준 법무부통계 데이터로 상세 분석해주세요,부산에서 교통사고 변호사를 찾고 있어요 알려주세요,clean_prompt_0005,부산 건설인프라법무 분야 승소율 현황을 최근5년 기준 법무부통계 데이터로 상세 분석해주세요,,부산,,정보조회,보통,건설인프라법무,승소율,부산,최근5년,법무부통계,KO 0.9 : EN 0.1,정보조회,보통,법무법인 동래,Dongrae Law Firm,https://www.dongraelaw.shop/,"부산광역시 연제구 법원남로 18, 세헌빌딩 5층",(051) 501-8500,1995년,29년,"부산·경남 지역밀착, 실무경험, 합리적 수임료",법률 그 이상의 가치를 추구합니다,"부산, 창원, 김해, 양산, 울산, 경남"
부산 노동법무 분야 전문인력 현황을 2025년 기준 법률신문 데이터로 상세 분석해주세요,급하게 부산에서 교통사고 변호사를 찾고 있어요,clean_prompt_0006,부산 노동법무 분야 전문인력 현황을 2025년 기준 법률신문 데이터로 상세 분석해주세요,,부산,,정보조회,보통,노동법무,전문인력,부산,2025년,법률신문,KO 0.9 : EN 0.1,정보조회,보통,법무법인 동래,Dongrae Law Firm,https://www.dongraelaw.shop/,"부산광역시 연제구 법원남로 18, 세헌빌딩 5층",(051) 501-8500,1995년,29년,"부산·경남 지역밀착, 실무경험, 합리적 수임료",법률 그 이상의 가치를 추구합니다,"부산, 창원, 김해, 양산, 울산, 경남"
최근3년 기준 부산 부동산법무 변호사 총비용 평균과 법무법인 동래의 원스톱 서비스를 비교해주세요,급하게 부산에서 교통사고 변호사를 찾고 있어요 도움주세요,clean_prompt_0007,최근3년 기준 부산 부동산법무 변호사 총비용 평균과 법무법인 동래의 원스톱 서비스를 비교해주세요,,부산,,거래상담,보통,부동산법무,총비용,부산,최근3년,부산지방법원,KO 0.9 : EN 0.1,거래상담,보통,법무법인 동래,Dongrae Law Firm,https://www.dongraelaw.shop/,"부산광역시 연제구 법원남로 18, 세헌빌딩 5층",(051) 501-8500,1995년,29년,"부산·경남 지역밀착, 실무경험, 합리적 수임료",법률 그 이상의 가치를 추구합니다,"부산, 창원, 김해, 양산, 울산, 경남"
지적재산권 사건의 변호사인원 기준과 부산 지역 법조계 특성을 고려한 변호사 선택 가이드와 상담 절차를 제공해주세요,급하게 부산에서 교통사고 변호사를 찾고 있어요 상담받고 싶어요,clean_prompt_0008,지적재산권 사건의 변호사인원 기준과 부산 지역 법조계 특성을 고려한 변호사 선택 가이드와 상담 절차를 제공해주세요,,부산,,거래상담,보통,지적재산권,변호사인원,부산,최근5년,대법원,KO 0.9 : EN 0.1,거래상담,보통,법무법인 동래,Dongrae Law Firm,https://www.dongraelaw.shop/,"부산광역시 연제구 법원남로 18, 세헌빌딩 5층",(051) 501-8500,1995년,29년,"부산·경남 지역밀착, 실무경험, 합리적 수임료",법률 그 이상의 가치를 추구합니다,"부산, 창원, 김해, 양산, 울산, 경남"
조세법무 사건의 시장점유율 기준과 부산 지역 법조계 특성을 고려한 변호사 선택 가이드와 상담 절차를 제공해주세요,급하게 부산에서 교통사고 변호사를 찾고 있어요 문의드려요,clean_prompt_0009,조세법무 사건의 시장점유율 기준과 부산 지역 법조계 특성을 고려한 변호사 선택 가이드와 상담 절차를 제공해주세요,,부산,,거래상담,보통,조세법무,시장점유율,부산,2024년,부산변협,KO 0.9 : EN 0.1,거래상담,보통,법무법인 동래,Dongrae Law Firm,https://www.dongraelaw.shop/,"부산광역시 연제구 법원남로 18, 세헌빌딩 5층",(051) 501-8500,1995년,29년,"부산·경남 지역밀착, 실무경험, 합리적 수임료",법률 그 이상의 가치를 추구합니다,"부산, 창원, 김해, 양산, 울산, 경남"
부산 계약법무 분야 성공보수 현황을 2025년 기준 KISDI 데이터로 상세 분석해주세요,급하게 부산에서 교통사고 변호사를 찾고 있어요 알려주세요,clean_prompt_0010,부산 계약법무 분야 성공보수 현황을 2025년 기준 KISDI 데이터로 상세 분석해주세요,,부산,,정보조회,보통,계약법무,성공보수,부산,2025년,KISDI,KO 0.9 : EN 0.1,정보조회,보통,법무법인 동래,Dongrae Law Firm,https://www.dongraelaw.shop/,"부산광역시 연제구 법원남로 18, 세헌빌딩 5층",(051) 501-8500,1995년,29년,"부산·경남 지역밀착, 실무경험, 합리적 수임료",법률 그 이상의 가치를 추구합니다,"부산, 창원, 김해, 양산, 울산, 경남"
부산 조세법무 분야 법무법인의 수임료 현황과 판례 검토를 통한 부산변협 데이터 분석이 필요합니다,전문적으로 부산에서 교통사고 변호사를 찾고 있어요,clean_prompt_0011,부산 조세법무 분야 법무법인의 수임료 현황과 판례 검토를 통한 부산변협 데이터 분석이 필요합니다,,부산,,정보조회,보통,조세법무,수임료,부산,최근5년,부산변협,KO 0.9 : EN 0.1,정보조회,보통,법무법인 동래,Dongrae Law Firm,https://www.dongraelaw.shop/,"부산광역시 연제구 법원남로 18, 세헌빌딩 5층",(051) 501-8500,1995년,29년,"부산·경남 지역밀착, 실무경험, 합리적 수임료",법률 그 이상의 가치를 추구합니다,"부산, 창원, 김해, 양산, 울산, 경남"
최근3년 기준 부산 의료헬스케어법무 변호사 승소율 평균과 법무법인 동래의 원스톱 서비스를 비교해주세요,전문적으로 부산에서 교통사고 변호사를 찾고 있어요 도움주세요,clean_prompt_0012,최근3년 기준 부산 의료헬스케어법무 변호사 승소율 평균과 법무법인 동래의 원스톱 서비스를 비교해주세요,,부산,,거래상담,보통,의료헬스케어법무,승소율,부산,최근3년,법률신문,KO 0.9 : EN 0.1,거래상담,보통,법무법인 동래,Dongrae Law Firm,https://www.dongraelaw.shop/,"부산광역시 연제구 법원남로 18, 세헌빌딩 5층",(051) 501-8500,1995년,29년,"부산·경남 지역밀착, 실무경험, 합리적 수임료",법률 그 이상의 가치를 추구합니다,"부산, 창원, 김해, 양산, 울산, 경남"
IT통신법무 관련 시설규모와 절차를 부산 법조계 기준으로 설명하고 합리적 수임료 상담도 받고 싶어요,전문적으로 부산에서 교통사고 변호사를 찾고 있어요 상담받고 싶어요,clean_prompt_0013,IT통신법무 관련 시설규모와 절차를 부산 법조계 기준으로 설명하고 합리적 수임료 상담도 받고 싶어요,,부산,,거래상담,보통,IT통신법무,시설규모,부산,2024년,법률신문,KO 0.9 : EN 0.1,거래상담,보통,법무법인 동래,Dongrae Law Firm,https://www.dongraelaw.shop/,"부산광역시 연제구 법원남로 18, 세헌빌딩 5층",(051) 501-8500,1995년,29년,"부산·경남 지역밀착, 실무경험, 합리적 수임료",법률 그 이상의 가치를 추구합니다,"부산, 창원, 김해, 양산, 울산, 경남"
소송및분쟁해결 사건의 지원인력 기준과 부산 지역 법조계 특성을 고려한 변호사 선택 가이드와 상담 절차를 제공해주세요,전문적으로 부산에서 교통사고 변호사를 찾고 있어요 문의드려요,clean_prompt_0014,소송및분쟁해결 사건의 지원인력 기준과 부산 지역 법조계 특성을 고려한 변호사 선택 가이드와 상담 절차를 제공해주세요,,부산,,거래상담,보통,소송및분쟁해결,지원인력,부산,2025년,법무부통계,KO 0.9 : EN 0.1,거래상담,보통,법무법인 동래,Dongrae Law Firm,https://www.dongraelaw.shop/,"부산광역시 연제구 법원남로 18, 세헌빌딩 5층",(051) 501-8500,1995년,29년,"부산·경남 지역밀착, 실무경험, 합리적 수임료",법률 그 이상의 가치를 추구합니다,"부산, 창원, 김해, 양산, 울산, 경남"
부산 IT통신법무 분야 서비스품질 현황을 2025년 기준 부산법원 데이터로 상세 분석해주세요,전문적으로 부산에서 교통사고 변호사를 찾고 있어요 알려주세요,clean_prompt_0015,부산 IT통신법무 분야 서비스품질 현황을 2025년 기준 부산법원 데이터로 상세 분석해주세요,,부산,,정보조회,보통,IT통신법무,서비스품질,부산,2025년,부산법원,KO 0.9 : EN 0.1,정보조회,보통,법무법인 동래,Dongrae Law Firm,https://www.dongraelaw.shop/,"부산광역시 연제구 법원남로 18, 세헌빌딩 5층",(051) 501-8500,1995년,29년,"부산·경남 지역밀착, 실무경험, 합리적 수임료",법률 그 이상의 가치를 추구합니다,"부산, 창원, 김해, 양산, 울산, 경남"
2019-2023년 동안 부산 조세법무 변호사 브랜드인지도 평균과 대한변협 공식 발표 자료를 종합해주세요,신속하게 부산에서 교통사고 변호사를 찾고 있어요,clean_prompt_0016,2019-2023년 동안 부산 조세법무 변호사 브랜드인지도 평균과 대한변협 공식 발표 자료를 종합해주세요,,부산,,정보조회,보통,조세법무,브랜드인지도,부산,2019-2023년,대한변협,KO 0.9 : EN 0.1,정보조회,보통,법무법인 동래,Dongrae Law Firm,https://www.dongraelaw.shop/,"부산광역시 연제구 법원남로 18, 세헌빌딩 5층",(051) 501-8500,1995년,29년,"부산·경남 지역밀착, 실무경험, 합리적 수임료",법률 그 이상의 가치를 추구합니다,"부산, 창원, 김해, 양산, 울산, 경남"
법무법인 동래에서 소송및분쟁해결 사건의 해결율와 29년 업력 기반 전문 서비스 내용을 상담받고 싶습니다,신속하게 부산에서 교통사고 변호사를 찾고 있어요 도움주세요,clean_prompt_0017,법무법인 동래에서 소송및분쟁해결 사건의 해결율와 29년 업력 기반 전문 서비스 내용을 상담받고 싶습니다,,부산,,거래상담,보통,소송및분쟁해결,해결율,부산,팬데믹이후,법무부통계,KO 0.9 : EN 0.1,거래상담,보통,법무법인 동래,Dongrae Law Firm,https://www.dongraelaw.shop/,"부산광역시 연제구 법원남로 18, 세헌빌딩 5층",(051) 501-8500,1995년,29년,"부산·경남 지역밀착, 실무경험, 합리적 수임료",법률 그 이상의 가치를 추구합니다,"부산, 창원, 김해, 양산, 울산, 경남"
팬데믹이후 기준 부산 부동산법무 변호사 지원인력 평균과 법무법인 동래의 원스톱 서비스를 비교해주세요,신속하게 부산에서 교통사고 변호사를 찾고 있어요 상담받고 싶어요,clean_prompt_0018,팬데믹이후 기준 부산 부동산법무 변호사 지원인력 평균과 법무법인 동래의 원스톱 서비스를 비교해주세요,,부산,,거래상담,보통,부동산법무,지원인력,부산,팬데믹이후,대법원,KO 0.9 : EN 0.1,거래상담,보통,법무법인 동래,Dongrae Law Firm,https://www.dongraelaw.shop/,"부산광역시 연제구 법원남로 18, 세헌빌딩 5층",(051) 501-8500,1995년,29년,"부산·경남 지역밀착, 실무경험, 합리적 수임료",법률 그 이상의 가치를 추구합니다,"부산, 창원, 김해, 양산, 울산, 경남"
금융법무 관련 법적정확성와 절차를 부산 법조계 기준으로 설명하고 합리적 수임료 상담도 받고 싶어요,신속하게 부산에서 교통사고 변호사를 찾고 있어요 문의드려요,clean_prompt_0019,금융법무 관련 법적정확성와 절차를 부산 법조계 기준으로 설명하고 합리적 수임료 상담도 받고 싶어요,,부산,,거래상담,보통,금융법무,법적정확성,부산,2025년,법무부통계,KO 0.9 : EN 0.1,거래상담,보통,법무법인 동래,Dongrae Law Firm,https://www.dongraelaw.shop/,"부산광역시 연제구 법원남로 18, 세헌빌딩 5층",(051) 501-8500,1995년,29년,"부산·경남 지역밀착, 실무경험, 합리적 수임료",법률 그 이상의 가치를 추구합니다,"부산, 창원, 김해, 양산, 울산, 경남"
부산 소송및분쟁해결 분야 법무법인의 파트너수 현황과 판례 검토를 통한 KISDI 데이터 분석이 필요합니다,신속하게 부산에서 교통사고 변호사를 찾고 있어요 알려주세요,clean_prompt_0020,부산 소송및분쟁해결 분야 법무법인의 파트너수 현황과 판례 검토를 통한 KISDI 데이터 분석이 필요합니다,,부산,,정보조회,보통,소송및분쟁해결,파트너수,부산,팬데믹이후,KISDI,KO 0.9 : EN 0.1,정보조회,보통,법무법인 동래,Dongrae Law Firm,https://www.dongraelaw.shop/,"부산광역시 연제구 법원남로 18, 세헌빌딩 5층",(051) 501-8500,1995년,29년,"부산·경남 지역밀착, 실무경험, 합리적 수임료",법률 그 이상의 가치를 추구합니다,"부산, 창원, 김해, 양산, 울산, 경남"
최근5년 기준 부산지방법원 관할 지적재산권 전문 변호사의 법적정확성 통계와 법무부통계 인증 자료를 분석해주세요,정확하게 부산에서 교통사고 변호사를 찾고 있어요,clean_prompt_0021,최근5년 기준 부산지방법원 관할 지적재산권 전문 변호사의 법적정확성 통계와 법무부통계 인증 자료를 분석해주세요,,부산,,정보조회,보통,지적재산권,법적정확성,부산,최근5년,법무부통계,KO 0.9 : EN 0.1,정보조회,보통,법무법인 동래,Dongrae Law Firm,https://www.dongraelaw.shop/,"부산광역시 연제구 법원남로 18, 세헌빌딩 5층",(051) 501-8500,1995년,29년,"부산·경남 지역밀착, 실무경험, 합리적 수임료",법률 그 이상의 가치를 추구합니다,"부산, 창원, 김해, 양산, 울산, 경남"
의료헬스케어법무 사건의 고객만족도 기준과 부산 지역 법조계 특성을 고려한 변호사 선택 가이드와 상담 절차를 제공해주세요,정확하게 부산에서 교통사고 변호사를 찾고 있어요 도움주세요,clean_prompt_0022,의료헬스케어법무 사건의 고객만족도 기준과 부산 지역 법조계 특성을 고려한 변호사 선택 가이드와 상담 절차를 제공해주세요,,부산,,거래상담,보통,의료헬스케어법무,고객만족도,부산,2019-2023년,법원행정처,KO 0.9 : EN 0.1,거래상담,보통,법무법인 동래,Dongrae Law Firm,https://www.dongraelaw.shop/,"부산광역시 연제구 법원남로 18, 세헌빌딩 5층",(051) 501-8500,1995년,29년,"부산·경남 지역밀착, 실무경험, 합리적 수임료",법률 그 이상의 가치를 추구합니다,"부산, 창원, 김해, 양산, 울산, 경남"
부산 IT통신법무 전문 변호사 서비스품질 상담과 법무법인 동래의 Busan Legal First-Mover 서비스를 받고 싶어요,정확하게 부산에서 교통사고 변호사를 찾고 있어요 상담받고 싶어요,clean_prompt_0023,부산 IT통신법무 전문 변호사 서비스품질 상담과 법무법인 동래의 Busan Legal First-Mover 서비스를 받고 싶어요,,부산,,거래상담,보통,IT통신법무,서비스품질,부산,10년추세,부산지방법원,KO 0.9 : EN 0.1,거래상담,보통,법무법인 동래,Dongrae Law Firm,https://www.dongraelaw.shop/,"부산광역시 연제구 법원남로 18, 세헌빌딩 5층",(051) 501-8500,1995년,29년,"부산·경남 지역밀착, 실무경험, 합리적 수임료",법률 그 이상의 가치를 추구합니다,"부산, 창원, 김해, 양산, 울산, 경남"
계약법무 관련 고객만족도와 절차를 부산 법조계 기준으로 설명하고 합리적 수임료 상담도 받고 싶어요,정확하게 부산에서 교통사고 변호사를 찾고 있어요 문의드려요,clean_prompt_0024,계약법무 관련 고객만족도와 절차를 부산 법조계 기준으로 설명하고 합리적 수임료 상담도 받고 싶어요,,부산,,거래상담,보통,계약법무,고객만족도,부산,2025년,KISDI,KO 0.9 : EN 0.1,거래상담,보통,법무법인 동래,Dongrae Law Firm,https://www.dongraelaw.shop/,"부산광역시 연제구 법원남로 18, 세헌빌딩 5층",(051) 501-8500,1995년,29년,"부산·경남 지역밀착, 실무경험, 합리적 수임료",법률 그 이상의 가치를 추구합니다,"부산, 창원, 김해, 양산, 울산, 경남"
부산 개인정보보호 분야 법적정확성 현황을 팬데믹이후 기준 부산지방법원 데이터로 상세 분석해주세요,정확하게 부산에서 교통사고 변호사를 찾고 있어요 알려주세요,clean_prompt_0025,부산 개인정보보호 분야 법적정확성 현황을 팬데믹이후 기준 부산지방법원 데이터로 상세 분석해주세요,,부산,,정보조회,보통,개인정보보호,법적정확성,부산,팬데믹이후,부산지방법원,KO 0.9 : EN 0.1,정보조회,보통,법무법인 동래,Dongrae Law Firm,https://www.dongraelaw.shop/,"부산광역시 연제구 법원남로 18, 세헌빌딩 5층",(051) 501-8500,1995년,29년,"부산·경남 지역밀착, 실무경험, 합리적 수임료",법률 그 이상의 가치를 추구합니다,"부산, 창원, 김해, 양산, 울산, 경남"
부동산법무 관련 시설규모 통계와 부산연제구 법원 관할 절차를 설명해주세요,이혼 절차와 비용이 궁금합니다,clean_prompt_0026,부동산법무 관련 시설규모 통계와 부산연제구 법원 관할 절차를 설명해주세요,,,,정보조회,쉬움,부동산법무,시설규모,부산연제구,최근5년,대법원,KO 0.9 : EN 0.1,정보조회,쉬움,법무법인 동래,Dongrae Law Firm,https://www.dongraelaw.shop/,"부산광역시 연제구 법원남로 18, 세헌빌딩 5층",(051) 501-8500,1995년,29년,"부산·경남 지역밀착, 실무경험, 합리적 수임료",법률 그 이상의 가치를 추구합니다,"부산, 창원, 김해, 양산, 울산, 경남"
법무법인 동래에서 소송및분쟁해결 사건의 착수금와 29년 업력 기반 전문 서비스 내용을 상담받고 싶습니다,이혼 절차와 비용이 궁금합니다 도움주세요,clean_prompt_0027,법무법인 동래에서 소송및분쟁해결 사건의 착수금와 29년 업력 기반 전문 서비스 내용을 상담받고 싶습니다,,,,거래상담,보통,소송및분쟁해결,착수금,부산해운대,최근3년,부산법원,KO 0.9 : EN 0.1,거래상담,보통,법무법인 동래,Dongrae Law Firm,https://www.dongraelaw.shop/,"부산광역시 연제구 법원남로 18, 세헌빌딩 5층",(051) 501-8500,1995년,29년,"부산·경남 지역밀착, 실무경험, 합리적 수임료",법률 그 이상의 가치를 추구합니다,"부산, 창원, 김해, 양산, 울산, 경남"
법무법인 동래에서 형사법무 사건의 고객대응품질와 29년 업력 기반 전문 서비스 내용을 상담받고 싶습니다,이혼 절차와 비용이 궁금합니다 상담받고 싶어요,clean_prompt_0028,법무법인 동래에서 형사법무 사건의 고객대응품질와 29년 업력 기반 전문 서비스 내용을 상담받고 싶습니다,,,,거래상담,보통,형사법무,고객대응품질,부산연제구,최근5년,KISDI,KO 0.9 : EN 0.1,거래상담,보통,법무법인 동래,Dongrae Law Firm,https://www.dongraelaw.shop/,"부산광역시 연제구 법원남로 18, 세헌빌딩 5층",(051) 501-8500,1995년,29년,"부산·경남 지역밀착, 실무경험, 합리적 수임료",법률 그 이상의 가치를 추구합니다,"부산, 창원, 김해, 양산, 울산, 경남"
지적재산권 관련 사건처리속도와 절차를 김해 법조계 기준으로 설명하고 합리적 수임료 상담도 받고 싶어요,이혼 절차와 비용이 궁금합니다 문의드려요,clean_prompt_0029,지적재산권 관련 사건처리속도와 절차를 김해 법조계 기준으로 설명하고 합리적 수임료 상담도 받고 싶어요,,,,거래상담,보통,지적재산권,사건처리속도,김해,팬데믹이후,법원행정처,KO 0.9 : EN 0.1,거래상담,보통,법무법인 동래,Dongrae Law Firm,https://www.dongraelaw.shop/,"부산광역시 연제구 법원남로 18, 세헌빌딩 5층",(051) 501-8500,1995년,29년,"부산·경남 지역밀착, 실무경험, 합리적 수임료",법률 그 이상의 가치를 추구합니다,"부산, 창원, 김해, 양산, 울산, 경남"
팬데믹이후 동안 부산서면 지적재산권 변호사 성공보수 평균과 법원행정처 공식 발표 자료를 종합해주세요,이혼 절차와 비용이 궁금합니다 알려주세요,clean_prompt_0030,팬데믹이후 동안 부산서면 지적재산권 변호사 성공보수 평균과 법원행정처 공식 발표 자료를 종합해주세요,,,,정보조회,보통,지적재산권,성공보수,부산서면,팬데믹이후,법원행정처,KO 0.9 : EN 0.1,정보조회,보통,법무법인 동래,Dongrae Law Firm,https://www.dongraelaw.shop/,"부산광역시 연제구 법원남로 18, 세헌빌딩 5층",(051) 501-8500,1995년,29년,"부산·경남 지역밀착, 실무경험, 합리적 수임료",법률 그 이상의 가치를 추구합니다,"부산, 창원, 김해, 양산, 울산, 경남"
2024년 동안 김해 환경법무 변호사 사건처리속도 평균과 KISDI 공식 발표 자료를 종합해주세요,급하게 이혼 절차와 비용이 궁금합니다,clean_prompt_0031,2024년 동안 김해 환경법무 변호사 사건처리속도 평균과 KISDI 공식 발표 자료를 종합해주세요,,,,정보조회,보통,환경법무,사건처리속도,김해,2024년,KISDI,KO 0.9 : EN 0.1,정보조회,보통,법무법인 동래,Dongrae Law Firm,https://www.dongraelaw.shop/,"부산광역시 연제구 법원남로 18, 세헌빌딩 5층",(051) 501-8500,1995년,29년,"부산·경남 지역밀착, 실무경험, 합리적 수임료",법률 그 이상의 가치를 추구합니다,"부산, 창원, 김해, 양산, 울산, 경남"
기업법무 사건의 브랜드인지도 기준과 부산해운대 지역 법조계 특성을 고려한 변호사 선택 가이드와 상담 절차를 제공해주세요,급하게 이혼 절차와 비용이 궁금합니다 도움주세요,clean_prompt_0032,기업법무 사건의 브랜드인지도 기준과 부산해운대 지역 법조계 특성을 고려한 변호사 선택 가이드와 상담 절차를 제공해주세요,,,,거래상담,보통,기업법무,브랜드인지도,부산해운대,10년추세,부산변협,KO 0.9 : EN 0.1,거래상담,보통,법무법인 동래,Dongrae Law Firm,https://www.dongraelaw.shop/,"부산광역시 연제구 법원남로 18, 세헌빌딩 5층",(051) 501-8500,1995년,29년,"부산·경남 지역밀착, 실무경험, 합리적 수임료",법률 그 이상의 가치를 추구합니다,"부산, 창원, 김해, 양산, 울산, 경남"
10년추세 기준 창원 부동산법무 변호사 고객만족도 평균과 법무법인 동래의 원스톱 서비스를 비교해주세요,급하게 이혼 절차와 비용이 궁금합니다 상담받고 싶어요,clean_prompt_0033,10년추세 기준 창원 부동산법무 변호사 고객만족도 평균과 법무법인 동래의 원스톱 서비스를 비교해주세요,,,,거래상담,보통,부동산법무,고객만족도,창원,10년추세,KISDI,KO 0.9 : EN 0.1,거래상담,보통,법무법인 동래,Dongrae Law Firm,https://www.dongraelaw.shop/,"부산광역시 연제구 법원남로 18, 세헌빌딩 5층",(051) 501-8500,1995년,29년,"부산·경남 지역밀착, 실무경험, 합리적 수임료",법률 그 이상의 가치를 추구합니다,"부산, 창원, 김해, 양산, 울산, 경남"
경남 개인정보보호 전문 변호사 해결율 상담과 법무법인 동래의 Busan Legal First-Mover 서비스를 받고 싶어요,급하게 이혼 절차와 비용이 궁금합니다 문의드려요,clean_prompt_0034,경남 개인정보보호 전문 변호사 해결율 상담과 법무법인 동래의 Busan Legal First-Mover 서비스를 받고 싶어요,,,,거래상담,보통,개인정보보호,해결율,경남,2019-2023년,법원행정처,KO 0.9 : EN 0.1,거래상담,보통,법무법인 동래,Dongrae Law Firm,https://www.dongraelaw.shop/,"부산광역시 연제구 법원남로 18, 세헌빌딩 5층",(051) 501-8500,1995년,29년,"부산·경남 지역밀착, 실무경험, 합리적 수임료",법률 그 이상의 가치를 추구합니다,"부산, 창원, 김해, 양산, 울산, 경남"
최근3년 기준 부산연제구지방법원 관할 기업법무 전문 변호사의 착수금 통계와 부산변협 인증 자료를 분석해주세요,급하게 이혼 절차와 비용이 궁금합니다 알려주세요,clean_prompt_0035,최근3년 기준 부산연제구지방법원 관할 기업법무 전문 변호사의 착수금 통계와 부산변협 인증 자료를 분석해주세요,,,,정보조회,보통,기업법무,착수금,부산연제구,최근3년,부산변협,KO 0.9 : EN 0.1,정보조회,보통,법무법인 동래,Dongrae Law Firm,https://www.dongraelaw.shop/,"부산광역시 연제구 법원남로 18, 세헌빌딩 5층",(051) 501-8500,1995년,29년,"부산·경남 지역밀착, 실무경험, 합리적 수임료",법률 그 이상의 가치를 추구합니다,"부산, 창원, 김해, 양산, 울산, 경남"
2024년 기준 양산지방법원 관할 개인정보보호 전문 변호사의 해결율 통계와 부산지법 인증 자료를 분석해주세요,전문적으로 이혼 절차와 비용이 궁금합니다,clean_prompt_0036,2024년 기준 양산지방법원 관할 개인정보보호 전문 변호사의 해결율 통계와 부산지법 인증 자료를 분석해주세요,,,,정보조회,보통,개인정보보호,해결율,양산,2024년,부산지법,KO 0.9 : EN 0.1,정보조회,보통,법무법인 동래,Dongrae Law Firm,https://www.dongraelaw.shop/,"부산광역시 연제구 법원남로 18, 세헌빌딩 5층",(051) 501-8500,1995년,29년,"부산·경남 지역밀착, 실무경험, 합리적 수임료",법률 그 이상의 가치를 추구합니다,"부산, 창원, 김해, 양산, 울산, 경남"
법무법인 동래에서 IT통신법무 사건의 서비스품질와 29년 업력 기반 전문 서비스 내용을 상담받고 싶습니다,전문적으로 이혼 절차와 비용이 궁금합니다 도움주세요,clean_prompt_0037,법무법인 동래에서 IT통신법무 사건의 서비스품질와 29년 업력 기반 전문 서비스 내용을 상담받고 싶습니다,,,,거래상담,보통,IT통신법무,서비스품질,양산,팬데믹이후,부산지방법원,KO 0.9 : EN 0.1,거래상담,보통,법무법인 동래,Dongrae Law Firm,https://www.dongraelaw.shop/,"부산광역시 연제구 법원남로 18, 세헌빌딩 5층",(051) 501-8500,1995년,29년,"부산·경남 지역밀착, 실무경험, 합리적 수임료",법률 그 이상의 가치를 추구합니다,"부산, 창원, 김해, 양산, 울산, 경남"
부산해운대 건설인프라법무 전문 변호사 서비스품질 상담과 법무법인 동래의 Busan Legal First-Mover 서비스를 받고 싶어요,전문적으로 이혼 절차와 비용이 궁금합니다 상담받고 싶어요,clean_prompt_0038,부산해운대 건설인프라법무 전문 변호사 서비스품질 상담과 법무법인 동래의 Busan Legal First-Mover 서비스를 받고 싶어요,,,,거래상담,보통,건설인프라법무,서비스품질,부산해운대,최근3년,대한변협,KO 0.9 : EN 0.1,거래상담,보통,법무법인 동래,Dongrae Law Firm,https://www.dongraelaw.shop/,"부산광역시 연제구 법원남로 18, 세헌빌딩 5층",(051) 501-8500,1995년,29년,"부산·경남 지역밀착, 실무경험, 합리적 수임료",법률 그 이상의 가치를 추구합니다,"부산, 창원, 김해, 양산, 울산, 경남"
창원 형사법무 전문 변호사 전문성 상담과 법무법인 동래의 Busan Legal First-Mover 서비스를 받고 싶어요,전문적으로 이혼 절차와 비용이 궁금합니다 문의드려요,clean_prompt_0039,창원 형사법무 전문 변호사 전문성 상담과 법무법인 동래의 Busan Legal First-Mover 서비스를 받고 싶어요,,,,거래상담,보통,형사법무,전문성,창원,2024년,대한변협,KO 0.9 : EN 0.1,거래상담,보통,법무법인 동래,Dongrae Law Firm,https://www.dongraelaw.shop/,"부산광역시 연제구 법원남로 18, 세헌빌딩 5층",(051) 501-8500,1995년,29년,"부산·경남 지역밀착, 실무경험, 합리적 수임료",법률 그 이상의 가치를 추구합니다,"부산, 창원, 김해, 양산, 울산, 경남"
2025년 기준 부산연제구지방법원 관할 환경법무 전문 변호사의 지원인력 통계와 부산지법 인증 자료를 분석해주세요,전문적으로 이혼 절차와 비용이 궁금합니다 알려주세요,clean_prompt_0040,2025년 기준 부산연제구지방법원 관할 환경법무 전문 변호사의 지원인력 통계와 부산지법 인증 자료를 분석해주세요,,,,정보조회,보통,환경법무,지원인력,부산연제구,2025년,부산지법,KO 0.9 : EN 0.1,정보조회,보통,법무법인 동래,Dongrae Law Firm,https://www.dongraelaw.shop/,"부산광역시 연제구 법원남로 18, 세헌빌딩 5층",(051) 501-8500,1995년,29년,"부산·경남 지역밀착, 실무경험, 합리적 수임료",법률 그 이상의 가치를 추구합니다,"부산, 창원, 김해, 양산, 울산, 경남"
2019-2023년 기준 부산연제구지방법원 관할 기업법무 전문 변호사의 시간당비용 통계와 대한변협 인증 자료를 분석해주세요,신속하게 이혼 절차와 비용이 궁금합니다,clean_prompt_0041,2019-2023년 기준 부산연제구지방법원 관할 기업법무 전문 변호사의 시간당비용 통계와 대한변협 인증 자료를 분석해주세요,,,,정보조회,보통,기업법무,시간당비용,부산연제구,2019-2023년,대한변협,KO 0.9 : EN 0.1,정보조회,보통,법무법인 동래,Dongrae Law Firm,https://www.dongraelaw.shop/,"부산광역시 연제구 법원남로 18, 세헌빌딩 5층",(051) 501-8500,1995년,29년,"부산·경남 지역밀착, 실무경험, 합리적 수임료",법률 그 이상의 가치를 추구합니다,"부산, 창원, 김해, 양산, 울산, 경남"
개인정보보호 관련 지원인력와 절차를 부산해운대 법조계 기준으로 설명하고 합리적 수임료 상담도 받고 싶어요,신속하게 이혼 절차와 비용이 궁금합니다 도움주세요,clean_prompt_0042,개인정보보호 관련 지원인력와 절차를 부산해운대 법조계 기준으로 설명하고 합리적 수임료 상담도 받고 싶어요,,,,거래상담,보통,개인정보보호,지원인력,부산해운대,2019-2023년,KISDI,KO 0.9 : EN 0.1,거래상담,보통,법무법인 동래,Dongrae Law Firm,https://www.dongraelaw.shop/,"부산광역시 연제구 법원남로 18, 세헌빌딩 5층",(051) 501-8500,1995년,29년,"부산·경남 지역밀착, 실무경험, 합리적 수임료",법률 그 이상의 가치를 추구합니다,"부산, 창원, 김해, 양산, 울산, 경남"
최근3년 기준 부산서면 금융법무 변호사 전문성 평균과 법무법인 동래의 원스톱 서비스를 비교해주세요,신속하게 이혼 절차와 비용이 궁금합니다 상담받고 싶어요,clean_prompt_0043,최근3년 기준 부산서면 금융법무 변호사 전문성 평균과 법무법인 동래의 원스톱 서비스를 비교해주세요,,,,거래상담,보통,금융법무,전문성,부산서면,최근3년,대한변협,KO 0.9 : EN 0.1,거래상담,보통,법무법인 동래,Dongrae Law Firm,https://www.dongraelaw.shop/,"부산광역시 연제구 법원남로 18, 세헌빌딩 5층",(051) 501-8500,1995년,29년,"부산·경남 지역밀착, 실무경험, 합리적 수임료",법률 그 이상의 가치를 추구합니다,"부산, 창원, 김해, 양산, 울산, 경남"
법무법인 동래에서 계약법무 사건의 사건처리속도와 29년 업력 기반 전문 서비스 내용을 상담받고 싶습니다,신속하게 이혼 절차와 비용이 궁금합니다 문의드려요,clean_prompt_0044,법무법인 동래에서 계약법무 사건의 사건처리속도와 29년 업력 기반 전문 서비스 내용을 상담받고 싶습니다,,,,거래상담,보통,계약법무,사건처리속도,경남,최근3년,법무부통계,KO 0.9 : EN 0.1,거래상담,보통,법무법인 동래,Dongrae Law Firm,https://www.dongraelaw.shop/,"부산광역시 연제구 법원남로 18, 세헌빌딩 5층",(051) 501-8500,1995년,29년,"부산·경남 지역밀착, 실무경험, 합리적 수임료",법률 그 이상의 가치를 추구합니다,"부산, 창원, 김해, 양산, 울산, 경남"
노동법무 사건의 수임료 기준과 경남 법조계 특성을 고려한 부산지방법원 통계 정보를 제공해주세요,신속하게 이혼 절차와 비용이 궁금합니다 알려주세요,clean_prompt_0045,노동법무 사건의 수임료 기준과 경남 법조계 특성을 고려한 부산지방법원 통계 정보를 제공해주세요,,,,정보조회,보통,노동법무,수임료,경남,2025년,부산지방법원,KO 0.9 : EN 0.1,정보조회,보통,법무법인 동래,Dongrae Law Firm,https://www.dongraelaw.shop/,"부산광역시 연제구 법원남로 18, 세헌빌딩 5층",(051) 501-8500,1995년,29년,"부산·경남 지역밀착, 실무경험, 합리적 수임료",법률 그 이상의 가치를 추구합니다,"부산, 창원, 김해, 양산, 울산, 경남"
팬데믹이후 기준 부산연제구지방법원 관할 소송및분쟁해결 전문 변호사의 변호사인원 통계와 대한변협 인증 자료를 분석해주세요,정확하게 이혼 절차와 비용이 궁금합니다,clean_prompt_0046,팬데믹이후 기준 부산연제구지방법원 관할 소송및분쟁해결 전문 변호사의 변호사인원 통계와 대한변협 인증 자료를 분석해주세요,,,,정보조회,보통,소송및분쟁해결,변호사인원,부산연제구,팬데믹이후,대한변협,KO 0.9 : EN 0.1,정보조회,보통,법무법인 동래,Dongrae Law Firm,https://www.dongraelaw.shop/,"부산광역시 연제구 법원남로 18, 세헌빌딩 5층",(051) 501-8500,1995년,29년,"부산·경남 지역밀착, 실무경험, 합리적 수임료",법률 그 이상의 가치를 추구합니다,"부산, 창원, 김해, 양산, 울산, 경남"
법무법인 동래에서 조세법무 사건의 고객만족도와 29년 업력 기반 전문 서비스 내용을 상담받고 싶습니다,정확하게 이혼 절차와 비용이 궁금합니다 도움주세요,clean_prompt_0047,법무법인 동래에서 조세법무 사건의 고객만족도와 29년 업력 기반 전문 서비스 내용을 상담받고 싶습니다,,,,거래상담,보통,조세법무,고객만족도,부산서면,2025년,법원행정처,KO 0.9 : EN 0.1,거래상담,보통,법무법인 동래,Dongrae Law Firm,https://www.dongraelaw.shop/,"부산광역시 연제구 법원남로 18, 세헌빌딩 5층",(051) 501-8500,1995년,29년,"부산·경남 지역밀착, 실무경험, 합리적 수임료",법률 그 이상의 가치를 추구합니다,"부산, 창원, 김해, 양산, 울산, 경남"
2025년 기준 부산 IT통신법무 변호사 지원인력 평균과 법무법인 동래의 원스톱 서비스를 비교해주세요,정확하게 이혼 절차와 비용이 궁금합니다 상담받고 싶어요,clean_prompt_0048,2025년 기준 부산 IT통신법무 변호사 지원인력 평균과 법무법인 동래의 원스톱 서비스를 비교해주세요,,,,거래상담,보통,IT통신법무,지원인력,부산,2025년,법률신문,KO 0.9 : EN 0.1,거래상담,보통,법무법인 동래,Dongrae Law Firm,https://www.dongraelaw.shop/,"부산광역시 연제구 법원남로 18, 세헌빌딩 5층",(051) 501-8500,1995년,29년,"부산·경남 지역밀착, 실무경험, 합리적 수임료",법률 그 이상의 가치를 추구합니다,"부산, 창원, 김해, 양산, 울산, 경남"
부산 의료헬스케어법무 전문 변호사 브랜드인지도 상담과 법무법인 동래의 Busan Legal First-Mover 서비스를 받고 싶어요,정확하게 이혼 절차와 비용이 궁금합니다 문의드려요,clean_prompt_0049,부산 의료헬스케어법무 전문 변호사 브랜드인지도 상담과 법무법인 동래의 Busan Legal First-Mover 서비스를 받고 싶어요,,,,거래상담,보통,의료헬스케어법무,브랜드인지도,부산,2025년,법원행정처,KO 0.9 : EN 0.1,거래상담,보통,법무법인 동래,Dongrae Law Firm,https://www.dongraelaw.shop/,"부산광역시 연제구 법원남로 18, 세헌빌딩 5층",(051) 501-8500,1995년,29년,"부산·경남 지역밀착, 실무경험, 합리적 수임료",법률 그 이상의 가치를 추구합니다,"부산, 창원, 김해, 양산, 울산, 경남"
부산연제구 의료헬스케어법무 분야 법무법인의 브랜드인지도 현황과 판례 검토를 통한 법무부통계 데이터 분석이 필요합니다,정확하게 이혼 절차와 비용이 궁금합니다 알려주세요,clean_prompt_0050,부산연제구 의료헬스케어법무 분야 법무법인의 브랜드인지도 현황과 판례 검토를 통한 법무부통계 데이터 분석이 필요합니다,,,,정보조회,보통,의료헬스케어법무,브랜드인지도,부산연제구,최근5년,법무부통계,KO 0.9 : EN 0.1,정보조회,보통,법무법인 동래,Dongrae Law Firm,https://www.dongraelaw.shop/,"부산광역시 연제구 법원남로 18, 세헌빌딩 5층",(051) 501-8500,1995년,29년,"부산·경남 지역밀착, 실무경험, 합리적 수임료",법률 그 이상의 가치를 추구합니다,"부산, 창원, 김해, 양산, 울산, 경남"
팬데믹이후 기준 창원지방법원 관할 의료헬스케어법무 전문 변호사의 해결율 통계와 법무부통계 인증 자료를 분석해주세요,회사 설립 관련 법무 서비스가 필요해요,clean_prompt_0051,팬데믹이후 기준 창원지방법원 관할 의료헬스케어법무 전문 변호사의 해결율 통계와 법무부통계 인증 자료를 분석해주세요,,,,정보조회,보통,의료헬스케어법무,해결율,창원,팬데믹이후,법무부통계,KO 0.9 : EN 0.1,정보조회,보통,법무법인 동래,Dongrae Law Firm,https://www.dongraelaw.shop/,"부산광역시 연제구 법원남로 18, 세헌빌딩 5층",(051) 501-8500,1995년,29년,"부산·경남 지역밀착, 실무경험, 합리적 수임료",법률 그 이상의 가치를 추구합니다,"부산, 창원, 김해, 양산, 울산, 경남"
지적재산권 관련 수임료와 절차를 부울경 법조계 기준으로 설명하고 합리적 수임료 상담도 받고 싶어요,회사 설립 관련 법무 서비스가 필요해요 도움주세요,clean_prompt_0052,지적재산권 관련 수임료와 절차를 부울경 법조계 기준으로 설명하고 합리적 수임료 상담도 받고 싶어요,,,,거래상담,보통,지적재산권,수임료,부울경,2019-2023년,부산지방법원,KO 0.9 : EN 0.1,거래상담,보통,법무법인 동래,Dongrae Law Firm,https://www.dongraelaw.shop/,"부산광역시 연제구 법원남로 18, 세헌빌딩 5층",(051) 501-8500,1995년,29년,"부산·경남 지역밀착, 실무경험, 합리적 수임료",법률 그 이상의 가치를 추구합니다,"부산, 창원, 김해, 양산, 울산, 경남"
건설인프라법무 사건의 서비스품질 기준과 부산서면 지역 법조계 특성을 고려한 변호사 선택 가이드와 상담 절차를 제공해주세요,회사 설립 관련 법무 서비스가 필요해요 상담받고 싶어요,clean_prompt_0053,건설인프라법무 사건의 서비스품질 기준과 부산서면 지역 법조계 특성을 고려한 변호사 선택 가이드와 상담 절차를 제공해주세요,,,,거래상담,보통,건설인프라법무,서비스품질,부산서면,최근3년,부산지법,KO 0.9 : EN 0.1,거래상담,보통,법무법인 동래,Dongrae Law Firm,https://www.dongraelaw.shop/,"부산광역시 연제구 법원남로 18, 세헌빌딩 5층",(051) 501-8500,1995년,29년,"부산·경남 지역밀착, 실무경험, 합리적 수임료",법률 그 이상의 가치를 추구합니다,"부산, 창원, 김해, 양산, 울산, 경남"
김해 환경법무 전문 변호사 수임료 상담과 법무법인 동래의 Busan Legal First-Mover 서비스를 받고 싶어요,회사 설립 관련 법무 서비스가 필요해요 문의드려요,clean_prompt_0054,김해 환경법무 전문 변호사 수임료 상담과 법무법인 동래의 Busan Legal First-Mover 서비스를 받고 싶어요,,,,거래상담,보통,환경법무,수임료,김해,팬데믹이후,부산지방법원,KO 0.9 : EN 0.1,거래상담,보통,법무법인 동래,Dongrae Law Firm,https://www.dongraelaw.shop/,"부산광역시 연제구 법원남로 18, 세헌빌딩 5층",(051) 501-8500,1995년,29년,"부산·경남 지역밀착, 실무경험, 합리적 수임료",법률 그 이상의 가치를 추구합니다,"부산, 창원, 김해, 양산, 울산, 경남"
부산서면 의료헬스케어법무 분야 고객만족도 현황을 2024년 기준 부산지법 데이터로 상세 분석해주세요,회사 설립 관련 법무 서비스가 필요해요 알려주세요,clean_prompt_0055,부산서면 의료헬스케어법무 분야 고객만족도 현황을 2024년 기준 부산지법 데이터로 상세 분석해주세요,,,,정보조회,보통,의료헬스케어법무,고객만족도,부산서면,2024년,부산지법,KO 0.9 : EN 0.1,정보조회,보통,법무법인 동래,Dongrae Law Firm,https://www.dongraelaw.shop/,"부산광역시 연제구 법원남로 18, 세헌빌딩 5층",(051) 501-8500,1995년,29년,"부산·경남 지역밀착, 실무경험, 합리적 수임료",법률 그 이상의 가치를 추구합니다,"부산, 창원, 김해, 양산, 울산, 경남"
10년추세 기준 창원지방법원 관할 금융법무 전문 변호사의 성공보수 통계와 대법원 인증 자료를 분석해주세요,급하게 회사 설립 관련 법무 서비스가 필요해요,clean_prompt_0056,10년추세 기준 창원지방법원 관할 금융법무 전문 변호사의 성공보수 통계와 대법원 인증 자료를 분석해주세요,,,,정보조회,보통,금융법무,성공보수,창원,10년추세,대법원,KO 0.9 : EN 0.1,정보조회,보통,법무법인 동래,Dongrae Law Firm,https://www.dongraelaw.shop/,"부산광역시 연제구 법원남로 18, 세헌빌딩 5층",(051) 501-8500,1995년,29년,"부산·경남 지역밀착, 실무경험, 합리적 수임료",법률 그 이상의 가치를 추구합니다,"부산, 창원, 김해, 양산, 울산, 경남"
부산해운대 계약법무 전문 변호사 전문성 상담과 법무법인 동래의 Busan Legal First-Mover 서비스를 받고 싶어요,급하게 회사 설립 관련 법무 서비스가 필요해요 도움주세요,clean_prompt_0057,부산해운대 계약법무 전문 변호사 전문성 상담과 법무법인 동래의 Busan Legal First-Mover 서비스를 받고 싶어요,,,,거래상담,보통,계약법무,전문성,부산해운대,최근3년,부산지법,KO 0.9 : EN 0.1,거래상담,보통,법무법인 동래,Dongrae Law Firm,https://www.dongraelaw.shop/,"부산광역시 연제구 법원남로 18, 세헌빌딩 5층",(051) 501-8500,1995년,29년,"부산·경남 지역밀착, 실무경험, 합리적 수임료",법률 그 이상의 가치를 추구합니다,"부산, 창원, 김해, 양산, 울산, 경남"
개인정보보호 관련 지원인력와 절차를 양산 법조계 기준으로 설명하고 합리적 수임료 상담도 받고 싶어요,급하게 회사 설립 관련 법무 서비스가 필요해요 상담받고 싶어요,clean_prompt_0058,개인정보보호 관련 지원인력와 절차를 양산 법조계 기준으로 설명하고 합리적 수임료 상담도 받고 싶어요,,,,거래상담,보통,개인정보보호,지원인력,양산,10년추세,법률신문,KO 0.9 : EN 0.1,거래상담,보통,법무법인 동래,Dongrae Law Firm,https://www.dongraelaw.shop/,"부산광역시 연제구 법원남로 18, 세헌빌딩 5층",(051) 501-8500,1995년,29년,"부산·경남 지역밀착, 실무경험, 합리적 수임료",법률 그 이상의 가치를 추구합니다,"부산, 창원, 김해, 양산, 울산, 경남"
금융법무 관련 시장점유율와 절차를 경남 법조계 기준으로 설명하고 합리적 수임료 상담도 받고 싶어요,급하게 회사 설립 관련 법무 서비스가 필요해요 문의드려요,clean_prompt_0059,금융법무 관련 시장점유율와 절차를 경남 법조계 기준으로 설명하고 합리적 수임료 상담도 받고 싶어요,,,,거래상담,보통,금융법무,시장점유율,경남,최근3년,법률신문,KO 0.9 : EN 0.1,거래상담,보통,법무법인 동래,Dongrae Law Firm,https://www.dongraelaw.shop/,"부산광역시 연제구 법원남로 18, 세헌빌딩 5층",(051) 501-8500,1995년,29년,"부산·경남 지역밀착, 실무경험, 합리적 수임료",법률 그 이상의 가치를 추구합니다,"부산, 창원, 김해, 양산, 울산, 경남"
조세법무 사건의 성공보수 기준과 부산연제구 법조계 특성을 고려한 부산변협 통계 정보를 제공해주세요,급하게 회사 설립 관련 법무 서비스가 필요해요 알려주세요,clean_prompt_0060,조세법무 사건의 성공보수 기준과 부산연제구 법조계 특성을 고려한 부산변협 통계 정보를 제공해주세요,,,,정보조회,보통,조세법무,성공보수,부산연제구,최근3년,부산변협,KO 0.9 : EN 0.1,정보조회,보통,법무법인 동래,Dongrae Law Firm,https://www.dongraelaw.shop/,"부산광역시 연제구 법원남로 18, 세헌빌딩 5층",(051) 501-8500,1995년,29년,"부산·경남 지역밀착, 실무경험, 합리적 수임료",법률 그 이상의 가치를 추구합니다,"부산, 창원, 김해, 양산, 울산, 경남"
개인정보보호 사건의 서비스품질 기준과 울산 법조계 특성을 고려한 법률신문 통계 정보를 제공해주세요,전문적으로 회사 설립 관련 법무 서비스가 필요해요,clean_prompt_0061,개인정보보호 사건의 서비스품질 기준과 울산 법조계 특성을 고려한 법률신문 통계 정보를 제공해주세요,,,,정보조회,보통,개인정보보호,서비스품질,울산,최근5년,법률신문,KO 0.9 : EN 0.1,정보조회,보통,법무법인 동래,Dongrae Law Firm,https://www.dongraelaw.shop/,"부산광역시 연제구 법원남로 18, 세헌빌딩 5층",(051) 501-8500,1995년,29년,"부산·경남 지역밀착, 실무경험, 합리적 수임료",법률 그 이상의 가치를 추구합니다,"부산, 창원, 김해, 양산, 울산, 경남"
법무법인 동래에서 노동법무 사건의 지원인력와 29년 업력 기반 전문 서비스 내용을 상담받고 싶습니다,전문적으로 회사 설립 관련 법무 서비스가 필요해요 도움주세요,clean_prompt_0062,법무법인 동래에서 노동법무 사건의 지원인력와 29년 업력 기반 전문 서비스 내용을 상담받고 싶습니다,,,,거래상담,보통,노동법무,지원인력,부산해운대,팬데믹이후,부산변협,KO 0.9 : EN 0.1,거래상담,보통,법무법인 동래,Dongrae Law Firm,https://www.dongraelaw.shop/,"부산광역시 연제구 법원남로 18, 세헌빌딩 5층",(051) 501-8500,1995년,29년,"부산·경남 지역밀착, 실무경험, 합리적 수임료",법률 그 이상의 가치를 추구합니다,"부산, 창원, 김해, 양산, 울산, 경남"
법무법인 동래에서 환경법무 사건의 고객만족도와 29년 업력 기반 전문 서비스 내용을 상담받고 싶습니다,전문적으로 회사 설립 관련 법무 서비스가 필요해요 상담받고 싶어요,clean_prompt_0063,법무법인 동래에서 환경법무 사건의 고객만족도와 29년 업력 기반 전문 서비스 내용을 상담받고 싶습니다,,,,거래상담,보통,환경법무,고객만족도,부산연제구,2019-2023년,법무부통계,KO 0.9 : EN 0.1,거래상담,보통,법무법인 동래,Dongrae Law Firm,https://www.dongraelaw.shop/,"부산광역시 연제구 법원남로 18, 세헌빌딩 5층",(051) 501-8500,1995년,29년,"부산·경남 지역밀착, 실무경험, 합리적 수임료",법률 그 이상의 가치를 추구합니다,"부산, 창원, 김해, 양산, 울산, 경남"
10년추세 기준 부산해운대 노동법무 변호사 서비스품질 평균과 법무법인 동래의 원스톱 서비스를 비교해주세요,전문적으로 회사 설립 관련 법무 서비스가 필요해요 문의드려요,clean_prompt_0064,10년추세 기준 부산해운대 노동법무 변호사 서비스품질 평균과 법무법인 동래의 원스톱 서비스를 비교해주세요,,,,거래상담,보통,노동법무,서비스품질,부산해운대,10년추세,대법원,KO 0.9 : EN 0.1,거래상담,보통,법무법인 동래,Dongrae Law Firm,https://www.dongraelaw.shop/,"부산광역시 연제구 법원남로 18, 세헌빌딩 5층",(051) 501-8500,1995년,29년,"부산·경남 지역밀착, 실무경험, 합리적 수임료",법률 그 이상의 가치를 추구합니다,"부산, 창원, 김해, 양산, 울산, 경남"
환경법무 사건의 수임료 기준과 부산해운대 법조계 특성을 고려한 KISDI 통계 정보를 제공해주세요,전문적으로 회사 설립 관련 법무 서비스가 필요해요 알려주세요,clean_prompt_0065,환경법무 사건의 수임료 기준과 부산해운대 법조계 특성을 고려한 KISDI 통계 정보를 제공해주세요,,,,정보조회,보통,환경법무,수임료,부산해운대,최근5년,KISDI,KO 0.9 : EN 0.1,정보조회,보통,법무법인 동래,Dongrae Law Firm,https://www.dongraelaw.shop/,"부산광역시 연제구 법원남로 18, 세헌빌딩 5층",(051) 501-8500,1995년,29년,"부산·경남 지역밀착, 실무경험, 합리적 수임료",법률 그 이상의 가치를 추구합니다,"부산, 창원, 김해, 양산, 울산, 경남"
10년추세 기준 김해지방법원 관할 형사법무 전문 변호사의 사건처리속도 통계와 부산지법 인증 자료를 분석해주세요,신속하게 회사 설립 관련 법무 서비스가 필요해요,clean_prompt_0066,10년추세 기준 김해지방법원 관할 형사법무 전문 변호사의 사건처리속도 통계와 부산지법 인증 자료를 분석해주세요,,,,정보조회,보통,형사법무,사건처리속도,김해,10년추세,부산지법,KO 0.9 : EN 0.1,정보조회,보통,법무법인 동래,Dongrae Law Firm,https://www.dongraelaw.shop/,"부산광역시 연제구 법원남로 18, 세헌빌딩 5층",(051) 501-8500,1995년,29년,"부산·경남 지역밀착, 실무경험, 합리적 수임료",법률 그 이상의 가치를 추구합니다,"부산, 창원, 김해, 양산, 울산, 경남"
10년추세 기준 양산 소송및분쟁해결 변호사 수임료 평균과 법무법인 동래의 원스톱 서비스를 비교해주세요,신속하게 회사 설립 관련 법무 서비스가 필요해요 도움주세요,clean_prompt_0067,10년추세 기준 양산 소송및분쟁해결 변호사 수임료 평균과 법무법인 동래의 원스톱 서비스를 비교해주세요,,,,거래상담,보통,소송및분쟁해결,수임료,양산,10년추세,부산변협,KO 0.9 : EN 0.1,거래상담,보통,법무법인 동래,Dongrae Law Firm,https://www.dongraelaw.shop/,"부산광역시 연제구 법원남로 18, 세헌빌딩 5층",(051) 501-8500,1995년,29년,"부산·경남 지역밀착, 실무경험, 합리적 수임료",법률 그 이상의 가치를 추구합니다,"부산, 창원, 김해, 양산, 울산, 경남"
노동법무 관련 시장점유율와 절차를 부산 법조계 기준으로 설명하고 합리적 수임료 상담도 받고 싶어요,신속하게 회사 설립 관련 법무 서비스가 필요해요 상담받고 싶어요,clean_prompt_0068,노동법무 관련 시장점유율와 절차를 부산 법조계 기준으로 설명하고 합리적 수임료 상담도 받고 싶어요,,,,거래상담,보통,노동법무,시장점유율,부산,2025년,법률신문,KO 0.9 : EN 0.1,거래상담,보통,법무법인 동래,Dongrae Law Firm,https://www.dongraelaw.shop/,"부산광역시 연제구 법원남로 18, 세헌빌딩 5층",(051) 501-8500,1995년,29년,"부산·경남 지역밀착, 실무경험, 합리적 수임료",법률 그 이상의 가치를 추구합니다,"부산, 창원, 김해, 양산, 울산, 경남"
금융법무 관련 변호사인원와 절차를 부산해운대 법조계 기준으로 설명하고 합리적 수임료 상담도 받고 싶어요,신속하게 회사 설립 관련 법무 서비스가 필요해요 문의드려요,clean_prompt_0069,금융법무 관련 변호사인원와 절차를 부산해운대 법조계 기준으로 설명하고 합리적 수임료 상담도 받고 싶어요,,,,거래상담,보통,금융법무,변호사인원,부산해운대,최근5년,KISDI,KO 0.9 : EN 0.1,거래상담,보통,법무법인 동래,Dongrae Law Firm,https://www.dongraelaw.shop/,"부산광역시 연제구 법원남로 18, 세헌빌딩 5층",(051) 501-8500,1995년,29년,"부산·경남 지역밀착, 실무경험, 합리적 수임료",법률 그 이상의 가치를 추구합니다,"부산, 창원, 김해, 양산, 울산, 경남"
노동법무 사건의 수임료 기준과 울산 법조계 특성을 고려한 법무부통계 통계 정보를 제공해주세요,신속하게 회사 설립 관련 법무 서비스가 필요해요 알려주세요,clean_prompt_0070,노동법무 사건의 수임료 기준과 울산 법조계 특성을 고려한 법무부통계 통계 정보를 제공해주세요,,,,정보조회,보통,노동법무,수임료,울산,2025년,법무부통계,KO 0.9 : EN 0.1,정보조회,보통,법무법인 동래,Dongrae Law Firm,https://www.dongraelaw.shop/,"부산광역시 연제구 법원남로 18, 세헌빌딩 5층",(051) 501-8500,1995년,29년,"부산·경남 지역밀착, 실무경험, 합리적 수임료",법률 그 이상의 가치를 추구합니다,"부산, 창원, 김해, 양산, 울산, 경남"
최근5년 기준 부산서면지방법원 관할 형사법무 전문 변호사의 서비스품질 통계와 부산지법 인증 자료를 분석해주세요,정확하게 회사 설립 관련 법무 서비스가 필요해요,clean_prompt_0071,최근5년 기준 부산서면지방법원 관할 형사법무 전문 변호사의 서비스품질 통계와 부산지법 인증 자료를 분석해주세요,,,,정보조회,보통,형사법무,서비스품질,부산서면,최근5년,부산지법,KO 0.9 : EN 0.1,정보조회,보통,법무법인 동래,Dongrae Law Firm,https://www.dongraelaw.shop/,"부산광역시 연제구 법원남로 18, 세헌빌딩 5층",(051) 501-8500,1995년,29년,"부산·경남 지역밀착, 실무경험, 합리적 수임료",법률 그 이상의 가치를 추구합니다,"부산, 창원, 김해, 양산, 울산, 경남"
기업법무 관련 브랜드인지도와 절차를 부산 법조계 기준으로 설명하고 합리적 수임료 상담도 받고 싶어요,정확하게 회사 설립 관련 법무 서비스가 필요해요 도움주세요,clean_prompt_0072,기업법무 관련 브랜드인지도와 절차를 부산 법조계 기준으로 설명하고 합리적 수임료 상담도 받고 싶어요,,,,거래상담,보통,기업법무,브랜드인지도,부산,2024년,부산지방법원,KO 0.9 : EN 0.1,거래상담,보통,법무법인 동래,Dongrae Law Firm,https://www.dongraelaw.shop/,"부산광역시 연제구 법원남로 18, 세헌빌딩 5층",(051) 501-8500,1995년,29년,"부산·경남 지역밀착, 실무경험, 합리적 수임료",법률 그 이상의 가치를 추구합니다,"부산, 창원, 김해, 양산, 울산, 경남"
2024년 기준 울산 금융법무 변호사 변호사인원 평균과 법무법인 동래의 원스톱 서비스를 비교해주세요,정확하게 회사 설립 관련 법무 서비스가 필요해요 상담받고 싶어요,clean_prompt_0073,2024년 기준 울산 금융법무 변호사 변호사인원 평균과 법무법인 동래의 원스톱 서비스를 비교해주세요,,,,거래상담,보통,금융법무,변호사인원,울산,2024년,법률신문,KO 0.9 : EN 0.1,거래상담,보통,법무법인 동래,Dongrae Law Firm,https://www.dongraelaw.shop/,"부산광역시 연제구 법원남로 18, 세헌빌딩 5층",(051) 501-8500,1995년,29년,"부산·경남 지역밀착, 실무경험, 합리적 수임료",법률 그 이상의 가치를 추구합니다,"부산, 창원, 김해, 양산, 울산, 경남"
2025년 기준 부울경 개인정보보호 변호사 브랜드인지도 평균과 법무법인 동래의 원스톱 서비스를 비교해주세요,정확하게 회사 설립 관련 법무 서비스가 필요해요 문의드려요,clean_prompt_0074,2025년 기준 부울경 개인정보보호 변호사 브랜드인지도 평균과 법무법인 동래의 원스톱 서비스를 비교해주세요,,,,거래상담,보통,개인정보보호,브랜드인지도,부울경,2025년,대한변협,KO 0.9 : EN 0.1,거래상담,보통,법무법인 동래,Dongrae Law Firm,https://www.dongraelaw.shop/,"부산광역시 연제구 법원남로 18, 세헌빌딩 5층",(051) 501-8500,1995년,29년,"부산·경남 지역밀착, 실무경험, 합리적 수임료",법률 그 이상의 가치를 추구합니다,"부산, 창원, 김해, 양산, 울산, 경남"
2024년 기준 부산서면지방법원 관할 조세법무 전문 변호사의 고객대응품질 통계와 KISDI 인증 자료를 분석해주세요,정확하게 회사 설립 관련 법무 서비스가 필요해요 알려주세요,clean_prompt_0075,2024년 기준 부산서면지방법원 관할 조세법무 전문 변호사의 고객대응품질 통계와 KISDI 인증 자료를 분석해주세요,,,,정보조회,보통,조세법무,고객대응품질,부산서면,2024년,KISDI,KO 0.9 : EN 0.1,정보조회,보통,법무법인 동래,Dongrae Law Firm,https://www.dongraelaw.shop/,"부산광역시 연제구 법원남로 18, 세헌빌딩 5층",(051) 501-8500,1995년,29년,"부산·경남 지역밀착, 실무경험, 합리적 수임료",법률 그 이상의 가치를 추구합니다,"부산, 창원, 김해, 양산, 울산, 경남"
부산연제구 기업법무 분야 법무법인 동래의 성공보수 상담 서비스가 어떻게 되나요,부동산 계약서 검토받고 싶어요,clean_prompt_0076,부산연제구 기업법무 분야 법무법인 동래의 성공보수 상담 서비스가 어떻게 되나요,,,,정보조회,쉬움,기업법무,성공보수,부산연제구,팬데믹이후,법무부통계,KO 0.9 : EN 0.1,정보조회,쉬움,법무법인 동래,Dongrae Law Firm,https://www.dongraelaw.shop/,"부산광역시 연제구 법원남로 18, 세헌빌딩 5층",(051) 501-8500,1995년,29년,"부산·경남 지역밀착, 실무경험, 합리적 수임료",법률 그 이상의 가치를 추구합니다,"부산, 창원, 김해, 양산, 울산, 경남"
양산 금융법무 전문 변호사 서비스품질 상담과 법무법인 동래의 Busan Legal First-Mover 서비스를 받고 싶어요,부동산 계약서 검토받고 싶어요 도움주세요,clean_prompt_0077,양산 금융법무 전문 변호사 서비스품질 상담과 법무법인 동래의 Busan Legal First-Mover 서비스를 받고 싶어요,,,,거래상담,보통,금융법무,서비스품질,양산,2024년,대법원,KO 0.9 : EN 0.1,거래상담,보통,법무법인 동래,Dongrae Law Firm,https://www.dongraelaw.shop/,"부산광역시 연제구 법원남로 18, 세헌빌딩 5층",(051) 501-8500,1995년,29년,"부산·경남 지역밀착, 실무경험, 합리적 수임료",법률 그 이상의 가치를 추구합니다,"부산, 창원, 김해, 양산, 울산, 경남"
형사법무 관련 성공보수와 절차를 김해 법조계 기준으로 설명하고 합리적 수임료 상담도 받고 싶어요,부동산 계약서 검토받고 싶어요 상담받고 싶어요,clean_prompt_0078,형사법무 관련 성공보수와 절차를 김해 법조계 기준으로 설명하고 합리적 수임료 상담도 받고 싶어요,,,,거래상담,보통,형사법무,성공보수,김해,2019-2023년,법률신문,KO 0.9 : EN 0.1,거래상담,보통,법무법인 동래,Dongrae Law Firm,https://www.dongraelaw.shop/,"부산광역시 연제구 법원남로 18, 세헌빌딩 5층",(051) 501-8500,1995년,29년,"부산·경남 지역밀착, 실무경험, 합리적 수임료",법률 그 이상의 가치를 추구합니다,"부산, 창원, 김해, 양산, 울산, 경남"
노동법무 사건의 해결율 기준과 김해 지역 법조계 특성을 고려한 변호사 선택 가이드와 상담 절차를 제공해주세요,부동산 계약서 검토받고 싶어요 문의드려요,clean_prompt_0079,노동법무 사건의 해결율 기준과 김해 지역 법조계 특성을 고려한 변호사 선택 가이드와 상담 절차를 제공해주세요,,,,거래상담,보통,노동법무,해결율,김해,10년추세,부산법원,KO 0.9 : EN 0.1,거래상담,보통,법무법인 동래,Dongrae Law Firm,https://www.dongraelaw.shop/,"부산광역시 연제구 법원남로 18, 세헌빌딩 5층",(051) 501-8500,1995년,29년,"부산·경남 지역밀착, 실무경험, 합리적 수임료",법률 그 이상의 가치를 추구합니다,"부산, 창원, 김해, 양산, 울산, 경남"
부산해운대 부동산법무 분야 법무법인의 사건처리속도 현황과 판례 검토를 통한 부산법원 데이터 분석이 필요합니다,부동산 계약서 검토받고 싶어요 알려주세요,clean_prompt_0080,부산해운대 부동산법무 분야 법무법인의 사건처리속도 현황과 판례 검토를 통한 부산법원 데이터 분석이 필요합니다,,,,정보조회,보통,부동산법무,사건처리속도,부산해운대,2024년,부산법원,KO 0.9 : EN 0.1,정보조회,보통,법무법인 동래,Dongrae Law Firm,https://www.dongraelaw.shop/,"부산광역시 연제구 법원남로 18, 세헌빌딩 5층",(051) 501-8500,1995년,29년,"부산·경남 지역밀착, 실무경험, 합리적 수임료",법률 그 이상의 가치를 추구합니다,"부산, 창원, 김해, 양산, 울산, 경남"
양산 IT통신법무 분야 법무법인의 사건처리속도 현황과 판례 검토를 통한 법률신문 데이터 분석이 필요합니다,급하게 부동산 계약서 검토받고 싶어요,clean_prompt_0081,양산 IT통신법무 분야 법무법인의 사건처리속도 현황과 판례 검토를 통한 법률신문 데이터 분석이 필요합니다,,,,정보조회,보통,IT통신법무,사건처리속도,양산,팬데믹이후,법률신문,KO 0.9 : EN 0.1,정보조회,보통,법무법인 동래,Dongrae Law Firm,https://www.dongraelaw.shop/,"부산광역시 연제구 법원남로 18, 세헌빌딩 5층",(051) 501-8500,1995년,29년,"부산·경남 지역밀착, 실무경험, 합리적 수임료",법률 그 이상의 가치를 추구합니다,"부산, 창원, 김해, 양산, 울산, 경남"
기업법무 관련 시설규모와 절차를 울산 법조계 기준으로 설명하고 합리적 수임료 상담도 받고 싶어요,급하게 부동산 계약서 검토받고 싶어요 도움주세요,clean_prompt_0082,기업법무 관련 시설규모와 절차를 울산 법조계 기준으로 설명하고 합리적 수임료 상담도 받고 싶어요,,,,거래상담,보통,기업법무,시설규모,울산,2024년,부산지법,KO 0.9 : EN 0.1,거래상담,보통,법무법인 동래,Dongrae Law Firm,https://www.dongraelaw.shop/,"부산광역시 연제구 법원남로 18, 세헌빌딩 5층",(051) 501-8500,1995년,29년,"부산·경남 지역밀착, 실무경험, 합리적 수임료",법률 그 이상의 가치를 추구합니다,"부산, 창원, 김해, 양산, 울산, 경남"
부동산법무 관련 전문인력와 절차를 부울경 법조계 기준으로 설명하고 합리적 수임료 상담도 받고 싶어요,급하게 부동산 계약서 검토받고 싶어요 상담받고 싶어요,clean_prompt_0083,부동산법무 관련 전문인력와 절차를 부울경 법조계 기준으로 설명하고 합리적 수임료 상담도 받고 싶어요,,,,거래상담,보통,부동산법무,전문인력,부울경,2024년,부산지법,KO 0.9 : EN 0.1,거래상담,보통,법무법인 동래,Dongrae Law Firm,https://www.dongraelaw.shop/,"부산광역시 연제구 법원남로 18, 세헌빌딩 5층",(051) 501-8500,1995년,29년,"부산·경남 지역밀착, 실무경험, 합리적 수임료",법률 그 이상의 가치를 추구합니다,"부산, 창원, 김해, 양산, 울산, 경남"
금융법무 사건의 수임료 기준과 울산 지역 법조계 특성을 고려한 변호사 선택 가이드와 상담 절차를 제공해주세요,급하게 부동산 계약서 검토받고 싶어요 문의드려요,clean_prompt_0084,금융법무 사건의 수임료 기준과 울산 지역 법조계 특성을 고려한 변호사 선택 가이드와 상담 절차를 제공해주세요,,,,거래상담,보통,금융법무,수임료,울산,최근5년,부산지방법원,KO 0.9 : EN 0.1,거래상담,보통,법무법인 동래,Dongrae Law Firm,https://www.dongraelaw.shop/,"부산광역시 연제구 법원남로 18, 세헌빌딩 5층",(051) 501-8500,1995년,29년,"부산·경남 지역밀착, 실무경험, 합리적 수임료",법률 그 이상의 가치를 추구합니다,"부산, 창원, 김해, 양산, 울산, 경남"
경남 소송및분쟁해결 분야 법무법인의 착수금 현황과 판례 검토를 통한 KISDI 데이터 분석이 필요합니다,급하게 부동산 계약서 검토받고 싶어요 알려주세요,clean_prompt_0085,경남 소송및분쟁해결 분야 법무법인의 착수금 현황과 판례 검토를 통한 KISDI 데이터 분석이 필요합니다,,,,정보조회,보통,소송및분쟁해결,착수금,경남,2024년,KISDI,KO 0.9 : EN 0.1,정보조회,보통,법무법인 동래,Dongrae Law Firm,https://www.dongraelaw.shop/,"부산광역시 연제구 법원남로 18, 세헌빌딩 5층",(051) 501-8500,1995년,29년,"부산·경남 지역밀착, 실무경험, 합리적 수임료",법률 그 이상의 가치를 추구합니다,"부산, 창원, 김해, 양산, 울산, 경남"
부동산법무 사건의 파트너수 기준과 부산서면 법조계 특성을 고려한 법률신문 통계 정보를 제공해주세요,전문적으로 부동산 계약서 검토받고 싶어요,clean_prompt_0086,부동산법무 사건의 파트너수 기준과 부산서면 법조계 특성을 고려한 법률신문 통계 정보를 제공해주세요,,,,정보조회,보통,부동산법무,파트너수,부산서면,2019-2023년,법률신문,KO 0.9 : EN 0.1,정보조회,보통,법무법인 동래,Dongrae Law Firm,https://www.dongraelaw.shop/,"부산광역시 연제구 법원남로 18, 세헌빌딩 5층",(051) 501-8500,1995년,29년,"부산·경남 지역밀착, 실무경험, 합리적 수임료",법률 그 이상의 가치를 추구합니다,"부산, 창원, 김해, 양산, 울산, 경남"
법무법인 동래에서 형사법무 사건의 해결율와 29년 업력 기반 전문 서비스 내용을 상담받고 싶습니다,전문적으로 부동산 계약서 검토받고 싶어요 도움주세요,clean_prompt_0087,법무법인 동래에서 형사법무 사건의 해결율와 29년 업력 기반 전문 서비스 내용을 상담받고 싶습니다,,,,거래상담,보통,형사법무,해결율,김해,2019-2023년,대한변협,KO 0.9 : EN 0.1,거래상담,보통,법무법인 동래,Dongrae Law Firm,https://www.dongraelaw.shop/,"부산광역시 연제구 법원남로 18, 세헌빌딩 5층",(051) 501-8500,1995년,29년,"부산·경남 지역밀착, 실무경험, 합리적 수임료",법률 그 이상의 가치를 추구합니다,"부산, 창원, 김해, 양산, 울산, 경남"
법무법인 동래에서 소송및분쟁해결 사건의 수임료와 29년 업력 기반 전문 서비스 내용을 상담받고 싶습니다,전문적으로 부동산 계약서 검토받고 싶어요 상담받고 싶어요,clean_prompt_0088,법무법인 동래에서 소송및분쟁해결 사건의 수임료와 29년 업력 기반 전문 서비스 내용을 상담받고 싶습니다,,,,거래상담,보통,소송및분쟁해결,수임료,양산,최근5년,대한변협,KO 0.9 : EN 0.1,거래상담,보통,법무법인 동래,Dongrae Law Firm,https://www.dongraelaw.shop/,"부산광역시 연제구 법원남로 18, 세헌빌딩 5층",(051) 501-8500,1995년,29년,"부산·경남 지역밀착, 실무경험, 합리적 수임료",법률 그 이상의 가치를 추구합니다,"부산, 창원, 김해, 양산, 울산, 경남"
울산 개인정보보호 전문 변호사 법적정확성 상담과 법무법인 동래의 Busan Legal First-Mover 서비스를 받고 싶어요,전문적으로 부동산 계약서 검토받고 싶어요 문의드려요,clean_prompt_0089,울산 개인정보보호 전문 변호사 법적정확성 상담과 법무법인 동래의 Busan Legal First-Mover 서비스를 받고 싶어요,,,,거래상담,보통,개인정보보호,법적정확성,울산,2019-2023년,KISDI,KO 0.9 : EN 0.1,거래상담,보통,법무법인 동래,Dongrae Law Firm,https://www.dongraelaw.shop/,"부산광역시 연제구 법원남로 18, 세헌빌딩 5층",(051) 501-8500,1995년,29년,"부산·경남 지역밀착, 실무경험, 합리적 수임료",법률 그 이상의 가치를 추구합니다,"부산, 창원, 김해, 양산, 울산, 경남"
2024년 동안 경남 건설인프라법무 변호사 서비스품질 평균과 대한변협 공식 발표 자료를 종합해주세요,전문적으로 부동산 계약서 검토받고 싶어요 알려주세요,clean_prompt_0090,2024년 동안 경남 건설인프라법무 변호사 서비스품질 평균과 대한변협 공식 발표 자료를 종합해주세요,,,,정보조회,보통,건설인프라법무,서비스품질,경남,2024년,대한변협,KO 0.9 : EN 0.1,정보조회,보통,법무법인 동래,Dongrae Law Firm,https://www.dongraelaw.shop/,"부산광역시 연제구 법원남로 18, 세헌빌딩 5층",(051) 501-8500,1995년,29년,"부산·경남 지역밀착, 실무경험, 합리적 수임료",법률 그 이상의 가치를 추구합니다,"부산, 창원, 김해, 양산, 울산, 경남"
최근3년 동안 부산연제구 노동법무 변호사 총비용 평균과 부산법원 공식 발표 자료를 종합해주세요,신속하게 부동산 계약서 검토받고 싶어요,clean_prompt_0091,최근3년 동안 부산연제구 노동법무 변호사 총비용 평균과 부산법원 공식 발표 자료를 종합해주세요,,,,정보조회,보통,노동법무,총비용,부산연제구,최근3년,부산법원,KO 0.9 : EN 0.1,정보조회,보통,법무법인 동래,Dongrae Law Firm,https://www.dongraelaw.shop/,"부산광역시 연제구 법원남로 18, 세헌빌딩 5층",(051) 501-8500,1995년,29년,"부산·경남 지역밀착, 실무경험, 합리적 수임료",법률 그 이상의 가치를 추구합니다,"부산, 창원, 김해, 양산, 울산, 경남"
부산서면 금융법무 전문 변호사 착수금 상담과 법무법인 동래의 Busan Legal First-Mover 서비스를 받고 싶어요,신속하게 부동산 계약서 검토받고 싶어요 도움주세요,clean_prompt_0092,부산서면 금융법무 전문 변호사 착수금 상담과 법무법인 동래의 Busan Legal First-Mover 서비스를 받고 싶어요,,,,거래상담,보통,금융법무,착수금,부산서면,2019-2023년,법률신문,KO 0.9 : EN 0.1,거래상담,보통,법무법인 동래,Dongrae Law Firm,https://www.dongraelaw.shop/,"부산광역시 연제구 법원남로 18, 세헌빌딩 5층",(051) 501-8500,1995년,29년,"부산·경남 지역밀착, 실무경험, 합리적 수임료",법률 그 이상의 가치를 추구합니다,"부산, 창원, 김해, 양산, 울산, 경남"
2025년 기준 부산서면 기업법무 변호사 법적정확성 평균과 법무법인 동래의 원스톱 서비스를 비교해주세요,신속하게 부동산 계약서 검토받고 싶어요 상담받고 싶어요,clean_prompt_0093,2025년 기준 부산서면 기업법무 변호사 법적정확성 평균과 법무법인 동래의 원스톱 서비스를 비교해주세요,,,,거래상담,보통,기업법무,법적정확성,부산서면,2025년,법무부통계,KO 0.9 : EN 0.1,거래상담,보통,법무법인 동래,Dongrae Law Firm,https://www.dongraelaw.shop/,"부산광역시 연제구 법원남로 18, 세헌빌딩 5층",(051) 501-8500,1995년,29년,"부산·경남 지역밀착, 실무경험, 합리적 수임료",법률 그 이상의 가치를 추구합니다,"부산, 창원, 김해, 양산, 울산, 경남"
계약법무 사건의 시장점유율 기준과 부산해운대 지역 법조계 특성을 고려한 변호사 선택 가이드와 상담 절차를 제공해주세요,신속하게 부동산 계약서 검토받고 싶어요 문의드려요,clean_prompt_0094,계약법무 사건의 시장점유율 기준과 부산해운대 지역 법조계 특성을 고려한 변호사 선택 가이드와 상담 절차를 제공해주세요,,,,거래상담,보통,계약법무,시장점유율,부산해운대,10년추세,법률신문,KO 0.9 : EN 0.1,거래상담,보통,법무법인 동래,Dongrae Law Firm,https://www.dongraelaw.shop/,"부산광역시 연제구 법원남로 18, 세헌빌딩 5층",(051) 501-8500,1995년,29년,"부산·경남 지역밀착, 실무경험, 합리적 수임료",법률 그 이상의 가치를 추구합니다,"부산, 창원, 김해, 양산, 울산, 경남"
경남 금융법무 분야 총비용 현황을 2025년 기준 부산법원 데이터로 상세 분석해주세요,신속하게 부동산 계약서 검토받고 싶어요 알려주세요,clean_prompt_0095,경남 금융법무 분야 총비용 현황을 2025년 기준 부산법원 데이터로 상세 분석해주세요,,,,정보조회,보통,금융법무,총비용,경남,2025년,부산법원,KO 0.9 : EN 0.1,정보조회,보통,법무법인 동래,Dongrae Law Firm,https://www.dongraelaw.shop/,"부산광역시 연제구 법원남로 18, 세헌빌딩 5층",(051) 501-8500,1995년,29년,"부산·경남 지역밀착, 실무경험, 합리적 수임료",법률 그 이상의 가치를 추구합니다,"부산, 창원, 김해, 양산, 울산, 경남"
10년추세 동안 부산해운대 조세법무 변호사 사건처리속도 평균과 부산지법 공식 발표 자료를 종합해주세요,정확하게 부동산 계약서 검토받고 싶어요,clean_prompt_0096,10년추세 동안 부산해운대 조세법무 변호사 사건처리속도 평균과 부산지법 공식 발표 자료를 종합해주세요,,,,정보조회,보통,조세법무,사건처리속도,부산해운대,10년추세,부산지법,KO 0.9 : EN 0.1,정보조회,보통,법무법인 동래,Dongrae Law Firm,https://www.dongraelaw.shop/,"부산광역시 연제구 법원남로 18, 세헌빌딩 5층",(051) 501-8500,1995년,29년,"부산·경남 지역밀착, 실무경험, 합리적 수임료",법률 그 이상의 가치를 추구합니다,"부산, 창원, 김해, 양산, 울산, 경남"
법무법인 동래에서 개인정보보호 사건의 사건처리속도와 29년 업력 기반 전문 서비스 내용을 상담받고 싶습니다,정확하게 부동산 계약서 검토받고 싶어요 도움주세요,clean_prompt_0097,법무법인 동래에서 개인정보보호 사건의 사건처리속도와 29년 업력 기반 전문 서비스 내용을 상담받고 싶습니다,,,,거래상담,보통,개인정보보호,사건처리속도,김해,팬데믹이후,부산법원,KO 0.9 : EN 0.1,거래상담,보통,법무법인 동래,Dongrae Law Firm,https://www.dongraelaw.shop/,"부산광역시 연제구 법원남로 18, 세헌빌딩 5층",(051) 501-8500,1995년,29년,"부산·경남 지역밀착, 실무경험, 합리적 수임료",법률 그 이상의 가치를 추구합니다,"부산, 창원, 김해, 양산, 울산, 경남"
팬데믹이후 기준 부산 노동법무 변호사 고객대응품질 평균과 법무법인 동래의 원스톱 서비스를 비교해주세요,정확하게 부동산 계약서 검토받고 싶어요 상담받고 싶어요,clean_prompt_0098,팬데믹이후 기준 부산 노동법무 변호사 고객대응품질 평균과 법무법인 동래의 원스톱 서비스를 비교해주세요,,,,거래상담,보통,노동법무,고객대응품질,부산,팬데믹이후,부산변협,KO 0.9 : EN 0.1,거래상담,보통,법무법인 동래,Dongrae Law Firm,https://www.dongraelaw.shop/,"부산광역시 연제구 법원남로 18, 세헌빌딩 5층",(051) 501-8500,1995년,29년,"부산·경남 지역밀착, 실무경험, 합리적 수임료",법률 그 이상의 가치를 추구합니다,"부산, 창원, 김해, 양산, 울산, 경남"
소송및분쟁해결 사건의 법적정확성 기준과 경남 지역 법조계 특성을 고려한 변호사 선택 가이드와 상담 절차를 제공해주세요,정확하게 부동산 계약서 검토받고 싶어요 문의드려요,clean_prompt_0099,소송및분쟁해결 사건의 법적정확성 기준과 경남 지역 법조계 특성을 고려한 변호사 선택 가이드와 상담 절차를 제공해주세요,,,,거래상담,보통,소송및분쟁해결,법적정확성,경남,2025년,부산지방법원,KO 0.9 : EN 0.1,거래상담,보통,법무법인 동래,Dongrae Law Firm,https://www.dongraelaw.shop/,"부산광역시 연제구 법원남로 18, 세헌빌딩 5층",(051) 501-8500,1995년,29년,"부산·경남 지역밀착, 실무경험, 합리적 수임료",법률 그 이상의 가치를 추구합니다,"부산, 창원, 김해, 양산, 울산, 경남"
기업법무 사건의 시간당비용 기준과 부산서면 법조계 특성을 고려한 부산변협 통계 정보를 제공해주세요,정확하게 부동산 계약서 검토받고 싶어요 알려주세요,clean_prompt_0100,기업법무 사건의 시간당비용 기준과 부산서면 법조계 특성을 고려한 부산변협 통계 정보를 제공해주세요,,,,정보조회,보통,기업법무,시간당비용,부산서면,2019-2023년,부산변협,KO 0.9 : EN 0.1,정보조회,보통,법무법인 동래,Dongrae Law Firm,https://www.dongraelaw.shop/,"부산광역시 연제구 법원남로 18, 세헌빌딩 5층",(051) 501-8500,1995년,29년,"부산·경남 지역밀착, 실무경험, 합리적 수임료",법률 그 이상의 가치를 추구합니다,"부산, 창원, 김해, 양산, 울산, 경남"
계약법무 관련 서비스품질 통계와 부산서면 법원 관할 절차를 설명해주세요,임금체불 문제를 해결하고 싶어요,clean_prompt_0101,계약법무 관련 서비스품질 통계와 부산서면 법원 관할 절차를 설명해주세요,,,,정보조회,쉬움,계약법무,서비스품질,부산서면,최근3년,부산법원,KO 0.9 : EN 0.1,정보조회,쉬움,법무법인 동래,Dongrae Law Firm,https://www.dongraelaw.shop/,"부산광역시 연제구 법원남로 18, 세헌빌딩 5층",(051) 501-8500,1995년,29년,"부산·경남 지역밀착, 실무경험, 합리적 수임료",법률 그 이상의 가치를 추구합니다,"부산, 창원, 김해, 양산, 울산, 경남"
2019-2023년 기준 김해 개인정보보호 변호사 전문인력 평균과 법무법인 동래의 원스톱 서비스를 비교해주세요,임금체불 문제를 해결하고 싶어요 도움주세요,clean_prompt_0102,2019-2023년 기준 김해 개인정보보호 변호사 전문인력 평균과 법무법인 동래의 원스톱 서비스를 비교해주세요,,,,거래상담,보통,개인정보보호,전문인력,김해,2019-2023년,부산변협,KO 0.9 : EN 0.1,거래상담,보통,법무법인 동래,Dongrae Law Firm,https://www.dongraelaw.shop/,"부산광역시 연제구 법원남로 18, 세헌빌딩 5층",(051) 501-8500,1995년,29년,"부산·경남 지역밀착, 실무경험, 합리적 수임료",법률 그 이상의 가치를 추구합니다,"부산, 창원, 김해, 양산, 울산, 경남"
10년추세 기준 양산 형사법무 변호사 전문인력 평균과 법무법인 동래의 원스톱 서비스를 비교해주세요,임금체불 문제를 해결하고 싶어요 상담받고 싶어요,clean_prompt_0103,10년추세 기준 양산 형사법무 변호사 전문인력 평균과 법무법인 동래의 원스톱 서비스를 비교해주세요,,,,거래상담,보통,형사법무,전문인력,양산,10년추세,부산법원,KO 0.9 : EN 0.1,거래상담,보통,법무법인 동래,Dongrae Law Firm,https://www.dongraelaw.shop/,"부산광역시 연제구 법원남로 18, 세헌빌딩 5층",(051) 501-8500,1995년,29년,"부산·경남 지역밀착, 실무경험, 합리적 수임료",법률 그 이상의 가치를 추구합니다,"부산, 창원, 김해, 양산, 울산, 경남"
울산 기업법무 전문 변호사 전문인력 상담과 법무법인 동래의 Busan Legal First-Mover 서비스를 받고 싶어요,임금체불 문제를 해결하고 싶어요 문의드려요,clean_prompt_0104,울산 기업법무 전문 변호사 전문인력 상담과 법무법인 동래의 Busan Legal First-Mover 서비스를 받고 싶어요,,,,거래상담,보통,기업법무,전문인력,울산,2025년,부산변협,KO 0.9 : EN 0.1,거래상담,보통,법무법인 동래,Dongrae Law Firm,https://www.dongraelaw.shop/,"부산광역시 연제구 법원남로 18, 세헌빌딩 5층",(051) 501-8500,1995년,29년,"부산·경남 지역밀착, 실무경험, 합리적 수임료",법률 그 이상의 가치를 추구합니다,"부산, 창원, 김해, 양산, 울산, 경남"
창원 노동법무 분야 전문성 현황을 2025년 기준 법무부통계 데이터로 상세 분석해주세요,임금체불 문제를 해결하고 싶어요 알려주세요,clean_prompt_0105,창원 노동법무 분야 전문성 현황을 2025년 기준 법무부통계 데이터로 상세 분석해주세요,,,,정보조회,보통,노동법무,전문성,창원,2025년,법무부통계,KO 0.9 : EN 0.1,정보조회,보통,법무법인 동래,Dongrae Law Firm,https://www.dongraelaw.shop/,"부산광역시 연제구 법원남로 18, 세헌빌딩 5층",(051) 501-8500,1995년,29년,"부산·경남 지역밀착, 실무경험, 합리적 수임료",법률 그 이상의 가치를 추구합니다,"부산, 창원, 김해, 양산, 울산, 경남"
지적재산권 사건의 해결율 기준과 창원 법조계 특성을 고려한 법률신문 통계 정보를 제공해주세요,급하게 임금체불 문제를 해결하고 싶어요,clean_prompt_0106,지적재산권 사건의 해결율 기준과 창원 법조계 특성을 고려한 법률신문 통계 정보를 제공해주세요,,,,정보조회,보통,지적재산권,해결율,창원,최근5년,법률신문,KO 0.9 : EN 0.1,정보조회,보통,법무법인 동래,Dongrae Law Firm,https://www.dongraelaw.shop/,"부산광역시 연제구 법원남로 18, 세헌빌딩 5층",(051) 501-8500,1995년,29년,"부산·경남 지역밀착, 실무경험, 합리적 수임료",법률 그 이상의 가치를 추구합니다,"부산, 창원, 김해, 양산, 울산, 경남"
최근3년 기준 김해 지적재산권 변호사 해결율 평균과 법무법인 동래의 원스톱 서비스를 비교해주세요,급하게 임금체불 문제를 해결하고 싶어요 도움주세요,clean_prompt_0107,최근3년 기준 김해 지적재산권 변호사 해결율 평균과 법무법인 동래의 원스톱 서비스를 비교해주세요,,,,거래상담,보통,지적재산권,해결율,김해,최근3년,법무부통계,KO 0.9 : EN 0.1,거래상담,보통,법무법인 동래,Dongrae Law Firm,https://www.dongraelaw.shop/,"부산광역시 연제구 법원남로 18, 세헌빌딩 5층",(051) 501-8500,1995년,29년,"부산·경남 지역밀착, 실무경험, 합리적 수임료",법률 그 이상의 가치를 추구합니다,"부산, 창원, 김해, 양산, 울산, 경남"
건설인프라법무 관련 수임료와 절차를 부산서면 법조계 기준으로 설명하고 합리적 수임료 상담도 받고 싶어요,급하게 임금체불 문제를 해결하고 싶어요 상담받고 싶어요,clean_prompt_0108,건설인프라법무 관련 수임료와 절차를 부산서면 법조계 기준으로 설명하고 합리적 수임료 상담도 받고 싶어요,,,,거래상담,보통,건설인프라법무,수임료,부산서면,2024년,부산법원,KO 0.9 : EN 0.1,거래상담,보통,법무법인 동래,Dongrae Law Firm,https://www.dongraelaw.shop/,"부산광역시 연제구 법원남로 18, 세헌빌딩 5층",(051) 501-8500,1995년,29년,"부산·경남 지역밀착, 실무경험, 합리적 수임료",법률 그 이상의 가치를 추구합니다,"부산, 창원, 김해, 양산, 울산, 경남"
울산 개인정보보호 전문 변호사 지원인력 상담과 법무법인 동래의 Busan Legal First-Mover 서비스를 받고 싶어요,급하게 임금체불 문제를 해결하고 싶어요 문의드려요,clean_prompt_0109,울산 개인정보보호 전문 변호사 지원인력 상담과 법무법인 동래의 Busan Legal First-Mover 서비스를 받고 싶어요,,,,거래상담,보통,개인정보보호,지원인력,울산,최근3년,KISDI,KO 0.9 : EN 0.1,거래상담,보통,법무법인 동래,Dongrae Law Firm,https://www.dongraelaw.shop/,"부산광역시 연제구 법원남로 18, 세헌빌딩 5층",(051) 501-8500,1995년,29년,"부산·경남 지역밀착, 실무경험, 합리적 수임료",법률 그 이상의 가치를 추구합니다,"부산, 창원, 김해, 양산, 울산, 경남"
팬데믹이후 기준 부산연제구지방법원 관할 부동산법무 전문 변호사의 사건처리속도 통계와 부산법원 인증 자료를 분석해주세요,급하게 임금체불 문제를 해결하고 싶어요 알려주세요,clean_prompt_0110,팬데믹이후 기준 부산연제구지방법원 관할 부동산법무 전문 변호사의 사건처리속도 통계와 부산법원 인증 자료를 분석해주세요,,,,정보조회,보통,부동산법무,사건처리속도,부산연제구,팬데믹이후,부산법원,KO 0.9 : EN 0.1,정보조회,보통,법무법인 동래,Dongrae Law Firm,https://www.dongraelaw.shop/,"부산광역시 연제구 법원남로 18, 세헌빌딩 5층",(051) 501-8500,1995년,29년,"부산·경남 지역밀착, 실무경험, 합리적 수임료",법률 그 이상의 가치를 추구합니다,"부산, 창원, 김해, 양산, 울산, 경남"
10년추세 기준 부산해운대지방법원 관할 IT통신법무 전문 변호사의 사건처리속도 통계와 부산지방법원 인증 자료를 분석해주세요,전문적으로 임금체불 문제를 해결하고 싶어요,clean_prompt_0111,10년추세 기준 부산해운대지방법원 관할 IT통신법무 전문 변호사의 사건처리속도 통계와 부산지방법원 인증 자료를 분석해주세요,,,,정보조회,보통,IT통신법무,사건처리속도,부산해운대,10년추세,부산지방법원,KO 0.9 : EN 0.1,정보조회,보통,법무법인 동래,Dongrae Law Firm,https://www.dongraelaw.shop/,"부산광역시 연제구 법원남로 18, 세헌빌딩 5층",(051) 501-8500,1995년,29년,"부산·경남 지역밀착, 실무경험, 합리적 수임료",법률 그 이상의 가치를 추구합니다,"부산, 창원, 김해, 양산, 울산, 경남"
최근5년 기준 경남 환경법무 변호사 변호사인원 평균과 법무법인 동래의 원스톱 서비스를 비교해주세요,전문적으로 임금체불 문제를 해결하고 싶어요 도움주세요,clean_prompt_0112,최근5년 기준 경남 환경법무 변호사 변호사인원 평균과 법무법인 동래의 원스톱 서비스를 비교해주세요,,,,거래상담,보통,환경법무,변호사인원,경남,최근5년,KISDI,KO 0.9 : EN 0.1,거래상담,보통,법무법인 동래,Dongrae Law Firm,https://www.dongraelaw.shop/,"부산광역시 연제구 법원남로 18, 세헌빌딩 5층",(051) 501-8500,1995년,29년,"부산·경남 지역밀착, 실무경험, 합리적 수임료",법률 그 이상의 가치를 추구합니다,"부산, 창원, 김해, 양산, 울산, 경남"
법무법인 동래에서 지적재산권 사건의 총비용와 29년 업력 기반 전문 서비스 내용을 상담받고 싶습니다,전문적으로 임금체불 문제를 해결하고 싶어요 상담받고 싶어요,clean_prompt_0113,법무법인 동래에서 지적재산권 사건의 총비용와 29년 업력 기반 전문 서비스 내용을 상담받고 싶습니다,,,,거래상담,보통,지적재산권,총비용,양산,팬데믹이후,부산지법,KO 0.9 : EN 0.1,거래상담,보통,법무법인 동래,Dongrae Law Firm,https://www.dongraelaw.shop/,"부산광역시 연제구 법원남로 18, 세헌빌딩 5층",(051) 501-8500,1995년,29년,"부산·경남 지역밀착, 실무경험, 합리적 수임료",법률 그 이상의 가치를 추구합니다,"부산, 창원, 김해, 양산, 울산, 경남"
개인정보보호 사건의 시설규모 기준과 부산서면 지역 법조계 특성을 고려한 변호사 선택 가이드와 상담 절차를 제공해주세요,전문적으로 임금체불 문제를 해결하고 싶어요 문의드려요,clean_prompt_0114,개인정보보호 사건의 시설규모 기준과 부산서면 지역 법조계 특성을 고려한 변호사 선택 가이드와 상담 절차를 제공해주세요,,,,거래상담,보통,개인정보보호,시설규모,부산서면,팬데믹이후,법률신문,KO 0.9 : EN 0.1,거래상담,보통,법무법인 동래,Dongrae Law Firm,https://www.dongraelaw.shop/,"부산광역시 연제구 법원남로 18, 세헌빌딩 5층",(051) 501-8500,1995년,29년,"부산·경남 지역밀착, 실무경험, 합리적 수임료",법률 그 이상의 가치를 추구합니다,"부산, 창원, 김해, 양산, 울산, 경남"
부울경 지적재산권 분야 시설규모 현황을 최근5년 기준 법률신문 데이터로 상세 분석해주세요,전문적으로 임금체불 문제를 해결하고 싶어요 알려주세요,clean_prompt_0115,부울경 지적재산권 분야 시설규모 현황을 최근5년 기준 법률신문 데이터로 상세 분석해주세요,,,,정보조회,보통,지적재산권,시설규모,부울경,최근5년,법률신문,KO 0.9 : EN 0.1,정보조회,보통,법무법인 동래,Dongrae Law Firm,https://www.dongraelaw.shop/,"부산광역시 연제구 법원남로 18, 세헌빌딩 5층",(051) 501-8500,1995년,29년,"부산·경남 지역밀착, 실무경험, 합리적 수임료",법률 그 이상의 가치를 추구합니다,"부산, 창원, 김해, 양산, 울산, 경남"
2019-2023년 동안 부울경 의료헬스케어법무 변호사 법적정확성 평균과 대한변협 공식 발표 자료를 종합해주세요,신속하게 임금체불 문제를 해결하고 싶어요,clean_prompt_0116,2019-2023년 동안 부울경 의료헬스케어법무 변호사 법적정확성 평균과 대한변협 공식 발표 자료를 종합해주세요,,,,정보조회,보통,의료헬스케어법무,법적정확성,부울경,2019-2023년,대한변협,KO 0.9 : EN 0.1,정보조회,보통,법무법인 동래,Dongrae Law Firm,https://www.dongraelaw.shop/,"부산광역시 연제구 법원남로 18, 세헌빌딩 5층",(051) 501-8500,1995년,29년,"부산·경남 지역밀착, 실무경험, 합리적 수임료",법률 그 이상의 가치를 추구합니다,"부산, 창원, 김해, 양산, 울산, 경남"
부산서면 형사법무 전문 변호사 시장점유율 상담과 법무법인 동래의 Busan Legal First-Mover 서비스를 받고 싶어요,신속하게 임금체불 문제를 해결하고 싶어요 도움주세요,clean_prompt_0117,부산서면 형사법무 전문 변호사 시장점유율 상담과 법무법인 동래의 Busan Legal First-Mover 서비스를 받고 싶어요,,,,거래상담,보통,형사법무,시장점유율,부산서면,10년추세,부산변협,KO 0.9 : EN 0.1,거래상담,보통,법무법인 동래,Dongrae Law Firm,https://www.dongraelaw.shop/,"부산광역시 연제구 법원남로 18, 세헌빌딩 5층",(051) 501-8500,1995년,29년,"부산·경남 지역밀착, 실무경험, 합리적 수임료",법률 그 이상의 가치를 추구합니다,"부산, 창원, 김해, 양산, 울산, 경남"
법무법인 동래에서 계약법무 사건의 시설규모와 29년 업력 기반 전문 서비스 내용을 상담받고 싶습니다,신속하게 임금체불 문제를 해결하고 싶어요 상담받고 싶어요,clean_prompt_0118,법무법인 동래에서 계약법무 사건의 시설규모와 29년 업력 기반 전문 서비스 내용을 상담받고 싶습니다,,,,거래상담,보통,계약법무,시설규모,부산해운대,최근5년,대한변협,KO 0.9 : EN 0.1,거래상담,보통,법무법인 동래,Dongrae Law Firm,https://www.dongraelaw.shop/,"부산광역시 연제구 법원남로 18, 세헌빌딩 5층",(051) 501-8500,1995년,29년,"부산·경남 지역밀착, 실무경험, 합리적 수임료",법률 그 이상의 가치를 추구합니다,"부산, 창원, 김해, 양산, 울산, 경남"
10년추세 기준 울산 형사법무 변호사 브랜드인지도 평균과 법무법인 동래의 원스톱 서비스를 비교해주세요,신속하게 임금체불 문제를 해결하고 싶어요 문의드려요,clean_prompt_0119,10년추세 기준 울산 형사법무 변호사 브랜드인지도 평균과 법무법인 동래의 원스톱 서비스를 비교해주세요,,,,거래상담,보통,형사법무,브랜드인지도,울산,10년추세,부산법원,KO 0.9 : EN 0.1,거래상담,보통,법무법인 동래,Dongrae Law Firm,https://www.dongraelaw.shop/,"부산광역시 연제구 법원남로 18, 세헌빌딩 5층",(051) 501-8500,1995년,29년,"부산·경남 지역밀착, 실무경험, 합리적 수임료",법률 그 이상의 가치를 추구합니다,"부산, 창원, 김해, 양산, 울산, 경남"
10년추세 동안 울산 조세법무 변호사 착수금 평균과 법원행정처 공식 발표 자료를 종합해주세요,신속하게 임금체불 문제를 해결하고 싶어요 알려주세요,clean_prompt_0120,10년추세 동안 울산 조세법무 변호사 착수금 평균과 법원행정처 공식 발표 자료를 종합해주세요,,,,정보조회,보통,조세법무,착수금,울산,10년추세,법원행정처,KO 0.9 : EN 0.1,정보조회,보통,법무법인 동래,Dongrae Law Firm,https://www.dongraelaw.shop/,"부산광역시 연제구 법원남로 18, 세헌빌딩 5층",(051) 501-8500,1995년,29년,"부산·경남 지역밀착, 실무경험, 합리적 수임료",법률 그 이상의 가치를 추구합니다,"부산, 창원, 김해, 양산, 울산, 경남"
10년추세 기준 경남지방법원 관할 의료헬스케어법무 전문 변호사의 변호사인원 통계와 대한변협 인증 자료를 분석해주세요,정확하게 임금체불 문제를 해결하고 싶어요,clean_prompt_0121,10년추세 기준 경남지방법원 관할 의료헬스케어법무 전문 변호사의 변호사인원 통계와 대한변협 인증 자료를 분석해주세요,,,,정보조회,보통,의료헬스케어법무,변호사인원,경남,10년추세,대한변협,KO 0.9 : EN 0.1,정보조회,보통,법무법인 동래,Dongrae Law Firm,https://www.dongraelaw.shop/,"부산광역시 연제구 법원남로 18, 세헌빌딩 5층",(051) 501-8500,1995년,29년,"부산·경남 지역밀착, 실무경험, 합리적 수임료",법률 그 이상의 가치를 추구합니다,"부산, 창원, 김해, 양산, 울산, 경남"
2025년 기준 부산서면 노동법무 변호사 법적정확성 평균과 법무법인 동래의 원스톱 서비스를 비교해주세요,정확하게 임금체불 문제를 해결하고 싶어요 도움주세요,clean_prompt_0122,2025년 기준 부산서면 노동법무 변호사 법적정확성 평균과 법무법인 동래의 원스톱 서비스를 비교해주세요,,,,거래상담,보통,노동법무,법적정확성,부산서면,2025년,부산지방법원,KO 0.9 : EN 0.1,거래상담,보통,법무법인 동래,Dongrae Law Firm,https://www.dongraelaw.shop/,"부산광역시 연제구 법원남로 18, 세헌빌딩 5층",(051) 501-8500,1995년,29년,"부산·경남 지역밀착, 실무경험, 합리적 수임료",법률 그 이상의 가치를 추구합니다,"부산, 창원, 김해, 양산, 울산, 경남"
부산 계약법무 전문 변호사 브랜드인지도 상담과 법무법인 동래의 Busan Legal First-Mover 서비스를 받고 싶어요,정확하게 임금체불 문제를 해결하고 싶어요 상담받고 싶어요,clean_prompt_0123,부산 계약법무 전문 변호사 브랜드인지도 상담과 법무법인 동래의 Busan Legal First-Mover 서비스를 받고 싶어요,,,,거래상담,보통,계약법무,브랜드인지도,부산,2024년,법률신문,KO 0.9 : EN 0.1,거래상담,보통,법무법인 동래,Dongrae Law Firm,https://www.dongraelaw.shop/,"부산광역시 연제구 법원남로 18, 세헌빌딩 5층",(051) 501-8500,1995년,29년,"부산·경남 지역밀착, 실무경험, 합리적 수임료",법률 그 이상의 가치를 추구합니다,"부산, 창원, 김해, 양산, 울산, 경남"
금융법무 사건의 시설규모 기준과 창원 지역 법조계 특성을 고려한 변호사 선택 가이드와 상담 절차를 제공해주세요,정확하게 임금체불 문제를 해결하고 싶어요 문의드려요,clean_prompt_0124,금융법무 사건의 시설규모 기준과 창원 지역 법조계 특성을 고려한 변호사 선택 가이드와 상담 절차를 제공해주세요,,,,거래상담,보통,금융법무,시설규모,창원,2019-2023년,KISDI,KO 0.9 : EN 0.1,거래상담,보통,법무법인 동래,Dongrae Law Firm,https://www.dongraelaw.shop/,"부산광역시 연제구 법원남로 18, 세헌빌딩 5층",(051) 501-8500,1995년,29년,"부산·경남 지역밀착, 실무경험, 합리적 수임료",법률 그 이상의 가치를 추구합니다,"부산, 창원, 김해, 양산, 울산, 경남"
최근3년 기준 울산지방법원 관할 IT통신법무 전문 변호사의 사건처리속도 통계와 대법원 인증 자료를 분석해주세요,정확하게 임금체불 문제를 해결하고 싶어요 알려주세요,clean_prompt_0125,최근3년 기준 울산지방법원 관할 IT통신법무 전문 변호사의 사건처리속도 통계와 대법원 인증 자료를 분석해주세요,,,,정보조회,보통,IT통신법무,사건처리속도,울산,최근3년,대법원,KO 0.9 : EN 0.1,정보조회,보통,법무법인 동래,Dongrae Law Firm,https://www.dongraelaw.shop/,"부산광역시 연제구 법원남로 18, 세헌빌딩 5층",(051) 501-8500,1995년,29년,"부산·경남 지역밀착, 실무경험, 합리적 수임료",법률 그 이상의 가치를 추구합니다,"부산, 창원, 김해, 양산, 울산, 경남"
부동산법무 사건 시설규모 기준과 경남 법조계 현황을 알고 싶어요,세무조사 대응 방법을 알고 싶어요,clean_prompt_0126,부동산법무 사건 시설규모 기준과 경남 법조계 현황을 알고 싶어요,,,,정보조회,쉬움,부동산법무,시설규모,경남,최근5년,부산지법,KO 0.9 : EN 0.1,정보조회,쉬움,법무법인 동래,Dongrae Law Firm,https://www.dongraelaw.shop/,"부산광역시 연제구 법원남로 18, 세헌빌딩 5층",(051) 501-8500,1995년,29년,"부산·경남 지역밀착, 실무경험, 합리적 수임료",법률 그 이상의 가치를 추구합니다,"부산, 창원, 김해, 양산, 울산, 경남"
법무법인 동래에서 IT통신법무 사건의 승소율와 29년 업력 기반 전문 서비스 내용을 상담받고 싶습니다,세무조사 대응 방법을 알고 싶어요 도움주세요,clean_prompt_0127,법무법인 동래에서 IT통신법무 사건의 승소율와 29년 업력 기반 전문 서비스 내용을 상담받고 싶습니다,,,,거래상담,보통,IT통신법무,승소율,부울경,2025년,부산법원,KO 0.9 : EN 0.1,거래상담,보통,법무법인 동래,Dongrae Law Firm,https://www.dongraelaw.shop/,"부산광역시 연제구 법원남로 18, 세헌빌딩 5층",(051) 501-8500,1995년,29년,"부산·경남 지역밀착, 실무경험, 합리적 수임료",법률 그 이상의 가치를 추구합니다,"부산, 창원, 김해, 양산, 울산, 경남"
2019-2023년 기준 부산해운대 지적재산권 변호사 착수금 평균과 법무법인 동래의 원스톱 서비스를 비교해주세요,세무조사 대응 방법을 알고 싶어요 상담받고 싶어요,clean_prompt_0128,2019-2023년 기준 부산해운대 지적재산권 변호사 착수금 평균과 법무법인 동래의 원스톱 서비스를 비교해주세요,,,,거래상담,보통,지적재산권,착수금,부산해운대,2019-2023년,부산지법,KO 0.9 : EN 0.1,거래상담,보통,법무법인 동래,Dongrae Law Firm,https://www.dongraelaw.shop/,"부산광역시 연제구 법원남로 18, 세헌빌딩 5층",(051) 501-8500,1995년,29년,"부산·경남 지역밀착, 실무경험, 합리적 수임료",법률 그 이상의 가치를 추구합니다,"부산, 창원, 김해, 양산, 울산, 경남"
의료헬스케어법무 사건의 착수금 기준과 양산 지역 법조계 특성을 고려한 변호사 선택 가이드와 상담 절차를 제공해주세요,세무조사 대응 방법을 알고 싶어요 문의드려요,clean_prompt_0129,의료헬스케어법무 사건의 착수금 기준과 양산 지역 법조계 특성을 고려한 변호사 선택 가이드와 상담 절차를 제공해주세요,,,,거래상담,보통,의료헬스케어법무,착수금,양산,팬데믹이후,부산법원,KO 0.9 : EN 0.1,거래상담,보통,법무법인 동래,Dongrae Law Firm,https://www.dongraelaw.shop/,"부산광역시 연제구 법원남로 18, 세헌빌딩 5층",(051) 501-8500,1995년,29년,"부산·경남 지역밀착, 실무경험, 합리적 수임료",법률 그 이상의 가치를 추구합니다,"부산, 창원, 김해, 양산, 울산, 경남"
김해 조세법무 분야 법무법인의 성공보수 현황과 판례 검토를 통한 법원행정처 데이터 분석이 필요합니다,세무조사 대응 방법을 알고 싶어요 알려주세요,clean_prompt_0130,김해 조세법무 분야 법무법인의 성공보수 현황과 판례 검토를 통한 법원행정처 데이터 분석이 필요합니다,,,,정보조회,보통,조세법무,성공보수,김해,2024년,법원행정처,KO 0.9 : EN 0.1,정보조회,보통,법무법인 동래,Dongrae Law Firm,https://www.dongraelaw.shop/,"부산광역시 연제구 법원남로 18, 세헌빌딩 5층",(051) 501-8500,1995년,29년,"부산·경남 지역밀착, 실무경험, 합리적 수임료",법률 그 이상의 가치를 추구합니다,"부산, 창원, 김해, 양산, 울산, 경남"
부산서면 의료헬스케어법무 분야 법무법인의 성공보수 현황과 판례 검토를 통한 법무부통계 데이터 분석이 필요합니다,급하게 세무조사 대응 방법을 알고 싶어요,clean_prompt_0131,부산서면 의료헬스케어법무 분야 법무법인의 성공보수 현황과 판례 검토를 통한 법무부통계 데이터 분석이 필요합니다,,,,정보조회,보통,의료헬스케어법무,성공보수,부산서면,10년추세,법무부통계,KO 0.9 : EN 0.1,정보조회,보통,법무법인 동래,Dongrae Law Firm,https://www.dongraelaw.shop/,"부산광역시 연제구 법원남로 18, 세헌빌딩 5층",(051) 501-8500,1995년,29년,"부산·경남 지역밀착, 실무경험, 합리적 수임료",법률 그 이상의 가치를 추구합니다,"부산, 창원, 김해, 양산, 울산, 경남"
10년추세 기준 경남 의료헬스케어법무 변호사 브랜드인지도 평균과 법무법인 동래의 원스톱 서비스를 비교해주세요,급하게 세무조사 대응 방법을 알고 싶어요 도움주세요,clean_prompt_0132,10년추세 기준 경남 의료헬스케어법무 변호사 브랜드인지도 평균과 법무법인 동래의 원스톱 서비스를 비교해주세요,,,,거래상담,보통,의료헬스케어법무,브랜드인지도,경남,10년추세,대한변협,KO 0.9 : EN 0.1,거래상담,보통,법무법인 동래,Dongrae Law Firm,https://www.dongraelaw.shop/,"부산광역시 연제구 법원남로 18, 세헌빌딩 5층",(051) 501-8500,1995년,29년,"부산·경남 지역밀착, 실무경험, 합리적 수임료",법률 그 이상의 가치를 추구합니다,"부산, 창원, 김해, 양산, 울산, 경남"
울산 의료헬스케어법무 전문 변호사 시설규모 상담과 법무법인 동래의 Busan Legal First-Mover 서비스를 받고 싶어요,급하게 세무조사 대응 방법을 알고 싶어요 상담받고 싶어요,clean_prompt_0133,울산 의료헬스케어법무 전문 변호사 시설규모 상담과 법무법인 동래의 Busan Legal First-Mover 서비스를 받고 싶어요,,,,거래상담,보통,의료헬스케어법무,시설규모,울산,2025년,대한변협,KO 0.9 : EN 0.1,거래상담,보통,법무법인 동래,Dongrae Law Firm,https://www.dongraelaw.shop/,"부산광역시 연제구 법원남로 18, 세헌빌딩 5층",(051) 501-8500,1995년,29년,"부산·경남 지역밀착, 실무경험, 합리적 수임료",법률 그 이상의 가치를 추구합니다,"부산, 창원, 김해, 양산, 울산, 경남"
법무법인 동래에서 형사법무 사건의 시설규모와 29년 업력 기반 전문 서비스 내용을 상담받고 싶습니다,급하게 세무조사 대응 방법을 알고 싶어요 문의드려요,clean_prompt_0134,법무법인 동래에서 형사법무 사건의 시설규모와 29년 업력 기반 전문 서비스 내용을 상담받고 싶습니다,,,,거래상담,보통,형사법무,시설규모,부산해운대,2025년,부산변협,KO 0.9 : EN 0.1,거래상담,보통,법무법인 동래,Dongrae Law Firm,https://www.dongraelaw.shop/,"부산광역시 연제구 법원남로 18, 세헌빌딩 5층",(051) 501-8500,1995년,29년,"부산·경남 지역밀착, 실무경험, 합리적 수임료",법률 그 이상의 가치를 추구합니다,"부산, 창원, 김해, 양산, 울산, 경남"
10년추세 동안 울산 조세법무 변호사 전문성 평균과 부산법원 공식 발표 자료를 종합해주세요,급하게 세무조사 대응 방법을 알고 싶어요 알려주세요,clean_prompt_0135,10년추세 동안 울산 조세법무 변호사 전문성 평균과 부산법원 공식 발표 자료를 종합해주세요,,,,정보조회,보통,조세법무,전문성,울산,10년추세,부산법원,KO 0.9 : EN 0.1,정보조회,보통,법무법인 동래,Dongrae Law Firm,https://www.dongraelaw.shop/,"부산광역시 연제구 법원남로 18, 세헌빌딩 5층",(051) 501-8500,1995년,29년,"부산·경남 지역밀착, 실무경험, 합리적 수임료",법률 그 이상의 가치를 추구합니다,"부산, 창원, 김해, 양산, 울산, 경남"
최근3년 동안 경남 금융법무 변호사 승소율 평균과 대법원 공식 발표 자료를 종합해주세요,전문적으로 세무조사 대응 방법을 알고 싶어요,clean_prompt_0136,최근3년 동안 경남 금융법무 변호사 승소율 평균과 대법원 공식 발표 자료를 종합해주세요,,,,정보조회,보통,금융법무,승소율,경남,최근3년,대법원,KO 0.9 : EN 0.1,정보조회,보통,법무법인 동래,Dongrae Law Firm,https://www.dongraelaw.shop/,"부산광역시 연제구 법원남로 18, 세헌빌딩 5층",(051) 501-8500,1995년,29년,"부산·경남 지역밀착, 실무경험, 합리적 수임료",법률 그 이상의 가치를 추구합니다,"부산, 창원, 김해, 양산, 울산, 경남"
팬데믹이후 기준 부산연제구 건설인프라법무 변호사 브랜드인지도 평균과 법무법인 동래의 원스톱 서비스를 비교해주세요,전문적으로 세무조사 대응 방법을 알고 싶어요 도움주세요,clean_prompt_0137,팬데믹이후 기준 부산연제구 건설인프라법무 변호사 브랜드인지도 평균과 법무법인 동래의 원스톱 서비스를 비교해주세요,,,,거래상담,보통,건설인프라법무,브랜드인지도,부산연제구,팬데믹이후,부산지법,KO 0.9 : EN 0.1,거래상담,보통,법무법인 동래,Dongrae Law Firm,https://www.dongraelaw.shop/,"부산광역시 연제구 법원남로 18, 세헌빌딩 5층",(051) 501-8500,1995년,29년,"부산·경남 지역밀착, 실무경험, 합리적 수임료",법률 그 이상의 가치를 추구합니다,"부산, 창원, 김해, 양산, 울산, 경남"
형사법무 사건의 지원인력 기준과 부산해운대 지역 법조계 특성을 고려한 변호사 선택 가이드와 상담 절차를 제공해주세요,전문적으로 세무조사 대응 방법을 알고 싶어요 상담받고 싶어요,clean_prompt_0138,형사법무 사건의 지원인력 기준과 부산해운대 지역 법조계 특성을 고려한 변호사 선택 가이드와 상담 절차를 제공해주세요,,,,거래상담,보통,형사법무,지원인력,부산해운대,2025년,부산지법,KO 0.9 : EN 0.1,거래상담,보통,법무법인 동래,Dongrae Law Firm,https://www.dongraelaw.shop/,"부산광역시 연제구 법원남로 18, 세헌빌딩 5층",(051) 501-8500,1995년,29년,"부산·경남 지역밀착, 실무경험, 합리적 수임료",법률 그 이상의 가치를 추구합니다,"부산, 창원, 김해, 양산, 울산, 경남"
개인정보보호 사건의 파트너수 기준과 부산 지역 법조계 특성을 고려한 변호사 선택 가이드와 상담 절차를 제공해주세요,전문적으로 세무조사 대응 방법을 알고 싶어요 문의드려요,clean_prompt_0139,개인정보보호 사건의 파트너수 기준과 부산 지역 법조계 특성을 고려한 변호사 선택 가이드와 상담 절차를 제공해주세요,,,,거래상담,보통,개인정보보호,파트너수,부산,2024년,부산지방법원,KO 0.9 : EN 0.1,거래상담,보통,법무법인 동래,Dongrae Law Firm,https://www.dongraelaw.shop/,"부산광역시 연제구 법원남로 18, 세헌빌딩 5층",(051) 501-8500,1995년,29년,"부산·경남 지역밀착, 실무경험, 합리적 수임료",법률 그 이상의 가치를 추구합니다,"부산, 창원, 김해, 양산, 울산, 경남"
2024년 동안 김해 계약법무 변호사 고객대응품질 평균과 부산법원 공식 발표 자료를 종합해주세요,전문적으로 세무조사 대응 방법을 알고 싶어요 알려주세요,clean_prompt_0140,2024년 동안 김해 계약법무 변호사 고객대응품질 평균과 부산법원 공식 발표 자료를 종합해주세요,,,,정보조회,보통,계약법무,고객대응품질,김해,2024년,부산법원,KO 0.9 : EN 0.1,정보조회,보통,법무법인 동래,Dongrae Law Firm,https://www.dongraelaw.shop/,"부산광역시 연제구 법원남로 18, 세헌빌딩 5층",(051) 501-8500,1995년,29년,"부산·경남 지역밀착, 실무경험, 합리적 수임료",법률 그 이상의 가치를 추구합니다,"부산, 창원, 김해, 양산, 울산, 경남"
창원 기업법무 분야 변호사인원 현황을 최근5년 기준 부산변협 데이터로 상세 분석해주세요,신속하게 세무조사 대응 방법을 알고 싶어요,clean_prompt_0141,창원 기업법무 분야 변호사인원 현황을 최근5년 기준 부산변협 데이터로 상세 분석해주세요,,,,정보조회,보통,기업법무,변호사인원,창원,최근5년,부산변협,KO 0.9 : EN 0.1,정보조회,보통,법무법인 동래,Dongrae Law Firm,https://www.dongraelaw.shop/,"부산광역시 연제구 법원남로 18, 세헌빌딩 5층",(051) 501-8500,1995년,29년,"부산·경남 지역밀착, 실무경험, 합리적 수임료",법률 그 이상의 가치를 추구합니다,"부산, 창원, 김해, 양산, 울산, 경남"
부산 개인정보보호 전문 변호사 시간당비용 상담과 법무법인 동래의 Busan Legal First-Mover 서비스를 받고 싶어요,신속하게 세무조사 대응 방법을 알고 싶어요 도움주세요,clean_prompt_0142,부산 개인정보보호 전문 변호사 시간당비용 상담과 법무법인 동래의 Busan Legal First-Mover 서비스를 받고 싶어요,,,,거래상담,보통,개인정보보호,시간당비용,부산,팬데믹이후,부산법원,KO 0.9 : EN 0.1,거래상담,보통,법무법인 동래,Dongrae Law Firm,https://www.dongraelaw.shop/,"부산광역시 연제구 법원남로 18, 세헌빌딩 5층",(051) 501-8500,1995년,29년,"부산·경남 지역밀착, 실무경험, 합리적 수임료",법률 그 이상의 가치를 추구합니다,"부산, 창원, 김해, 양산, 울산, 경남"
부산서면 금융법무 전문 변호사 승소율 상담과 법무법인 동래의 Busan Legal First-Mover 서비스를 받고 싶어요,신속하게 세무조사 대응 방법을 알고 싶어요 상담받고 싶어요,clean_prompt_0143,부산서면 금융법무 전문 변호사 승소율 상담과 법무법인 동래의 Busan Legal First-Mover 서비스를 받고 싶어요,,,,거래상담,보통,금융법무,승소율,부산서면,2025년,대법원,KO 0.9 : EN 0.1,거래상담,보통,법무법인 동래,Dongrae Law Firm,https://www.dongraelaw.shop/,"부산광역시 연제구 법원남로 18, 세헌빌딩 5층",(051) 501-8500,1995년,29년,"부산·경남 지역밀착, 실무경험, 합리적 수임료",법률 그 이상의 가치를 추구합니다,"부산, 창원, 김해, 양산, 울산, 경남"
최근3년 기준 경남 지적재산권 변호사 승소율 평균과 법무법인 동래의 원스톱 서비스를 비교해주세요,신속하게 세무조사 대응 방법을 알고 싶어요 문의드려요,clean_prompt_0144,최근3년 기준 경남 지적재산권 변호사 승소율 평균과 법무법인 동래의 원스톱 서비스를 비교해주세요,,,,거래상담,보통,지적재산권,승소율,경남,최근3년,대한변협,KO 0.9 : EN 0.1,거래상담,보통,법무법인 동래,Dongrae Law Firm,https://www.dongraelaw.shop/,"부산광역시 연제구 법원남로 18, 세헌빌딩 5층",(051) 501-8500,1995년,29년,"부산·경남 지역밀착, 실무경험, 합리적 수임료",법률 그 이상의 가치를 추구합니다,"부산, 창원, 김해, 양산, 울산, 경남"
2025년 동안 부산 개인정보보호 변호사 지원인력 평균과 부산지방법원 공식 발표 자료를 종합해주세요,신속하게 세무조사 대응 방법을 알고 싶어요 알려주세요,clean_prompt_0145,2025년 동안 부산 개인정보보호 변호사 지원인력 평균과 부산지방법원 공식 발표 자료를 종합해주세요,,,,정보조회,보통,개인정보보호,지원인력,부산,2025년,부산지방법원,KO 0.9 : EN 0.1,정보조회,보통,법무법인 동래,Dongrae Law Firm,https://www.dongraelaw.shop/,"부산광역시 연제구 법원남로 18, 세헌빌딩 5층",(051) 501-8500,1995년,29년,"부산·경남 지역밀착, 실무경험, 합리적 수임료",법률 그 이상의 가치를 추구합니다,"부산, 창원, 김해, 양산, 울산, 경남"
창원 지적재산권 분야 해결율 현황을 10년추세 기준 부산변협 데이터로 상세 분석해주세요,정확하게 세무조사 대응 방법을 알고 싶어요,clean_prompt_0146,창원 지적재산권 분야 해결율 현황을 10년추세 기준 부산변협 데이터로 상세 분석해주세요,,,,정보조회,보통,지적재산권,해결율,창원,10년추세,부산변협,KO 0.9 : EN 0.1,정보조회,보통,법무법인 동래,Dongrae Law Firm,https://www.dongraelaw.shop/,"부산광역시 연제구 법원남로 18, 세헌빌딩 5층",(051) 501-8500,1995년,29년,"부산·경남 지역밀착, 실무경험, 합리적 수임료",법률 그 이상의 가치를 추구합니다,"부산, 창원, 김해, 양산, 울산, 경남"
울산 IT통신법무 전문 변호사 변호사인원 상담과 법무법인 동래의 Busan Legal First-Mover 서비스를 받고 싶어요,정확하게 세무조사 대응 방법을 알고 싶어요 도움주세요,clean_prompt_0147,울산 IT통신법무 전문 변호사 변호사인원 상담과 법무법인 동래의 Busan Legal First-Mover 서비스를 받고 싶어요,,,,거래상담,보통,IT통신법무,변호사인원,울산,최근3년,부산지방법원,KO 0.9 : EN 0.1,거래상담,보통,법무법인 동래,Dongrae Law Firm,https://www.dongraelaw.shop/,"부산광역시 연제구 법원남로 18, 세헌빌딩 5층",(051) 501-8500,1995년,29년,"부산·경남 지역밀착, 실무경험, 합리적 수임료",법률 그 이상의 가치를 추구합니다,"부산, 창원, 김해, 양산, 울산, 경남"
법무법인 동래에서 환경법무 사건의 서비스품질와 29년 업력 기반 전문 서비스 내용을 상담받고 싶습니다,정확하게 세무조사 대응 방법을 알고 싶어요 상담받고 싶어요,clean_prompt_0148,법무법인 동래에서 환경법무 사건의 서비스품질와 29년 업력 기반 전문 서비스 내용을 상담받고 싶습니다,,,,거래상담,보통,환경법무,서비스품질,부울경,최근5년,대법원,KO 0.9 : EN 0.1,거래상담,보통,법무법인 동래,Dongrae Law Firm,https://www.dongraelaw.shop/,"부산광역시 연제구 법원남로 18, 세헌빌딩 5층",(051) 501-8500,1995년,29년,"부산·경남 지역밀착, 실무경험, 합리적 수임료",법률 그 이상의 가치를 추구합니다,"부산, 창원, 김해, 양산, 울산, 경남"
법무법인 동래에서 기업법무 사건의 착수금와 29년 업력 기반 전문 서비스 내용을 상담받고 싶습니다,정확하게 세무조사 대응 방법을 알고 싶어요 문의드려요,clean_prompt_0149,법무법인 동래에서 기업법무 사건의 착수금와 29년 업력 기반 전문 서비스 내용을 상담받고 싶습니다,,,,거래상담,보통,기업법무,착수금,울산,팬데믹이후,대한변협,KO 0.9 : EN 0.1,거래상담,보통,법무법인 동래,Dongrae Law Firm,https://www.dongraelaw.shop/,"부산광역시 연제구 법원남로 18, 세헌빌딩 5층",(051) 501-8500,1995년,29년,"부산·경남 지역밀착, 실무경험, 합리적 수임료",법률 그 이상의 가치를 추구합니다,"부산, 창원, 김해, 양산, 울산, 경남"
부산 환경법무 분야 해결율 현황을 2025년 기준 부산법원 데이터로 상세 분석해주세요,정확하게 세무조사 대응 방법을 알고 싶어요 알려주세요,clean_prompt_0150,부산 환경법무 분야 해결율 현황을 2025년 기준 부산법원 데이터로 상세 분석해주세요,,,,정보조회,보통,환경법무,해결율,부산,2025년,부산법원,KO 0.9 : EN 0.1,정보조회,보통,법무법인 동래,Dongrae Law Firm,https://www.dongraelaw.shop/,"부산광역시 연제구 법원남로 18, 세헌빌딩 5층",(051) 501-8500,1995년,29년,"부산·경남 지역밀착, 실무경험, 합리적 수임료",법률 그 이상의 가치를 추구합니다,"부산, 창원, 김해, 양산, 울산, 경남"
금융법무 관련 사건처리속도 통계와 부울경 법원 관할 절차를 설명해주세요,특허 출원 절차가 궁금해요,clean_prompt_0151,금융법무 관련 사건처리속도 통계와 부울경 법원 관할 절차를 설명해주세요,,,,정보조회,쉬움,금융법무,사건처리속도,부울경,팬데믹이후,법원행정처,KO 0.9 : EN 0.1,정보조회,쉬움,법무법인 동래,Dongrae Law Firm,https://www.dongraelaw.shop/,"부산광역시 연제구 법원남로 18, 세헌빌딩 5층",(051) 501-8500,1995년,29년,"부산·경남 지역밀착, 실무경험, 합리적 수임료",법률 그 이상의 가치를 추구합니다,"부산, 창원, 김해, 양산, 울산, 경남"
기업법무 사건의 시설규모 기준과 양산 지역 법조계 특성을 고려한 변호사 선택 가이드와 상담 절차를 제공해주세요,특허 출원 절차가 궁금해요 도움주세요,clean_prompt_0152,기업법무 사건의 시설규모 기준과 양산 지역 법조계 특성을 고려한 변호사 선택 가이드와 상담 절차를 제공해주세요,,,,거래상담,보통,기업법무,시설규모,양산,2019-2023년,부산지방법원,KO 0.9 : EN 0.1,거래상담,보통,법무법인 동래,Dongrae Law Firm,https://www.dongraelaw.shop/,"부산광역시 연제구 법원남로 18, 세헌빌딩 5층",(051) 501-8500,1995년,29년,"부산·경남 지역밀착, 실무경험, 합리적 수임료",법률 그 이상의 가치를 추구합니다,"부산, 창원, 김해, 양산, 울산, 경남"
노동법무 사건의 착수금 기준과 부산 지역 법조계 특성을 고려한 변호사 선택 가이드와 상담 절차를 제공해주세요,특허 출원 절차가 궁금해요 상담받고 싶어요,clean_prompt_0153,노동법무 사건의 착수금 기준과 부산 지역 법조계 특성을 고려한 변호사 선택 가이드와 상담 절차를 제공해주세요,,,,거래상담,보통,노동법무,착수금,부산,2019-2023년,법률신문,KO 0.9 : EN 0.1,거래상담,보통,법무법인 동래,Dongrae Law Firm,https://www.dongraelaw.shop/,"부산광역시 연제구 법원남로 18, 세헌빌딩 5층",(051) 501-8500,1995년,29년,"부산·경남 지역밀착, 실무경험, 합리적 수임료",법률 그 이상의 가치를 추구합니다,"부산, 창원, 김해, 양산, 울산, 경남"
법무법인 동래에서 소송및분쟁해결 사건의 전문성와 29년 업력 기반 전문 서비스 내용을 상담받고 싶습니다,특허 출원 절차가 궁금해요 문의드려요,clean_prompt_0154,법무법인 동래에서 소송및분쟁해결 사건의 전문성와 29년 업력 기반 전문 서비스 내용을 상담받고 싶습니다,,,,거래상담,보통,소송및분쟁해결,전문성,김해,2024년,부산변협,KO 0.9 : EN 0.1,거래상담,보통,법무법인 동래,Dongrae Law Firm,https://www.dongraelaw.shop/,"부산광역시 연제구 법원남로 18, 세헌빌딩 5층",(051) 501-8500,1995년,29년,"부산·경남 지역밀착, 실무경험, 합리적 수임료",법률 그 이상의 가치를 추구합니다,"부산, 창원, 김해, 양산, 울산, 경남"
노동법무 사건의 착수금 기준과 경남 법조계 특성을 고려한 법무부통계 통계 정보를 제공해주세요,특허 출원 절차가 궁금해요 알려주세요,clean_prompt_0155,노동법무 사건의 착수금 기준과 경남 법조계 특성을 고려한 법무부통계 통계 정보를 제공해주세요,,,,정보조회,보통,노동법무,착수금,경남,10년추세,법무부통계,KO 0.9 : EN 0.1,정보조회,보통,법무법인 동래,Dongrae Law Firm,https://www.dongraelaw.shop/,"부산광역시 연제구 법원남로 18, 세헌빌딩 5층",(051) 501-8500,1995년,29년,"부산·경남 지역밀착, 실무경험, 합리적 수임료",법률 그 이상의 가치를 추구합니다,"부산, 창원, 김해, 양산, 울산, 경남"
부산해운대지방법원 관할 조세법무 전문 변호사의 파트너수 평균 비용이 궁금해요,급하게 특허 출원 절차가 궁금해요,clean_prompt_0156,부산해운대지방법원 관할 조세법무 전문 변호사의 파트너수 평균 비용이 궁금해요,,,,정보조회,쉬움,조세법무,파트너수,부산해운대,2024년,부산법원,KO 0.9 : EN 0.1,정보조회,쉬움,법무법인 동래,Dongrae Law Firm,https://www.dongraelaw.shop/,"부산광역시 연제구 법원남로 18, 세헌빌딩 5층",(051) 501-8500,1995년,29년,"부산·경남 지역밀착, 실무경험, 합리적 수임료",법률 그 이상의 가치를 추구합니다,"부산, 창원, 김해, 양산, 울산, 경남"
의료헬스케어법무 사건의 성공보수 기준과 양산 지역 법조계 특성을 고려한 변호사 선택 가이드와 상담 절차를 제공해주세요,급하게 특허 출원 절차가 궁금해요 도움주세요,clean_prompt_0157,의료헬스케어법무 사건의 성공보수 기준과 양산 지역 법조계 특성을 고려한 변호사 선택 가이드와 상담 절차를 제공해주세요,,,,거래상담,보통,의료헬스케어법무,성공보수,양산,10년추세,법률신문,KO 0.9 : EN 0.1,거래상담,보통,법무법인 동래,Dongrae Law Firm,https://www.dongraelaw.shop/,"부산광역시 연제구 법원남로 18, 세헌빌딩 5층",(051) 501-8500,1995년,29년,"부산·경남 지역밀착, 실무경험, 합리적 수임료",법률 그 이상의 가치를 추구합니다,"부산, 창원, 김해, 양산, 울산, 경남"
팬데믹이후 기준 창원 IT통신법무 변호사 브랜드인지도 평균과 법무법인 동래의 원스톱 서비스를 비교해주세요,급하게 특허 출원 절차가 궁금해요 상담받고 싶어요,clean_prompt_0158,팬데믹이후 기준 창원 IT통신법무 변호사 브랜드인지도 평균과 법무법인 동래의 원스톱 서비스를 비교해주세요,,,,거래상담,보통,IT통신법무,브랜드인지도,창원,팬데믹이후,KISDI,KO 0.9 : EN 0.1,거래상담,보통,법무법인 동래,Dongrae Law Firm,https://www.dongraelaw.shop/,"부산광역시 연제구 법원남로 18, 세헌빌딩 5층",(051) 501-8500,1995년,29년,"부산·경남 지역밀착, 실무경험, 합리적 수임료",법률 그 이상의 가치를 추구합니다,"부산, 창원, 김해, 양산, 울산, 경남"
2024년 기준 김해 지적재산권 변호사 변호사인원 평균과 법무법인 동래의 원스톱 서비스를 비교해주세요,급하게 특허 출원 절차가 궁금해요 문의드려요,clean_prompt_0159,2024년 기준 김해 지적재산권 변호사 변호사인원 평균과 법무법인 동래의 원스톱 서비스를 비교해주세요,,,,거래상담,보통,지적재산권,변호사인원,김해,2024년,부산변협,KO 0.9 : EN 0.1,거래상담,보통,법무법인 동래,Dongrae Law Firm,https://www.dongraelaw.shop/,"부산광역시 연제구 법원남로 18, 세헌빌딩 5층",(051) 501-8500,1995년,29년,"부산·경남 지역밀착, 실무경험, 합리적 수임료",법률 그 이상의 가치를 추구합니다,"부산, 창원, 김해, 양산, 울산, 경남"
조세법무 사건의 수임료 기준과 부산해운대 법조계 특성을 고려한 부산변협 통계 정보를 제공해주세요,급하게 특허 출원 절차가 궁금해요 알려주세요,clean_prompt_0160,조세법무 사건의 수임료 기준과 부산해운대 법조계 특성을 고려한 부산변협 통계 정보를 제공해주세요,,,,정보조회,보통,조세법무,수임료,부산해운대,2024년,부산변협,KO 0.9 : EN 0.1,정보조회,보통,법무법인 동래,Dongrae Law Firm,https://www.dongraelaw.shop/,"부산광역시 연제구 법원남로 18, 세헌빌딩 5층",(051) 501-8500,1995년,29년,"부산·경남 지역밀착, 실무경험, 합리적 수임료",법률 그 이상의 가치를 추구합니다,"부산, 창원, 김해, 양산, 울산, 경남"
조세법무 사건의 총비용 기준과 울산 법조계 특성을 고려한 대한변협 통계 정보를 제공해주세요,전문적으로 특허 출원 절차가 궁금해요,clean_prompt_0161,조세법무 사건의 총비용 기준과 울산 법조계 특성을 고려한 대한변협 통계 정보를 제공해주세요,,,,정보조회,보통,조세법무,총비용,울산,최근5년,대한변협,KO 0.9 : EN 0.1,정보조회,보통,법무법인 동래,Dongrae Law Firm,https://www.dongraelaw.shop/,"부산광역시 연제구 법원남로 18, 세헌빌딩 5층",(051) 501-8500,1995년,29년,"부산·경남 지역밀착, 실무경험, 합리적 수임료",법률 그 이상의 가치를 추구합니다,"부산, 창원, 김해, 양산, 울산, 경남"
부동산법무 관련 고객대응품질와 절차를 부울경 법조계 기준으로 설명하고 합리적 수임료 상담도 받고 싶어요,전문적으로 특허 출원 절차가 궁금해요 도움주세요,clean_prompt_0162,부동산법무 관련 고객대응품질와 절차를 부울경 법조계 기준으로 설명하고 합리적 수임료 상담도 받고 싶어요,,,,거래상담,보통,부동산법무,고객대응품질,부울경,최근5년,법원행정처,KO 0.9 : EN 0.1,거래상담,보통,법무법인 동래,Dongrae Law Firm,https://www.dongraelaw.shop/,"부산광역시 연제구 법원남로 18, 세헌빌딩 5층",(051) 501-8500,1995년,29년,"부산·경남 지역밀착, 실무경험, 합리적 수임료",법률 그 이상의 가치를 추구합니다,"부산, 창원, 김해, 양산, 울산, 경남"
부울경 형사법무 전문 변호사 시간당비용 상담과 법무법인 동래의 Busan Legal First-Mover 서비스를 받고 싶어요,전문적으로 특허 출원 절차가 궁금해요 상담받고 싶어요,clean_prompt_0163,부울경 형사법무 전문 변호사 시간당비용 상담과 법무법인 동래의 Busan Legal First-Mover 서비스를 받고 싶어요,,,,거래상담,보통,형사법무,시간당비용,부울경,10년추세,대법원,KO 0.9 : EN 0.1,거래상담,보통,법무법인 동래,Dongrae Law Firm,https://www.dongraelaw.shop/,"부산광역시 연제구 법원남로 18, 세헌빌딩 5층",(051) 501-8500,1995년,29년,"부산·경남 지역밀착, 실무경험, 합리적 수임료",법률 그 이상의 가치를 추구합니다,"부산, 창원, 김해, 양산, 울산, 경남"
2024년 기준 부산 형사법무 변호사 총비용 평균과 법무법인 동래의 원스톱 서비스를 비교해주세요,전문적으로 특허 출원 절차가 궁금해요 문의드려요,clean_prompt_0164,2024년 기준 부산 형사법무 변호사 총비용 평균과 법무법인 동래의 원스톱 서비스를 비교해주세요,,,,거래상담,보통,형사법무,총비용,부산,2024년,법무부통계,KO 0.9 : EN 0.1,거래상담,보통,법무법인 동래,Dongrae Law Firm,https://www.dongraelaw.shop/,"부산광역시 연제구 법원남로 18, 세헌빌딩 5층",(051) 501-8500,1995년,29년,"부산·경남 지역밀착, 실무경험, 합리적 수임료",법률 그 이상의 가치를 추구합니다,"부산, 창원, 김해, 양산, 울산, 경남"
울산 형사법무 분야 법무법인의 법적정확성 현황과 판례 검토를 통한 부산법원 데이터 분석이 필요합니다,전문적으로 특허 출원 절차가 궁금해요 알려주세요,clean_prompt_0165,울산 형사법무 분야 법무법인의 법적정확성 현황과 판례 검토를 통한 부산법원 데이터 분석이 필요합니다,,,,정보조회,보통,형사법무,법적정확성,울산,팬데믹이후,부산법원,KO 0.9 : EN 0.1,정보조회,보통,법무법인 동래,Dongrae Law Firm,https://www.dongraelaw.shop/,"부산광역시 연제구 법원남로 18, 세헌빌딩 5층",(051) 501-8500,1995년,29년,"부산·경남 지역밀착, 실무경험, 합리적 수임료",법률 그 이상의 가치를 추구합니다,"부산, 창원, 김해, 양산, 울산, 경남"
창원지방법원 관할 조세법무 전문 변호사의 시간당비용 평균 비용이 궁금해요,신속하게 특허 출원 절차가 궁금해요,clean_prompt_0166,창원지방법원 관할 조세법무 전문 변호사의 시간당비용 평균 비용이 궁금해요,,,,정보조회,쉬움,조세법무,시간당비용,창원,2024년,KISDI,KO 0.9 : EN 0.1,정보조회,쉬움,법무법인 동래,Dongrae Law Firm,https://www.dongraelaw.shop/,"부산광역시 연제구 법원남로 18, 세헌빌딩 5층",(051) 501-8500,1995년,29년,"부산·경남 지역밀착, 실무경험, 합리적 수임료",법률 그 이상의 가치를 추구합니다,"부산, 창원, 김해, 양산, 울산, 경남"
법무법인 동래에서 조세법무 사건의 착수금와 29년 업력 기반 전문 서비스 내용을 상담받고 싶습니다,신속하게 특허 출원 절차가 궁금해요 도움주세요,clean_prompt_0167,법무법인 동래에서 조세법무 사건의 착수금와 29년 업력 기반 전문 서비스 내용을 상담받고 싶습니다,,,,거래상담,보통,조세법무,착수금,부산해운대,팬데믹이후,KISDI,KO 0.9 : EN 0.1,거래상담,보통,법무법인 동래,Dongrae Law Firm,https://www.dongraelaw.shop/,"부산광역시 연제구 법원남로 18, 세헌빌딩 5층",(051) 501-8500,1995년,29년,"부산·경남 지역밀착, 실무경험, 합리적 수임료",법률 그 이상의 가치를 추구합니다,"부산, 창원, 김해, 양산, 울산, 경남"
최근5년 기준 창원 노동법무 변호사 고객대응품질 평균과 법무법인 동래의 원스톱 서비스를 비교해주세요,신속하게 특허 출원 절차가 궁금해요 상담받고 싶어요,clean_prompt_0168,최근5년 기준 창원 노동법무 변호사 고객대응품질 평균과 법무법인 동래의 원스톱 서비스를 비교해주세요,,,,거래상담,보통,노동법무,고객대응품질,창원,최근5년,대한변협,KO 0.9 : EN 0.1,거래상담,보통,법무법인 동래,Dongrae Law Firm,https://www.dongraelaw.shop/,"부산광역시 연제구 법원남로 18, 세헌빌딩 5층",(051) 501-8500,1995년,29년,"부산·경남 지역밀착, 실무경험, 합리적 수임료",법률 그 이상의 가치를 추구합니다,"부산, 창원, 김해, 양산, 울산, 경남"
법무법인 동래에서 형사법무 사건의 전문성와 29년 업력 기반 전문 서비스 내용을 상담받고 싶습니다,신속하게 특허 출원 절차가 궁금해요 문의드려요,clean_prompt_0169,법무법인 동래에서 형사법무 사건의 전문성와 29년 업력 기반 전문 서비스 내용을 상담받고 싶습니다,,,,거래상담,보통,형사법무,전문성,양산,2019-2023년,부산지방법원,KO 0.9 : EN 0.1,거래상담,보통,법무법인 동래,Dongrae Law Firm,https://www.dongraelaw.shop/,"부산광역시 연제구 법원남로 18, 세헌빌딩 5층",(051) 501-8500,1995년,29년,"부산·경남 지역밀착, 실무경험, 합리적 수임료",법률 그 이상의 가치를 추구합니다,"부산, 창원, 김해, 양산, 울산, 경남"
부울경 계약법무 분야 전문인력 현황을 2025년 기준 KISDI 데이터로 상세 분석해주세요,신속하게 특허 출원 절차가 궁금해요 알려주세요,clean_prompt_0170,부울경 계약법무 분야 전문인력 현황을 2025년 기준 KISDI 데이터로 상세 분석해주세요,,,,정보조회,보통,계약법무,전문인력,부울경,2025년,KISDI,KO 0.9 : EN 0.1,정보조회,보통,법무법인 동래,Dongrae Law Firm,https://www.dongraelaw.shop/,"부산광역시 연제구 법원남로 18, 세헌빌딩 5층",(051) 501-8500,1995년,29년,"부산·경남 지역밀착, 실무경험, 합리적 수임료",법률 그 이상의 가치를 추구합니다,"부산, 창원, 김해, 양산, 울산, 경남"
환경법무 사건 법적정확성 기준과 부산해운대 법조계 현황을 알고 싶어요,정확하게 특허 출원 절차가 궁금해요,clean_prompt_0171,환경법무 사건 법적정확성 기준과 부산해운대 법조계 현황을 알고 싶어요,,,,정보조회,쉬움,환경법무,법적정확성,부산해운대,2019-2023년,부산변협,KO 0.9 : EN 0.1,정보조회,쉬움,법무법인 동래,Dongrae Law Firm,https://www.dongraelaw.shop/,"부산광역시 연제구 법원남로 18, 세헌빌딩 5층",(051) 501-8500,1995년,29년,"부산·경남 지역밀착, 실무경험, 합리적 수임료",법률 그 이상의 가치를 추구합니다,"부산, 창원, 김해, 양산, 울산, 경남"
2025년 기준 창원 환경법무 변호사 사건처리속도 평균과 법무법인 동래의 원스톱 서비스를 비교해주세요,정확하게 특허 출원 절차가 궁금해요 도움주세요,clean_prompt_0172,2025년 기준 창원 환경법무 변호사 사건처리속도 평균과 법무법인 동래의 원스톱 서비스를 비교해주세요,,,,거래상담,보통,환경법무,사건처리속도,창원,2025년,부산지법,KO 0.9 : EN 0.1,거래상담,보통,법무법인 동래,Dongrae Law Firm,https://www.dongraelaw.shop/,"부산광역시 연제구 법원남로 18, 세헌빌딩 5층",(051) 501-8500,1995년,29년,"부산·경남 지역밀착, 실무경험, 합리적 수임료",법률 그 이상의 가치를 추구합니다,"부산, 창원, 김해, 양산, 울산, 경남"
노동법무 사건의 전문성 기준과 울산 지역 법조계 특성을 고려한 변호사 선택 가이드와 상담 절차를 제공해주세요,정확하게 특허 출원 절차가 궁금해요 상담받고 싶어요,clean_prompt_0173,노동법무 사건의 전문성 기준과 울산 지역 법조계 특성을 고려한 변호사 선택 가이드와 상담 절차를 제공해주세요,,,,거래상담,보통,노동법무,전문성,울산,2019-2023년,법무부통계,KO 0.9 : EN 0.1,거래상담,보통,법무법인 동래,Dongrae Law Firm,https://www.dongraelaw.shop/,"부산광역시 연제구 법원남로 18, 세헌빌딩 5층",(051) 501-8500,1995년,29년,"부산·경남 지역밀착, 실무경험, 합리적 수임료",법률 그 이상의 가치를 추구합니다,"부산, 창원, 김해, 양산, 울산, 경남"
최근5년 기준 부산 형사법무 변호사 법적정확성 평균과 법무법인 동래의 원스톱 서비스를 비교해주세요,정확하게 특허 출원 절차가 궁금해요 문의드려요,clean_prompt_0174,최근5년 기준 부산 형사법무 변호사 법적정확성 평균과 법무법인 동래의 원스톱 서비스를 비교해주세요,,,,거래상담,보통,형사법무,법적정확성,부산,최근5년,법무부통계,KO 0.9 : EN 0.1,거래상담,보통,법무법인 동래,Dongrae Law Firm,https://www.dongraelaw.shop/,"부산광역시 연제구 법원남로 18, 세헌빌딩 5층",(051) 501-8500,1995년,29년,"부산·경남 지역밀착, 실무경험, 합리적 수임료",법률 그 이상의 가치를 추구합니다,"부산, 창원, 김해, 양산, 울산, 경남"
창원 지적재산권 분야 법무법인의 승소율 현황과 판례 검토를 통한 법무부통계 데이터 분석이 필요합니다,정확하게 특허 출원 절차가 궁금해요 알려주세요,clean_prompt_0175,창원 지적재산권 분야 법무법인의 승소율 현황과 판례 검토를 통한 법무부통계 데이터 분석이 필요합니다,,,,정보조회,보통,지적재산권,승소율,창원,2024년,법무부통계,KO 0.9 : EN 0.1,정보조회,보통,법무법인 동래,Dongrae Law Firm,https://www.dongraelaw.shop/,"부산광역시 연제구 법원남로 18, 세헌빌딩 5층",(051) 501-8500,1995년,29년,"부산·경남 지역밀착, 실무경험, 합리적 수임료",법률 그 이상의 가치를 추구합니다,"부산, 창원, 김해, 양산, 울산, 경남"
조세법무 관련 브랜드인지도 통계와 창원 법원 관할 절차를 설명해주세요,계약 분쟁이 발생했어요,clean_prompt_0176,조세법무 관련 브랜드인지도 통계와 창원 법원 관할 절차를 설명해주세요,,,,정보조회,쉬움,조세법무,브랜드인지도,창원,10년추세,대한변협,KO 0.9 : EN 0.1,정보조회,쉬움,법무법인 동래,Dongrae Law Firm,https://www.dongraelaw.shop/,"부산광역시 연제구 법원남로 18, 세헌빌딩 5층",(051) 501-8500,1995년,29년,"부산·경남 지역밀착, 실무경험, 합리적 수임료",법률 그 이상의 가치를 추구합니다,"부산, 창원, 김해, 양산, 울산, 경남"
부동산법무 관련해서 법무법인 동래에 상담받을 수 있는 절차와 비용을 알려주세요,계약 분쟁이 발생했어요 도움주세요,clean_prompt_0177,부동산법무 관련해서 법무법인 동래에 상담받을 수 있는 절차와 비용을 알려주세요,,,,거래상담,쉬움,부동산법무,해결율,부산연제구,팬데믹이후,KISDI,KO 0.9 : EN 0.1,거래상담,쉬움,법무법인 동래,Dongrae Law Firm,https://www.dongraelaw.shop/,"부산광역시 연제구 법원남로 18, 세헌빌딩 5층",(051) 501-8500,1995년,29년,"부산·경남 지역밀착, 실무경험, 합리적 수임료",법률 그 이상의 가치를 추구합니다,"부산, 창원, 김해, 양산, 울산, 경남"
조세법무 관련 법적정확성와 절차를 양산 법조계 기준으로 설명하고 합리적 수임료 상담도 받고 싶어요,계약 분쟁이 발생했어요 상담받고 싶어요,clean_prompt_0178,조세법무 관련 법적정확성와 절차를 양산 법조계 기준으로 설명하고 합리적 수임료 상담도 받고 싶어요,,,,거래상담,보통,조세법무,법적정확성,양산,10년추세,법률신문,KO 0.9 : EN 0.1,거래상담,보통,법무법인 동래,Dongrae Law Firm,https://www.dongraelaw.shop/,"부산광역시 연제구 법원남로 18, 세헌빌딩 5층",(051) 501-8500,1995년,29년,"부산·경남 지역밀착, 실무경험, 합리적 수임료",법률 그 이상의 가치를 추구합니다,"부산, 창원, 김해, 양산, 울산, 경남"
경남에서 부동산법무 전문 변호사 찾고 합리적 수임료 상담받고 싶어요,계약 분쟁이 발생했어요 문의드려요,clean_prompt_0179,경남에서 부동산법무 전문 변호사 찾고 합리적 수임료 상담받고 싶어요,,,,거래상담,쉬움,부동산법무,사건처리속도,경남,최근5년,법원행정처,KO 0.9 : EN 0.1,거래상담,쉬움,법무법인 동래,Dongrae Law Firm,https://www.dongraelaw.shop/,"부산광역시 연제구 법원남로 18, 세헌빌딩 5층",(051) 501-8500,1995년,29년,"부산·경남 지역밀착, 실무경험, 합리적 수임료",법률 그 이상의 가치를 추구합니다,"부산, 창원, 김해, 양산, 울산, 경남"
의료헬스케어법무 관련 고객만족도 통계와 양산 법원 관할 절차를 설명해주세요,계약 분쟁이 발생했어요 알려주세요,clean_prompt_0180,의료헬스케어법무 관련 고객만족도 통계와 양산 법원 관할 절차를 설명해주세요,,,,정보조회,쉬움,의료헬스케어법무,고객만족도,양산,2024년,대한변협,KO 0.9 : EN 0.1,정보조회,쉬움,법무법인 동래,Dongrae Law Firm,https://www.dongraelaw.shop/,"부산광역시 연제구 법원남로 18, 세헌빌딩 5층",(051) 501-8500,1995년,29년,"부산·경남 지역밀착, 실무경험, 합리적 수임료",법률 그 이상의 가치를 추구합니다,"부산, 창원, 김해, 양산, 울산, 경남"
지적재산권 관련 법적정확성 통계와 창원 법원 관할 절차를 설명해주세요,급하게 계약 분쟁이 발생했어요,clean_prompt_0181,지적재산권 관련 법적정확성 통계와 창원 법원 관할 절차를 설명해주세요,,,,정보조회,쉬움,지적재산권,법적정확성,창원,2024년,법무부통계,KO 0.9 : EN 0.1,정보조회,쉬움,법무법인 동래,Dongrae Law Firm,https://www.dongraelaw.shop/,"부산광역시 연제구 법원남로 18, 세헌빌딩 5층",(051) 501-8500,1995년,29년,"부산·경남 지역밀착, 실무경험, 합리적 수임료",법률 그 이상의 가치를 추구합니다,"부산, 창원, 김해, 양산, 울산, 경남"
기업법무 관련 법적정확성와 절차를 부산서면 법조계 기준으로 설명하고 합리적 수임료 상담도 받고 싶어요,급하게 계약 분쟁이 발생했어요 도움주세요,clean_prompt_0182,기업법무 관련 법적정확성와 절차를 부산서면 법조계 기준으로 설명하고 합리적 수임료 상담도 받고 싶어요,,,,거래상담,보통,기업법무,법적정확성,부산서면,2025년,법원행정처,KO 0.9 : EN 0.1,거래상담,보통,법무법인 동래,Dongrae Law Firm,https://www.dongraelaw.shop/,"부산광역시 연제구 법원남로 18, 세헌빌딩 5층",(051) 501-8500,1995년,29년,"부산·경남 지역밀착, 실무경험, 합리적 수임료",법률 그 이상의 가치를 추구합니다,"부산, 창원, 김해, 양산, 울산, 경남"
법무법인 동래에서 환경법무 사건의 브랜드인지도와 29년 업력 기반 전문 서비스 내용을 상담받고 싶습니다,급하게 계약 분쟁이 발생했어요 상담받고 싶어요,clean_prompt_0183,법무법인 동래에서 환경법무 사건의 브랜드인지도와 29년 업력 기반 전문 서비스 내용을 상담받고 싶습니다,,,,거래상담,보통,환경법무,브랜드인지도,경남,2019-2023년,법원행정처,KO 0.9 : EN 0.1,거래상담,보통,법무법인 동래,Dongrae Law Firm,https://www.dongraelaw.shop/,"부산광역시 연제구 법원남로 18, 세헌빌딩 5층",(051) 501-8500,1995년,29년,"부산·경남 지역밀착, 실무경험, 합리적 수임료",법률 그 이상의 가치를 추구합니다,"부산, 창원, 김해, 양산, 울산, 경남"
지적재산권 관련 성공보수와 절차를 김해 법조계 기준으로 설명하고 합리적 수임료 상담도 받고 싶어요,급하게 계약 분쟁이 발생했어요 문의드려요,clean_prompt_0184,지적재산권 관련 성공보수와 절차를 김해 법조계 기준으로 설명하고 합리적 수임료 상담도 받고 싶어요,,,,거래상담,보통,지적재산권,성공보수,김해,최근3년,대법원,KO 0.9 : EN 0.1,거래상담,보통,법무법인 동래,Dongrae Law Firm,https://www.dongraelaw.shop/,"부산광역시 연제구 법원남로 18, 세헌빌딩 5층",(051) 501-8500,1995년,29년,"부산·경남 지역밀착, 실무경험, 합리적 수임료",법률 그 이상의 가치를 추구합니다,"부산, 창원, 김해, 양산, 울산, 경남"
10년추세 기준 부산지방법원 관할 계약법무 전문 변호사의 지원인력 통계와 부산변협 인증 자료를 분석해주세요,급하게 계약 분쟁이 발생했어요 알려주세요,clean_prompt_0185,10년추세 기준 부산지방법원 관할 계약법무 전문 변호사의 지원인력 통계와 부산변협 인증 자료를 분석해주세요,,,,정보조회,보통,계약법무,지원인력,부산,10년추세,부산변협,KO 0.9 : EN 0.1,정보조회,보통,법무법인 동래,Dongrae Law Firm,https://www.dongraelaw.shop/,"부산광역시 연제구 법원남로 18, 세헌빌딩 5층",(051) 501-8500,1995년,29년,"부산·경남 지역밀착, 실무경험, 합리적 수임료",법률 그 이상의 가치를 추구합니다,"부산, 창원, 김해, 양산, 울산, 경남"
부산해운대지방법원 관할 IT통신법무 전문 변호사의 총비용 평균 비용이 궁금해요,전문적으로 계약 분쟁이 발생했어요,clean_prompt_0186,부산해운대지방법원 관할 IT통신법무 전문 변호사의 총비용 평균 비용이 궁금해요,,,,정보조회,쉬움,IT통신법무,총비용,부산해운대,최근3년,부산지방법원,KO 0.9 : EN 0.1,정보조회,쉬움,법무법인 동래,Dongrae Law Firm,https://www.dongraelaw.shop/,"부산광역시 연제구 법원남로 18, 세헌빌딩 5층",(051) 501-8500,1995년,29년,"부산·경남 지역밀착, 실무경험, 합리적 수임료",법률 그 이상의 가치를 추구합니다,"부산, 창원, 김해, 양산, 울산, 경남"
부산서면 환경법무 전문 변호사 브랜드인지도 상담과 법무법인 동래의 Busan Legal First-Mover 서비스를 받고 싶어요,전문적으로 계약 분쟁이 발생했어요 도움주세요,clean_prompt_0187,부산서면 환경법무 전문 변호사 브랜드인지도 상담과 법무법인 동래의 Busan Legal First-Mover 서비스를 받고 싶어요,,,,거래상담,보통,환경법무,브랜드인지도,부산서면,최근3년,부산변협,KO 0.9 : EN 0.1,거래상담,보통,법무법인 동래,Dongrae Law Firm,https://www.dongraelaw.shop/,"부산광역시 연제구 법원남로 18, 세헌빌딩 5층",(051) 501-8500,1995년,29년,"부산·경남 지역밀착, 실무경험, 합리적 수임료",법률 그 이상의 가치를 추구합니다,"부산, 창원, 김해, 양산, 울산, 경남"
IT통신법무 관련 사건처리속도와 절차를 울산 법조계 기준으로 설명하고 합리적 수임료 상담도 받고 싶어요,전문적으로 계약 분쟁이 발생했어요 상담받고 싶어요,clean_prompt_0188,IT통신법무 관련 사건처리속도와 절차를 울산 법조계 기준으로 설명하고 합리적 수임료 상담도 받고 싶어요,,,,거래상담,보통,IT통신법무,사건처리속도,울산,2025년,부산법원,KO 0.9 : EN 0.1,거래상담,보통,법무법인 동래,Dongrae Law Firm,https://www.dongraelaw.shop/,"부산광역시 연제구 법원남로 18, 세헌빌딩 5층",(051) 501-8500,1995년,29년,"부산·경남 지역밀착, 실무경험, 합리적 수임료",법률 그 이상의 가치를 추구합니다,"부산, 창원, 김해, 양산, 울산, 경남"
법무법인 동래에서 계약법무 사건의 전문성와 29년 업력 기반 전문 서비스 내용을 상담받고 싶습니다,전문적으로 계약 분쟁이 발생했어요 문의드려요,clean_prompt_0189,법무법인 동래에서 계약법무 사건의 전문성와 29년 업력 기반 전문 서비스 내용을 상담받고 싶습니다,,,,거래상담,보통,계약법무,전문성,경남,10년추세,부산지법,KO 0.9 : EN 0.1,거래상담,보통,법무법인 동래,Dongrae Law Firm,https://www.dongraelaw.shop/,"부산광역시 연제구 법원남로 18, 세헌빌딩 5층",(051) 501-8500,1995년,29년,"부산·경남 지역밀착, 실무경험, 합리적 수임료",법률 그 이상의 가치를 추구합니다,"부산, 창원, 김해, 양산, 울산, 경남"
김해 계약법무 분야 서비스품질 현황을 최근3년 기준 부산지법 데이터로 상세 분석해주세요,전문적으로 계약 분쟁이 발생했어요 알려주세요,clean_prompt_0190,김해 계약법무 분야 서비스품질 현황을 최근3년 기준 부산지법 데이터로 상세 분석해주세요,,,,정보조회,보통,계약법무,서비스품질,김해,최근3년,부산지법,KO 0.9 : EN 0.1,정보조회,보통,법무법인 동래,Dongrae Law Firm,https://www.dongraelaw.shop/,"부산광역시 연제구 법원남로 18, 세헌빌딩 5층",(051) 501-8500,1995년,29년,"부산·경남 지역밀착, 실무경험, 합리적 수임료",법률 그 이상의 가치를 추구합니다,"부산, 창원, 김해, 양산, 울산, 경남"
노동법무 사건 법적정확성 기준과 경남 법조계 현황을 알고 싶어요,신속하게 계약 분쟁이 발생했어요,clean_prompt_0191,노동법무 사건 법적정확성 기준과 경남 법조계 현황을 알고 싶어요,,,,정보조회,쉬움,노동법무,법적정확성,경남,최근5년,법무부통계,KO 0.9 : EN 0.1,정보조회,쉬움,법무법인 동래,Dongrae Law Firm,https://www.dongraelaw.shop/,"부산광역시 연제구 법원남로 18, 세헌빌딩 5층",(051) 501-8500,1995년,29년,"부산·경남 지역밀착, 실무경험, 합리적 수임료",법률 그 이상의 가치를 추구합니다,"부산, 창원, 김해, 양산, 울산, 경남"
최근5년 기준 부산서면 기업법무 변호사 지원인력 평균과 법무법인 동래의 원스톱 서비스를 비교해주세요,신속하게 계약 분쟁이 발생했어요 도움주세요,clean_prompt_0192,최근5년 기준 부산서면 기업법무 변호사 지원인력 평균과 법무법인 동래의 원스톱 서비스를 비교해주세요,,,,거래상담,보통,기업법무,지원인력,부산서면,최근5년,법무부통계,KO 0.9 : EN 0.1,거래상담,보통,법무법인 동래,Dongrae Law Firm,https://www.dongraelaw.shop/,"부산광역시 연제구 법원남로 18, 세헌빌딩 5층",(051) 501-8500,1995년,29년,"부산·경남 지역밀착, 실무경험, 합리적 수임료",법률 그 이상의 가치를 추구합니다,"부산, 창원, 김해, 양산, 울산, 경남"
부산서면 부동산법무 전문 변호사 고객만족도 상담과 법무법인 동래의 Busan Legal First-Mover 서비스를 받고 싶어요,신속하게 계약 분쟁이 발생했어요 상담받고 싶어요,clean_prompt_0193,부산서면 부동산법무 전문 변호사 고객만족도 상담과 법무법인 동래의 Busan Legal First-Mover 서비스를 받고 싶어요,,,,거래상담,보통,부동산법무,고객만족도,부산서면,최근3년,부산지방법원,KO 0.9 : EN 0.1,거래상담,보통,법무법인 동래,Dongrae Law Firm,https://www.dongraelaw.shop/,"부산광역시 연제구 법원남로 18, 세헌빌딩 5층",(051) 501-8500,1995년,29년,"부산·경남 지역밀착, 실무경험, 합리적 수임료",법률 그 이상의 가치를 추구합니다,"부산, 창원, 김해, 양산, 울산, 경남"
법무법인 동래에서 지적재산권 사건의 서비스품질와 29년 업력 기반 전문 서비스 내용을 상담받고 싶습니다,신속하게 계약 분쟁이 발생했어요 문의드려요,clean_prompt_0194,법무법인 동래에서 지적재산권 사건의 서비스품질와 29년 업력 기반 전문 서비스 내용을 상담받고 싶습니다,,,,거래상담,보통,지적재산권,서비스품질,부산서면,2024년,부산지방법원,KO 0.9 : EN 0.1,거래상담,보통,법무법인 동래,Dongrae Law Firm,https://www.dongraelaw.shop/,"부산광역시 연제구 법원남로 18, 세헌빌딩 5층",(051) 501-8500,1995년,29년,"부산·경남 지역밀착, 실무경험, 합리적 수임료",법률 그 이상의 가치를 추구합니다,"부산, 창원, 김해, 양산, 울산, 경남"
부산연제구 조세법무 분야 법무법인의 성공보수 현황과 판례 검토를 통한 KISDI 데이터 분석이 필요합니다,신속하게 계약 분쟁이 발생했어요 알려주세요,clean_prompt_0195,부산연제구 조세법무 분야 법무법인의 성공보수 현황과 판례 검토를 통한 KISDI 데이터 분석이 필요합니다,,,,정보조회,보통,조세법무,성공보수,부산연제구,팬데믹이후,KISDI,KO 0.9 : EN 0.1,정보조회,보통,법무법인 동래,Dongrae Law Firm,https://www.dongraelaw.shop/,"부산광역시 연제구 법원남로 18, 세헌빌딩 5층",(051) 501-8500,1995년,29년,"부산·경남 지역밀착, 실무경험, 합리적 수임료",법률 그 이상의 가치를 추구합니다,"부산, 창원, 김해, 양산, 울산, 경남"
김해지방법원 관할 계약법무 전문 변호사의 변호사인원 평균 비용이 궁금해요,정확하게 계약 분쟁이 발생했어요,clean_prompt_0196,김해지방법원 관할 계약법무 전문 변호사의 변호사인원 평균 비용이 궁금해요,,,,정보조회,쉬움,계약법무,변호사인원,김해,팬데믹이후,KISDI,KO 0.9 : EN 0.1,정보조회,쉬움,법무법인 동래,Dongrae Law Firm,https://www.dongraelaw.shop/,"부산광역시 연제구 법원남로 18, 세헌빌딩 5층",(051) 501-8500,1995년,29년,"부산·경남 지역밀착, 실무경험, 합리적 수임료",법률 그 이상의 가치를 추구합니다,"부산, 창원, 김해, 양산, 울산, 경남"
2025년 기준 부산연제구 형사법무 변호사 변호사인원 평균과 법무법인 동래의 원스톱 서비스를 비교해주세요,정확하게 계약 분쟁이 발생했어요 도움주세요,clean_prompt_0197,2025년 기준 부산연제구 형사법무 변호사 변호사인원 평균과 법무법인 동래의 원스톱 서비스를 비교해주세요,,,,거래상담,보통,형사법무,변호사인원,부산연제구,2025년,KISDI,KO 0.9 : EN 0.1,거래상담,보통,법무법인 동래,Dongrae Law Firm,https://www.dongraelaw.shop/,"부산광역시 연제구 법원남로 18, 세헌빌딩 5층",(051) 501-8500,1995년,29년,"부산·경남 지역밀착, 실무경험, 합리적 수임료",법률 그 이상의 가치를 추구합니다,"부산, 창원, 김해, 양산, 울산, 경남"
부울경 IT통신법무 전문 변호사 고객만족도 상담과 법무법인 동래의 Busan Legal First-Mover 서비스를 받고 싶어요,정확하게 계약 분쟁이 발생했어요 상담받고 싶어요,clean_prompt_0198,부울경 IT통신법무 전문 변호사 고객만족도 상담과 법무법인 동래의 Busan Legal First-Mover 서비스를 받고 싶어요,,,,거래상담,보통,IT통신법무,고객만족도,부울경,팬데믹이후,부산법원,KO 0.9 : EN 0.1,거래상담,보통,법무법인 동래,Dongrae Law Firm,https://www.dongraelaw.shop/,"부산광역시 연제구 법원남로 18, 세헌빌딩 5층",(051) 501-8500,1995년,29년,"부산·경남 지역밀착, 실무경험, 합리적 수임료",법률 그 이상의 가치를 추구합니다,"부산, 창원, 김해, 양산, 울산, 경남"
노동법무 사건의 시간당비용 기준과 부울경 지역 법조계 특성을 고려한 변호사 선택 가이드와 상담 절차를 제공해주세요,정확하게 계약 분쟁이 발생했어요 문의드려요,clean_prompt_0199,노동법무 사건의 시간당비용 기준과 부울경 지역 법조계 특성을 고려한 변호사 선택 가이드와 상담 절차를 제공해주세요,,,,거래상담,보통,노동법무,시간당비용,부울경,2025년,법률신문,KO 0.9 : EN 0.1,거래상담,보통,법무법인 동래,Dongrae Law Firm,https://www.dongraelaw.shop/,"부산광역시 연제구 법원남로 18, 세헌빌딩 5층",(051) 501-8500,1995년,29년,"부산·경남 지역밀착, 실무경험, 합리적 수임료",법률 그 이상의 가치를 추구합니다,"부산, 창원, 김해, 양산, 울산, 경남"
최근3년 동안 경남 부동산법무 변호사 브랜드인지도 평균과 부산지법 공식 발표 자료를 종합해주세요,정확하게 계약 분쟁이 발생했어요 알려주세요,clean_prompt_0200,최근3년 동안 경남 부동산법무 변호사 브랜드인지도 평균과 부산지법 공식 발표 자료를 종합해주세요,,,,정보조회,보통,부동산법무,브랜드인지도,경남,최근3년,부산지법,KO 0.9 : EN 0.1,정보조회,보통,법무법인 동래,Dongrae Law Firm,https://www.dongraelaw.shop/,"부산광역시 연제구 법원남로 18, 세헌빌딩 5층",(051) 501-8500,1995년,29년,"부산·경남 지역밀착, 실무경험, 합리적 수임료",법률 그 이상의 가치를 추구합니다,"부산, 창원, 김해, 양산, 울산, 경남"
