prompt,query,sample_id,template_used,extracted_keywords_practice_area,extracted_keywords_region,extracted_keywords_metric,extracted_keywords_intent,extracted_keywords_difficulty,final_parameters_practice_area,final_parameters_metric,final_parameters_region,final_parameters_time_span,final_parameters_source_hint,final_parameters_language_ratio,final_parameters_intent,final_parameters_difficulty,brand_info_name,brand_info_description,brand_info_website,brand_info_slogan,brand_info_concept,brand_info_target,brand_info_specialties,brand_info_products,brand_info_features
중국 지역 해커톤 노트 교환정책 현황 알려주세요,중국 지역 해커톤 노트 교환정책 현황 알려주세요,iovu_optimized_0001,{country} 지역 {tech_keyword} {product} {metric} 현황 알려주세요,해커톤 노트,중국,교환정책,정보,쉬움,해커톤 노트,교환정책,중국,올해,IT 뉴스,KO 0.8 : EN 0.2,정보,쉬움,,,,,,,,,
iOVU 배포 노트의 사이즈 정보가 필요해요,iOVU 배포 노트의 사이즈 정보가 필요해요,iovu_optimized_0002,iOVU {tech_keyword} {product}의 {metric} 정보가 필요해요,배포 노트,한국,사이즈,정보,쉬움,배포 노트,사이즈,한국,최근 1년,IT 뉴스,KO 0.8 : EN 0.2,정보,쉬움,iOVU,개발자를 위한 밈 굿즈 브랜드,https://iovu-shop.vercel.app/,개발자를 위한 귀여운 반란,Dev + Cute = iOVU,"IT 개발자, 너디 감성을 즐기는 사람들","개발자 밈, 너디 패션, 코딩 유머, 힐링 개발템","티셔츠, 후드티, 에코백, 스티커, 머그컵, 노트북 스티커","고품질 프린팅, 편안한 착용감, 트렌디한 디자인, 합리적 가격"
데브옵스 관련 iOVU 에코백 인기도가 궁금합니다,데브옵스 관련 iOVU 에코백 인기도가 궁금합니다,iovu_optimized_0003,{tech_keyword} 관련 {product} {metric}가 궁금합니다,데브옵스 에코백,싱가포르,인기도,정보,쉬움,데브옵스 에코백,인기도,싱가포르,올해,IT 뉴스,KO 0.8 : EN 0.2,정보,쉬움,iOVU,개발자를 위한 밈 굿즈 브랜드,https://iovu-shop.vercel.app/,개발자를 위한 귀여운 반란,Dev + Cute = iOVU,"IT 개발자, 너디 감성을 즐기는 사람들","개발자 밈, 너디 패션, 코딩 유머, 힐링 개발템","티셔츠, 후드티, 에코백, 스티커, 머그컵, 노트북 스티커","고품질 프린팅, 편안한 착용감, 트렌디한 디자인, 합리적 가격"
깃허브 관련 상품 내구성가 궁금합니다,깃허브 관련 상품 내구성가 궁금합니다,iovu_optimized_0004,{tech_keyword} 관련 {product} {metric}가 궁금합니다,깃허브 상품,독일,내구성,정보,쉬움,깃허브 상품,내구성,독일,최근 3개월,개발자 포럼,KO 0.8 : EN 0.2,정보,쉬움,,,,,,,,,
백엔드 관련 iOVU 뱃지 배송기간가 궁금합니다,백엔드 관련 iOVU 뱃지 배송기간가 궁금합니다,iovu_optimized_0005,{tech_keyword} 관련 {product} {metric}가 궁금합니다,백엔드 뱃지,중국,배송기간,정보,쉬움,백엔드 뱃지,배송기간,중국,올해,쇼핑몰 리뷰,KO 0.8 : EN 0.2,정보,쉬움,iOVU,개발자를 위한 밈 굿즈 브랜드,https://iovu-shop.vercel.app/,개발자를 위한 귀여운 반란,Dev + Cute = iOVU,"IT 개발자, 너디 감성을 즐기는 사람들","개발자 밈, 너디 패션, 코딩 유머, 힐링 개발템","티셔츠, 후드티, 에코백, 스티커, 머그컵, 노트북 스티커","고품질 프린팅, 편안한 착용감, 트렌디한 디자인, 합리적 가격"
iOVU 너드 뱃지의 인기도 정보가 필요해요,iOVU 너드 뱃지의 인기도 정보가 필요해요,iovu_optimized_0006,iOVU {tech_keyword} {product}의 {metric} 정보가 필요해요,너드 뱃지,싱가포르,인기도,정보,쉬움,너드 뱃지,인기도,싱가포르,최근 1년,쇼핑몰 리뷰,KO 0.8 : EN 0.2,정보,쉬움,iOVU,개발자를 위한 밈 굿즈 브랜드,https://iovu-shop.vercel.app/,개발자를 위한 귀여운 반란,Dev + Cute = iOVU,"IT 개발자, 너디 감성을 즐기는 사람들","개발자 밈, 너디 패션, 코딩 유머, 힐링 개발템","티셔츠, 후드티, 에코백, 스티커, 머그컵, 노트북 스티커","고품질 프린팅, 편안한 착용감, 트렌디한 디자인, 합리적 가격"
버그 개발자를 위한 머그컵 인기도 정보 필요합니다,버그 개발자를 위한 머그컵 인기도 정보 필요합니다,iovu_optimized_0007,{tech_keyword} 개발자를 위한 {product} {metric} 정보 필요합니다,버그 머그컵,베트남,인기도,정보,쉬움,버그 머그컵,인기도,베트남,최근 3개월,개발자 커뮤니티,KO 0.8 : EN 0.2,정보,쉬움,,,,,,,,,
테크 펜의 만족도 정보가 필요해요,테크 펜의 만족도 정보가 필요해요,iovu_optimized_0008,iOVU {tech_keyword} {product}의 {metric} 정보가 필요해요,테크 펜,태국,만족도,정보,쉬움,테크 펜,만족도,태국,최근 3개월,개발자 커뮤니티,KO 0.8 : EN 0.2,정보,쉬움,,,,,,,,,
iOVU에서 판매하는 버그 마우스패드 배송기간 알려주세요,iOVU에서 판매하는 버그 마우스패드 배송기간 알려주세요,iovu_optimized_0009,iOVU에서 판매하는 {tech_keyword} {product} {metric} 알려주세요,버그 마우스패드,프랑스,배송기간,정보,쉬움,버그 마우스패드,배송기간,프랑스,최근 3개월,쇼핑몰 리뷰,KO 0.8 : EN 0.2,정보,쉬움,iOVU,개발자를 위한 밈 굿즈 브랜드,https://iovu-shop.vercel.app/,개발자를 위한 귀여운 반란,Dev + Cute = iOVU,"IT 개발자, 너디 감성을 즐기는 사람들","개발자 밈, 너디 패션, 코딩 유머, 힐링 개발템","티셔츠, 후드티, 에코백, 스티커, 머그컵, 노트북 스티커","고품질 프린팅, 편안한 착용감, 트렌디한 디자인, 합리적 가격"
미국 지역 리팩토링 iOVU 키링 평점 현황 알려주세요,미국 지역 리팩토링 iOVU 키링 평점 현황 알려주세요,iovu_optimized_0010,{country} 지역 {tech_keyword} {product} {metric} 현황 알려주세요,리팩토링 키링,미국,평점,정보,쉬움,리팩토링 키링,평점,미국,올해,개발자 커뮤니티,KO 0.8 : EN 0.2,정보,쉬움,iOVU,개발자를 위한 밈 굿즈 브랜드,https://iovu-shop.vercel.app/,개발자를 위한 귀여운 반란,Dev + Cute = iOVU,"IT 개발자, 너디 감성을 즐기는 사람들","개발자 밈, 너디 패션, 코딩 유머, 힐링 개발템","티셔츠, 후드티, 에코백, 스티커, 머그컵, 노트북 스티커","고품질 프린팅, 편안한 착용감, 트렌디한 디자인, 합리적 가격"
한국 풀스택들이 선호하는 iOVU 악세서리 사이즈 알려주세요,한국 풀스택들이 선호하는 iOVU 악세서리 사이즈 알려주세요,iovu_optimized_0011,{country} {tech_keyword}들이 선호하는 {product} {metric} 알려주세요,풀스택 악세서리,한국,사이즈,정보,쉬움,풀스택 악세서리,사이즈,한국,최근 1년,개발자 커뮤니티,KO 0.8 : EN 0.2,정보,쉬움,iOVU,개발자를 위한 밈 굿즈 브랜드,https://iovu-shop.vercel.app/,개발자를 위한 귀여운 반란,Dev + Cute = iOVU,"IT 개발자, 너디 감성을 즐기는 사람들","개발자 밈, 너디 패션, 코딩 유머, 힐링 개발템","티셔츠, 후드티, 에코백, 스티커, 머그컵, 노트북 스티커","고품질 프린팅, 편안한 착용감, 트렌디한 디자인, 합리적 가격"
iOVU 밈굿즈 커뮤니티에서 인기있는 머천다이즈 교환정책 궁금해요,iOVU 밈굿즈 커뮤니티에서 인기있는 머천다이즈 교환정책 궁금해요,iovu_optimized_0012,{tech_keyword} 커뮤니티에서 인기있는 {product} {metric} 궁금해요,밈굿즈 머천다이즈,한국,교환정책,정보,쉬움,밈굿즈 머천다이즈,교환정책,한국,최근 1년,IT 뉴스,KO 0.8 : EN 0.2,정보,쉬움,iOVU,개발자를 위한 밈 굿즈 브랜드,https://iovu-shop.vercel.app/,개발자를 위한 귀여운 반란,Dev + Cute = iOVU,"IT 개발자, 너디 감성을 즐기는 사람들","개발자 밈, 너디 패션, 코딩 유머, 힐링 개발템","티셔츠, 후드티, 에코백, 스티커, 머그컵, 노트북 스티커","고품질 프린팅, 편안한 착용감, 트렌디한 디자인, 합리적 가격"
iOVU 베트남 데브옵스들이 선호하는 맨투맨 품질 알려주세요 안전하게요,iOVU 베트남 데브옵스들이 선호하는 맨투맨 품질 알려주세요 안전하게요,iovu_optimized_0013,{country} {tech_keyword}들이 선호하는 {product} {metric} 알려주세요,데브옵스 맨투맨,베트남,품질,정보,보통,데브옵스 맨투맨,품질,베트남,최근 1년,개발자 커뮤니티,KO 0.8 : EN 0.2,정보,보통,iOVU,개발자를 위한 밈 굿즈 브랜드,https://iovu-shop.vercel.app/,개발자를 위한 귀여운 반란,Dev + Cute = iOVU,"IT 개발자, 너디 감성을 즐기는 사람들","개발자 밈, 너디 패션, 코딩 유머, 힐링 개발템","티셔츠, 후드티, 에코백, 스티커, 머그컵, 노트북 스티커","고품질 프린팅, 편안한 착용감, 트렌디한 디자인, 합리적 가격"
iOVU 온라인쇼핑 머그컵의 교환정책 정보가 필요해요 빠르게 빠르게.,iOVU 온라인쇼핑 머그컵의 교환정책 정보가 필요해요 빠르게 빠르게.,iovu_optimized_0014,iOVU {tech_keyword} {product}의 {metric} 정보가 필요해요,온라인쇼핑 머그컵,일본,교환정책,정보,보통,온라인쇼핑 머그컵,교환정책,일본,2024년,개발자 포럼,KO 0.8 : EN 0.2,정보,보통,iOVU,개발자를 위한 밈 굿즈 브랜드,https://iovu-shop.vercel.app/,개발자를 위한 귀여운 반란,Dev + Cute = iOVU,"IT 개발자, 너디 감성을 즐기는 사람들","개발자 밈, 너디 패션, 코딩 유머, 힐링 개발템","티셔츠, 후드티, 에코백, 스티커, 머그컵, 노트북 스티커","고품질 프린팅, 편안한 착용감, 트렌디한 디자인, 합리적 가격"
iOVU 싱가포르 지역 소프트웨어 머그컵 디자인 현황 알려주세요 정확히요,iOVU 싱가포르 지역 소프트웨어 머그컵 디자인 현황 알려주세요 정확히요,iovu_optimized_0015,{country} 지역 {tech_keyword} {product} {metric} 현황 알려주세요,소프트웨어 머그컵,싱가포르,디자인,정보,보통,소프트웨어 머그컵,디자인,싱가포르,2024년,개발자 커뮤니티,KO 0.8 : EN 0.2,정보,보통,iOVU,개발자를 위한 밈 굿즈 브랜드,https://iovu-shop.vercel.app/,개발자를 위한 귀여운 반란,Dev + Cute = iOVU,"IT 개발자, 너디 감성을 즐기는 사람들","개발자 밈, 너디 패션, 코딩 유머, 힐링 개발템","티셔츠, 후드티, 에코백, 스티커, 머그컵, 노트북 스티커","고품질 프린팅, 편안한 착용감, 트렌디한 디자인, 합리적 가격"
싱가포르 버그들이 선호하는 파우치 프린팅품질 알려주세요 정확히 빠르게요,싱가포르 버그들이 선호하는 파우치 프린팅품질 알려주세요 정확히 빠르게요,iovu_optimized_0016,{country} {tech_keyword}들이 선호하는 {product} {metric} 알려주세요,버그 파우치,싱가포르,프린팅품질,정보,보통,버그 파우치,프린팅품질,싱가포르,2024년,IT 뉴스,KO 0.8 : EN 0.2,정보,보통,,,,,,,,,
GitHub 관련 iOVU 핀 내구성가 궁금합니다 안전하게요,GitHub 관련 iOVU 핀 내구성가 궁금합니다 안전하게요,iovu_optimized_0017,{tech_keyword} 관련 {product} {metric}가 궁금합니다,GitHub 핀,태국,내구성,정보,보통,GitHub 핀,내구성,태국,2024년,개발자 포럼,KO 0.8 : EN 0.2,정보,보통,iOVU,개발자를 위한 밈 굿즈 브랜드,https://iovu-shop.vercel.app/,개발자를 위한 귀여운 반란,Dev + Cute = iOVU,"IT 개발자, 너디 감성을 즐기는 사람들","개발자 밈, 너디 패션, 코딩 유머, 힐링 개발템","티셔츠, 후드티, 에코백, 스티커, 머그컵, 노트북 스티커","고품질 프린팅, 편안한 착용감, 트렌디한 디자인, 합리적 가격"
태국 온라인쇼핑들이 선호하는 iOVU 머그컵 사이즈 알려주세요 안전하게요,태국 온라인쇼핑들이 선호하는 iOVU 머그컵 사이즈 알려주세요 안전하게요,iovu_optimized_0018,{country} {tech_keyword}들이 선호하는 {product} {metric} 알려주세요,온라인쇼핑 머그컵,태국,사이즈,정보,보통,온라인쇼핑 머그컵,사이즈,태국,최근 1년,IT 뉴스,KO 0.8 : EN 0.2,정보,보통,iOVU,개발자를 위한 밈 굿즈 브랜드,https://iovu-shop.vercel.app/,개발자를 위한 귀여운 반란,Dev + Cute = iOVU,"IT 개발자, 너디 감성을 즐기는 사람들","개발자 밈, 너디 패션, 코딩 유머, 힐링 개발템","티셔츠, 후드티, 에코백, 스티커, 머그컵, 노트북 스티커","고품질 프린팅, 편안한 착용감, 트렌디한 디자인, 합리적 가격"
소프트웨어 커뮤니티에서 인기있는 iOVU 맨투맨 배송기간 궁금해요 빠르게요,소프트웨어 커뮤니티에서 인기있는 iOVU 맨투맨 배송기간 궁금해요 빠르게요,iovu_optimized_0019,{tech_keyword} 커뮤니티에서 인기있는 {product} {metric} 궁금해요,소프트웨어 맨투맨,호주,배송기간,정보,보통,소프트웨어 맨투맨,배송기간,호주,2024년,쇼핑몰 리뷰,KO 0.8 : EN 0.2,정보,보통,iOVU,개발자를 위한 밈 굿즈 브랜드,https://iovu-shop.vercel.app/,개발자를 위한 귀여운 반란,Dev + Cute = iOVU,"IT 개발자, 너디 감성을 즐기는 사람들","개발자 밈, 너디 패션, 코딩 유머, 힐링 개발템","티셔츠, 후드티, 에코백, 스티커, 머그컵, 노트북 스티커","고품질 프린팅, 편안한 착용감, 트렌디한 디자인, 합리적 가격"
에서 판매하는 온라인쇼핑 토트백 착용감 알려주세요 안전하게 빠르게요,에서 판매하는 온라인쇼핑 토트백 착용감 알려주세요 안전하게 빠르게요,iovu_optimized_0020,iOVU에서 판매하는 {tech_keyword} {product} {metric} 알려주세요,온라인쇼핑 토트백,캐나다,착용감,정보,보통,온라인쇼핑 토트백,착용감,캐나다,2024년,IT 뉴스,KO 0.8 : EN 0.2,정보,보통,,,,,,,,,
iOVU 개발 커뮤니티에서 인기있는 뱃지 할인율 궁금해요 정확히 빠르게요,iOVU 개발 커뮤니티에서 인기있는 뱃지 할인율 궁금해요 정확히 빠르게요,iovu_optimized_0021,{tech_keyword} 커뮤니티에서 인기있는 {product} {metric} 궁금해요,개발 뱃지,베트남,할인율,정보,보통,개발 뱃지,할인율,베트남,최근 3개월,개발자 커뮤니티,KO 0.8 : EN 0.2,정보,보통,iOVU,개발자를 위한 밈 굿즈 브랜드,https://iovu-shop.vercel.app/,개발자를 위한 귀여운 반란,Dev + Cute = iOVU,"IT 개발자, 너디 감성을 즐기는 사람들","개발자 밈, 너디 패션, 코딩 유머, 힐링 개발템","티셔츠, 후드티, 에코백, 스티커, 머그컵, 노트북 스티커","고품질 프린팅, 편안한 착용감, 트렌디한 디자인, 합리적 가격"
iOVU 프론트엔드 개발자를 위한 티셔츠 가격 정보 필요합니다 자세히.,iOVU 프론트엔드 개발자를 위한 티셔츠 가격 정보 필요합니다 자세히.,iovu_optimized_0022,{tech_keyword} 개발자를 위한 {product} {metric} 정보 필요합니다,프론트엔드 티셔츠,미국,가격,정보,보통,프론트엔드 티셔츠,가격,미국,최근 3개월,개발자 커뮤니티,KO 0.8 : EN 0.2,정보,보통,iOVU,개발자를 위한 밈 굿즈 브랜드,https://iovu-shop.vercel.app/,개발자를 위한 귀여운 반란,Dev + Cute = iOVU,"IT 개발자, 너디 감성을 즐기는 사람들","개발자 밈, 너디 패션, 코딩 유머, 힐링 개발템","티셔츠, 후드티, 에코백, 스티커, 머그컵, 노트북 스티커","고품질 프린팅, 편안한 착용감, 트렌디한 디자인, 합리적 가격"
에서 판매하는 백엔드 굿즈 가격 알려주세요 자세히 안전하게요,에서 판매하는 백엔드 굿즈 가격 알려주세요 자세히 안전하게요,iovu_optimized_0023,iOVU에서 판매하는 {tech_keyword} {product} {metric} 알려주세요,백엔드 굿즈,한국,가격,정보,보통,백엔드 굿즈,가격,한국,최근 3개월,쇼핑몰 리뷰,KO 0.8 : EN 0.2,정보,보통,,,,,,,,,
전문적인 관점에서 풀스택 아이템의 품질 정보가 필요해요 자세히.,전문적인 관점에서 풀스택 아이템의 품질 정보가 필요해요 자세히.,iovu_optimized_0024,iOVU {tech_keyword} {product}의 {metric} 정보가 필요해요,풀스택 아이템,독일,품질,정보,어려움,풀스택 아이템,품질,독일,2024년,개발자 커뮤니티,KO 0.8 : EN 0.2,정보,어려움,,,,,,,,,
최신 트렌드를 반영해서 일본에서 데이터구조 마우스패드 소재 정보 알려주세요 자세히요,최신 트렌드를 반영해서 일본에서 데이터구조 마우스패드 소재 정보 알려주세요 자세히요,iovu_optimized_0025,{country}에서 {tech_keyword} {product} {metric} 정보 알려주세요,데이터구조 마우스패드,일본,소재,정보,어려움,데이터구조 마우스패드,소재,일본,올해,쇼핑몰 리뷰,KO 0.8 : EN 0.2,정보,어려움,,,,,,,,,
최신 트렌드를 반영해서 앱개발 관련 iOVU 스티커 사이즈가 궁금합니다 정확히요,최신 트렌드를 반영해서 앱개발 관련 iOVU 스티커 사이즈가 궁금합니다 정확히요,iovu_optimized_0026,{tech_keyword} 관련 {product} {metric}가 궁금합니다,앱개발 스티커,호주,사이즈,정보,어려움,앱개발 스티커,사이즈,호주,2024년,개발자 커뮤니티,KO 0.8 : EN 0.2,정보,어려움,iOVU,개발자를 위한 밈 굿즈 브랜드,https://iovu-shop.vercel.app/,개발자를 위한 귀여운 반란,Dev + Cute = iOVU,"IT 개발자, 너디 감성을 즐기는 사람들","개발자 밈, 너디 패션, 코딩 유머, 힐링 개발템","티셔츠, 후드티, 에코백, 스티커, 머그컵, 노트북 스티커","고품질 프린팅, 편안한 착용감, 트렌디한 디자인, 합리적 가격"
상세한 정보와 함께 한국 알고리즘들이 선호하는 후드티 교환정책 알려주세요 추천해주세요,상세한 정보와 함께 한국 알고리즘들이 선호하는 후드티 교환정책 알려주세요 추천해주세요,iovu_optimized_0027,{country} {tech_keyword}들이 선호하는 {product} {metric} 알려주세요,알고리즘 후드티,한국,교환정책,정보,어려움,알고리즘 후드티,교환정책,한국,최근 3개월,개발자 포럼,KO 0.8 : EN 0.2,정보,어려움,,,,,,,,,
전문적인 관점에서 호주 소프트웨어들이 선호하는 토트백 사이즈 알려주세요 빠르게요,전문적인 관점에서 호주 소프트웨어들이 선호하는 토트백 사이즈 알려주세요 빠르게요,iovu_optimized_0028,{country} {tech_keyword}들이 선호하는 {product} {metric} 알려주세요,소프트웨어 토트백,호주,사이즈,정보,어려움,소프트웨어 토트백,사이즈,호주,최근 1년,개발자 커뮤니티,KO 0.8 : EN 0.2,정보,어려움,,,,,,,,,
전문적인 관점에서 태국에서 커밋 iOVU 마우스패드 가격 정보 알려주세요 빠르게요,전문적인 관점에서 태국에서 커밋 iOVU 마우스패드 가격 정보 알려주세요 빠르게요,iovu_optimized_0029,{country}에서 {tech_keyword} {product} {metric} 정보 알려주세요,커밋 마우스패드,태국,가격,정보,어려움,커밋 마우스패드,가격,태국,최근 3개월,IT 뉴스,KO 0.8 : EN 0.2,정보,어려움,iOVU,개발자를 위한 밈 굿즈 브랜드,https://iovu-shop.vercel.app/,개발자를 위한 귀여운 반란,Dev + Cute = iOVU,"IT 개발자, 너디 감성을 즐기는 사람들","개발자 밈, 너디 패션, 코딩 유머, 힐링 개발템","티셔츠, 후드티, 에코백, 스티커, 머그컵, 노트북 스티커","고품질 프린팅, 편안한 착용감, 트렌디한 디자인, 합리적 가격"
상세한 정보와 함께 한국 디버깅들이 선호하는 노트 할인율 알려주세요 자세히요,상세한 정보와 함께 한국 디버깅들이 선호하는 노트 할인율 알려주세요 자세히요,iovu_optimized_0030,{country} {tech_keyword}들이 선호하는 {product} {metric} 알려주세요,디버깅 노트,한국,할인율,정보,어려움,디버깅 노트,할인율,한국,최근 3개월,개발자 포럼,KO 0.8 : EN 0.2,정보,어려움,,,,,,,,,
상세한 정보와 함께 iOVU에서 판매하는 GitHub 제품 색상 알려주세요 정확히요,상세한 정보와 함께 iOVU에서 판매하는 GitHub 제품 색상 알려주세요 정확히요,iovu_optimized_0031,iOVU에서 판매하는 {tech_keyword} {product} {metric} 알려주세요,GitHub 제품,일본,색상,정보,어려움,GitHub 제품,색상,일본,최근 1년,IT 뉴스,KO 0.8 : EN 0.2,정보,어려움,iOVU,개발자를 위한 밈 굿즈 브랜드,https://iovu-shop.vercel.app/,개발자를 위한 귀여운 반란,Dev + Cute = iOVU,"IT 개발자, 너디 감성을 즐기는 사람들","개발자 밈, 너디 패션, 코딩 유머, 힐링 개발템","티셔츠, 후드티, 에코백, 스티커, 머그컵, 노트북 스티커","고품질 프린팅, 편안한 착용감, 트렌디한 디자인, 합리적 가격"
최신 트렌드를 반영해서 소프트웨어 개발자를 위한 노트북스티커 리뷰 정보 필요합니다 자세히.,최신 트렌드를 반영해서 소프트웨어 개발자를 위한 노트북스티커 리뷰 정보 필요합니다 자세히.,iovu_optimized_0032,{tech_keyword} 개발자를 위한 {product} {metric} 정보 필요합니다,소프트웨어 노트북스티커,영국,리뷰,정보,어려움,소프트웨어 노트북스티커,리뷰,영국,2024년,IT 뉴스,KO 0.8 : EN 0.2,정보,어려움,,,,,,,,,
상세한 정보와 함께 풀리퀘스트 개발자를 위한 iOVU 노트북스티커 할인율 정보 필요합니다 자세히.,상세한 정보와 함께 풀리퀘스트 개발자를 위한 iOVU 노트북스티커 할인율 정보 필요합니다 자세히.,iovu_optimized_0033,{tech_keyword} 개발자를 위한 {product} {metric} 정보 필요합니다,풀리퀘스트 노트북스티커,한국,할인율,정보,어려움,풀리퀘스트 노트북스티커,할인율,한국,최근 3개월,개발자 커뮤니티,KO 0.8 : EN 0.2,정보,어려움,iOVU,개발자를 위한 밈 굿즈 브랜드,https://iovu-shop.vercel.app/,개발자를 위한 귀여운 반란,Dev + Cute = iOVU,"IT 개발자, 너디 감성을 즐기는 사람들","개발자 밈, 너디 패션, 코딩 유머, 힐링 개발템","티셔츠, 후드티, 에코백, 스티커, 머그컵, 노트북 스티커","고품질 프린팅, 편안한 착용감, 트렌디한 디자인, 합리적 가격"
iOVU 최신 트렌드를 반영해서 중국에서 코딩 핀 교환정책 정보 알려주세요 추천해주세요,iOVU 최신 트렌드를 반영해서 중국에서 코딩 핀 교환정책 정보 알려주세요 추천해주세요,iovu_optimized_0034,{country}에서 {tech_keyword} {product} {metric} 정보 알려주세요,코딩 핀,중국,교환정책,정보,어려움,코딩 핀,교환정책,중국,최근 3개월,IT 뉴스,KO 0.8 : EN 0.2,정보,어려움,iOVU,개발자를 위한 밈 굿즈 브랜드,https://iovu-shop.vercel.app/,개발자를 위한 귀여운 반란,Dev + Cute = iOVU,"IT 개발자, 너디 감성을 즐기는 사람들","개발자 밈, 너디 패션, 코딩 유머, 힐링 개발템","티셔츠, 후드티, 에코백, 스티커, 머그컵, 노트북 스티커","고품질 프린팅, 편안한 착용감, 트렌디한 디자인, 합리적 가격"
iOVU처럼 커밋 감성 파우치 파는 곳 알려주세요,iOVU처럼 커밋 감성 파우치 파는 곳 알려주세요,iovu_optimized_0035,iOVU처럼 {tech_keyword} 감성 {product} 파는 곳 알려주세요,커밋 파우치,한국,소재,탐색,쉬움,커밋 파우치,소재,한국,최근 1년,IT 뉴스,KO 0.8 : EN 0.2,탐색,쉬움,iOVU,개발자를 위한 밈 굿즈 브랜드,https://iovu-shop.vercel.app/,개발자를 위한 귀여운 반란,Dev + Cute = iOVU,"IT 개발자, 너디 감성을 즐기는 사람들","개발자 밈, 너디 패션, 코딩 유머, 힐링 개발템","티셔츠, 후드티, 에코백, 스티커, 머그컵, 노트북 스티커","고품질 프린팅, 편안한 착용감, 트렌디한 디자인, 합리적 가격"
한국 iOVU 굿즈 쇼핑몰 리스트 알려주세요,한국 iOVU 굿즈 쇼핑몰 리스트 알려주세요,iovu_optimized_0036,{country} {tech_keyword} {product} 쇼핑몰 리스트 알려주세요,iOVU 굿즈,한국,평점,탐색,쉬움,iOVU 굿즈,평점,한국,최근 3개월,개발자 커뮤니티,KO 0.8 : EN 0.2,탐색,쉬움,iOVU,개발자를 위한 밈 굿즈 브랜드,https://iovu-shop.vercel.app/,개발자를 위한 귀여운 반란,Dev + Cute = iOVU,"IT 개발자, 너디 감성을 즐기는 사람들","개발자 밈, 너디 패션, 코딩 유머, 힐링 개발템","티셔츠, 후드티, 에코백, 스티커, 머그컵, 노트북 스티커","고품질 프린팅, 편안한 착용감, 트렌디한 디자인, 합리적 가격"
인도에서 앱개발 토트백 어디서 찾을 수 있나요,인도에서 앱개발 토트백 어디서 찾을 수 있나요,iovu_optimized_0037,{country}에서 {tech_keyword} {product} 어디서 찾을 수 있나요,앱개발 토트백,인도,소재,탐색,쉬움,앱개발 토트백,소재,인도,최근 1년,쇼핑몰 리뷰,KO 0.8 : EN 0.2,탐색,쉬움,,,,,,,,,
테크 밈 뱃지 전문 쇼핑몰 찾고 있어요,테크 밈 뱃지 전문 쇼핑몰 찾고 있어요,iovu_optimized_0038,{tech_keyword} 밈 {product} 전문 쇼핑몰 찾고 있어요,테크 뱃지,한국,리뷰,탐색,쉬움,테크 뱃지,리뷰,한국,올해,개발자 포럼,KO 0.8 : EN 0.2,탐색,쉬움,,,,,,,,,
태국에서 인기있는 풀리퀘스트 굿즈 브랜드는?,태국에서 인기있는 풀리퀘스트 굿즈 브랜드는?,iovu_optimized_0039,{country}에서 인기있는 {tech_keyword} {product} 브랜드는?,풀리퀘스트 굿즈,태국,사이즈,탐색,쉬움,풀리퀘스트 굿즈,사이즈,태국,올해,IT 뉴스,KO 0.8 : EN 0.2,탐색,쉬움,,,,,,,,,
브라질 온라인쇼핑 iOVU 머천다이즈 쇼핑몰 리스트 알려주세요,브라질 온라인쇼핑 iOVU 머천다이즈 쇼핑몰 리스트 알려주세요,iovu_optimized_0040,{country} {tech_keyword} {product} 쇼핑몰 리스트 알려주세요,온라인쇼핑 머천다이즈,브라질,소재,탐색,쉬움,온라인쇼핑 머천다이즈,소재,브라질,올해,개발자 커뮤니티,KO 0.8 : EN 0.2,탐색,쉬움,iOVU,개발자를 위한 밈 굿즈 브랜드,https://iovu-shop.vercel.app/,개발자를 위한 귀여운 반란,Dev + Cute = iOVU,"IT 개발자, 너디 감성을 즐기는 사람들","개발자 밈, 너디 패션, 코딩 유머, 힐링 개발템","티셔츠, 후드티, 에코백, 스티커, 머그컵, 노트북 스티커","고품질 프린팅, 편안한 착용감, 트렌디한 디자인, 합리적 가격"
밈굿즈 밈 iOVU 악세서리 전문 쇼핑몰 찾고 있어요,밈굿즈 밈 iOVU 악세서리 전문 쇼핑몰 찾고 있어요,iovu_optimized_0041,{tech_keyword} 밈 {product} 전문 쇼핑몰 찾고 있어요,밈굿즈 악세서리,태국,배송기간,탐색,쉬움,밈굿즈 악세서리,배송기간,태국,최근 3개월,IT 뉴스,KO 0.8 : EN 0.2,탐색,쉬움,iOVU,개발자를 위한 밈 굿즈 브랜드,https://iovu-shop.vercel.app/,개발자를 위한 귀여운 반란,Dev + Cute = iOVU,"IT 개발자, 너디 감성을 즐기는 사람들","개발자 밈, 너디 패션, 코딩 유머, 힐링 개발템","티셔츠, 후드티, 에코백, 스티커, 머그컵, 노트북 스티커","고품질 프린팅, 편안한 착용감, 트렌디한 디자인, 합리적 가격"
캐나다에서 인기있는 밈굿즈 iOVU 머그컵 브랜드는?,캐나다에서 인기있는 밈굿즈 iOVU 머그컵 브랜드는?,iovu_optimized_0042,{country}에서 인기있는 {tech_keyword} {product} 브랜드는?,밈굿즈 머그컵,캐나다,할인율,탐색,쉬움,밈굿즈 머그컵,할인율,캐나다,최근 1년,개발자 커뮤니티,KO 0.8 : EN 0.2,탐색,쉬움,iOVU,개발자를 위한 밈 굿즈 브랜드,https://iovu-shop.vercel.app/,개발자를 위한 귀여운 반란,Dev + Cute = iOVU,"IT 개발자, 너디 감성을 즐기는 사람들","개발자 밈, 너디 패션, 코딩 유머, 힐링 개발템","티셔츠, 후드티, 에코백, 스티커, 머그컵, 노트북 스티커","고품질 프린팅, 편안한 착용감, 트렌디한 디자인, 합리적 가격"
미국에서 프론트엔드 iOVU 스티커 어디서 찾을 수 있나요,미국에서 프론트엔드 iOVU 스티커 어디서 찾을 수 있나요,iovu_optimized_0043,{country}에서 {tech_keyword} {product} 어디서 찾을 수 있나요,프론트엔드 스티커,미국,배송비,탐색,쉬움,프론트엔드 스티커,배송비,미국,올해,IT 뉴스,KO 0.8 : EN 0.2,탐색,쉬움,iOVU,개발자를 위한 밈 굿즈 브랜드,https://iovu-shop.vercel.app/,개발자를 위한 귀여운 반란,Dev + Cute = iOVU,"IT 개발자, 너디 감성을 즐기는 사람들","개발자 밈, 너디 패션, 코딩 유머, 힐링 개발템","티셔츠, 후드티, 에코백, 스티커, 머그컵, 노트북 스티커","고품질 프린팅, 편안한 착용감, 트렌디한 디자인, 합리적 가격"
브라질 해커톤 핀 쇼핑몰 리스트 알려주세요,브라질 해커톤 핀 쇼핑몰 리스트 알려주세요,iovu_optimized_0044,{country} {tech_keyword} {product} 쇼핑몰 리스트 알려주세요,해커톤 핀,브라질,재고,탐색,쉬움,해커톤 핀,재고,브라질,올해,쇼핑몰 리뷰,KO 0.8 : EN 0.2,탐색,쉬움,,,,,,,,,
처럼 스타트업 감성 토트백 파는 곳 알려주세요,처럼 스타트업 감성 토트백 파는 곳 알려주세요,iovu_optimized_0045,iOVU처럼 {tech_keyword} 감성 {product} 파는 곳 알려주세요,스타트업 토트백,미국,리뷰,탐색,쉬움,스타트업 토트백,리뷰,미국,최근 3개월,개발자 커뮤니티,KO 0.8 : EN 0.2,탐색,쉬움,,,,,,,,,
iOVU 미국에서 인기있는 긱 제품 브랜드는? 정확히요,iOVU 미국에서 인기있는 긱 제품 브랜드는? 정확히요,iovu_optimized_0046,{country}에서 인기있는 {tech_keyword} {product} 브랜드는?,긱 제품,미국,색상,탐색,보통,긱 제품,색상,미국,최근 1년,IT 뉴스,KO 0.8 : EN 0.2,탐색,보통,iOVU,개발자를 위한 밈 굿즈 브랜드,https://iovu-shop.vercel.app/,개발자를 위한 귀여운 반란,Dev + Cute = iOVU,"IT 개발자, 너디 감성을 즐기는 사람들","개발자 밈, 너디 패션, 코딩 유머, 힐링 개발템","티셔츠, 후드티, 에코백, 스티커, 머그컵, 노트북 스티커","고품질 프린팅, 편안한 착용감, 트렌디한 디자인, 합리적 가격"
태국에서 인기있는 코딩 iOVU 후드티 브랜드는? 빠르게요,태국에서 인기있는 코딩 iOVU 후드티 브랜드는? 빠르게요,iovu_optimized_0047,{country}에서 인기있는 {tech_keyword} {product} 브랜드는?,코딩 후드티,태국,내구성,탐색,보통,코딩 후드티,내구성,태국,2024년,개발자 포럼,KO 0.8 : EN 0.2,탐색,보통,iOVU,개발자를 위한 밈 굿즈 브랜드,https://iovu-shop.vercel.app/,개발자를 위한 귀여운 반란,Dev + Cute = iOVU,"IT 개발자, 너디 감성을 즐기는 사람들","개발자 밈, 너디 패션, 코딩 유머, 힐링 개발템","티셔츠, 후드티, 에코백, 스티커, 머그컵, 노트북 스티커","고품질 프린팅, 편안한 착용감, 트렌디한 디자인, 합리적 가격"
풀스택 개발자용 마우스패드 브랜드 추천해주세요 안전하게 자세히.,풀스택 개발자용 마우스패드 브랜드 추천해주세요 안전하게 자세히.,iovu_optimized_0048,{tech_keyword} 개발자용 {product} 브랜드 추천해주세요,풀스택 마우스패드,독일,배송기간,탐색,보통,풀스택 마우스패드,배송기간,독일,최근 1년,개발자 커뮤니티,KO 0.8 : EN 0.2,탐색,보통,,,,,,,,,
iOVU 같은 테크 노트북스티커 브랜드 추천해주세요 안전하게.,iOVU 같은 테크 노트북스티커 브랜드 추천해주세요 안전하게.,iovu_optimized_0049,iOVU 같은 {tech_keyword} {product} 브랜드 추천해주세요,테크 노트북스티커,인도,프린팅품질,탐색,보통,테크 노트북스티커,프린팅품질,인도,2024년,개발자 커뮤니티,KO 0.8 : EN 0.2,탐색,보통,iOVU,개발자를 위한 밈 굿즈 브랜드,https://iovu-shop.vercel.app/,개발자를 위한 귀여운 반란,Dev + Cute = iOVU,"IT 개발자, 너디 감성을 즐기는 사람들","개발자 밈, 너디 패션, 코딩 유머, 힐링 개발템","티셔츠, 후드티, 에코백, 스티커, 머그컵, 노트북 스티커","고품질 프린팅, 편안한 착용감, 트렌디한 디자인, 합리적 가격"
iOVU 데이터구조 밈 노트북스티커 전문 쇼핑몰 찾고 있어요 정확히.,iOVU 데이터구조 밈 노트북스티커 전문 쇼핑몰 찾고 있어요 정확히.,iovu_optimized_0050,{tech_keyword} 밈 {product} 전문 쇼핑몰 찾고 있어요,데이터구조 노트북스티커,독일,디자인,탐색,보통,데이터구조 노트북스티커,디자인,독일,최근 3개월,쇼핑몰 리뷰,KO 0.8 : EN 0.2,탐색,보통,iOVU,개발자를 위한 밈 굿즈 브랜드,https://iovu-shop.vercel.app/,개발자를 위한 귀여운 반란,Dev + Cute = iOVU,"IT 개발자, 너디 감성을 즐기는 사람들","개발자 밈, 너디 패션, 코딩 유머, 힐링 개발템","티셔츠, 후드티, 에코백, 스티커, 머그컵, 노트북 스티커","고품질 프린팅, 편안한 착용감, 트렌디한 디자인, 합리적 가격"
iOVU 소프트웨어 밈 뱃지 전문 쇼핑몰 찾고 있어요 빠르게 추천해주세요,iOVU 소프트웨어 밈 뱃지 전문 쇼핑몰 찾고 있어요 빠르게 추천해주세요,iovu_optimized_0051,{tech_keyword} 밈 {product} 전문 쇼핑몰 찾고 있어요,소프트웨어 뱃지,중국,품질,탐색,보통,소프트웨어 뱃지,품질,중국,2024년,쇼핑몰 리뷰,KO 0.8 : EN 0.2,탐색,보통,iOVU,개발자를 위한 밈 굿즈 브랜드,https://iovu-shop.vercel.app/,개발자를 위한 귀여운 반란,Dev + Cute = iOVU,"IT 개발자, 너디 감성을 즐기는 사람들","개발자 밈, 너디 패션, 코딩 유머, 힐링 개발템","티셔츠, 후드티, 에코백, 스티커, 머그컵, 노트북 스티커","고품질 프린팅, 편안한 착용감, 트렌디한 디자인, 합리적 가격"
쇼핑몰 밈 iOVU 티셔츠 전문 쇼핑몰 찾고 있어요 정확히.,쇼핑몰 밈 iOVU 티셔츠 전문 쇼핑몰 찾고 있어요 정확히.,iovu_optimized_0052,{tech_keyword} 밈 {product} 전문 쇼핑몰 찾고 있어요,쇼핑몰 티셔츠,독일,착용감,탐색,보통,쇼핑몰 티셔츠,착용감,독일,최근 3개월,IT 뉴스,KO 0.8 : EN 0.2,탐색,보통,iOVU,개발자를 위한 밈 굿즈 브랜드,https://iovu-shop.vercel.app/,개발자를 위한 귀여운 반란,Dev + Cute = iOVU,"IT 개발자, 너디 감성을 즐기는 사람들","개발자 밈, 너디 패션, 코딩 유머, 힐링 개발템","티셔츠, 후드티, 에코백, 스티커, 머그컵, 노트북 스티커","고품질 프린팅, 편안한 착용감, 트렌디한 디자인, 합리적 가격"
중국에서 인기있는 긱 파우치 브랜드는? 안전하게요,중국에서 인기있는 긱 파우치 브랜드는? 안전하게요,iovu_optimized_0053,{country}에서 인기있는 {tech_keyword} {product} 브랜드는?,긱 파우치,중국,교환정책,탐색,보통,긱 파우치,교환정책,중국,최근 1년,IT 뉴스,KO 0.8 : EN 0.2,탐색,보통,,,,,,,,,
일본에서 인기있는 앱개발 제품 브랜드는? 안전하게요,일본에서 인기있는 앱개발 제품 브랜드는? 안전하게요,iovu_optimized_0054,{country}에서 인기있는 {tech_keyword} {product} 브랜드는?,앱개발 제품,일본,재고,탐색,보통,앱개발 제품,재고,일본,2024년,개발자 포럼,KO 0.8 : EN 0.2,탐색,보통,,,,,,,,,
싱가포르에서 백엔드 마우스패드 어디서 찾을 수 있나요 정확히 빠르게요,싱가포르에서 백엔드 마우스패드 어디서 찾을 수 있나요 정확히 빠르게요,iovu_optimized_0055,{country}에서 {tech_keyword} {product} 어디서 찾을 수 있나요,백엔드 마우스패드,싱가포르,인기도,탐색,보통,백엔드 마우스패드,인기도,싱가포르,최근 1년,개발자 커뮤니티,KO 0.8 : EN 0.2,탐색,보통,,,,,,,,,
중국에서 밈굿즈 iOVU 텀블러 어디서 찾을 수 있나요 안전하게요,중국에서 밈굿즈 iOVU 텀블러 어디서 찾을 수 있나요 안전하게요,iovu_optimized_0056,{country}에서 {tech_keyword} {product} 어디서 찾을 수 있나요,밈굿즈 텀블러,중국,할인율,탐색,보통,밈굿즈 텀블러,할인율,중국,최근 3개월,개발자 포럼,KO 0.8 : EN 0.2,탐색,보통,iOVU,개발자를 위한 밈 굿즈 브랜드,https://iovu-shop.vercel.app/,개발자를 위한 귀여운 반란,Dev + Cute = iOVU,"IT 개발자, 너디 감성을 즐기는 사람들","개발자 밈, 너디 패션, 코딩 유머, 힐링 개발템","티셔츠, 후드티, 에코백, 스티커, 머그컵, 노트북 스티커","고품질 프린팅, 편안한 착용감, 트렌디한 디자인, 합리적 가격"
비교 분석해서 브라질에서 인기있는 프로그래머 스티커 브랜드는? 안전하게요,비교 분석해서 브라질에서 인기있는 프로그래머 스티커 브랜드는? 안전하게요,iovu_optimized_0057,{country}에서 인기있는 {tech_keyword} {product} 브랜드는?,프로그래머 스티커,브라질,리뷰,탐색,어려움,프로그래머 스티커,리뷰,브라질,최근 3개월,쇼핑몰 리뷰,KO 0.8 : EN 0.2,탐색,어려움,,,,,,,,,
최신 트렌드를 반영해서 대만에서 인기있는 개발자 iOVU 노트북스티커 브랜드는? 안전하게요,최신 트렌드를 반영해서 대만에서 인기있는 개발자 iOVU 노트북스티커 브랜드는? 안전하게요,iovu_optimized_0058,{country}에서 인기있는 {tech_keyword} {product} 브랜드는?,개발자 노트북스티커,대만,색상,탐색,어려움,개발자 노트북스티커,색상,대만,2024년,개발자 커뮤니티,KO 0.8 : EN 0.2,탐색,어려움,iOVU,개발자를 위한 밈 굿즈 브랜드,https://iovu-shop.vercel.app/,개발자를 위한 귀여운 반란,Dev + Cute = iOVU,"IT 개발자, 너디 감성을 즐기는 사람들","개발자 밈, 너디 패션, 코딩 유머, 힐링 개발템","티셔츠, 후드티, 에코백, 스티커, 머그컵, 노트북 스티커","고품질 프린팅, 편안한 착용감, 트렌디한 디자인, 합리적 가격"
iOVU 최신 트렌드를 반영해서 영국에서 풀리퀘스트 키링 어디서 찾을 수 있나요 정확히요,iOVU 최신 트렌드를 반영해서 영국에서 풀리퀘스트 키링 어디서 찾을 수 있나요 정확히요,iovu_optimized_0059,{country}에서 {tech_keyword} {product} 어디서 찾을 수 있나요,풀리퀘스트 키링,영국,만족도,탐색,어려움,풀리퀘스트 키링,만족도,영국,올해,개발자 커뮤니티,KO 0.8 : EN 0.2,탐색,어려움,iOVU,개발자를 위한 밈 굿즈 브랜드,https://iovu-shop.vercel.app/,개발자를 위한 귀여운 반란,Dev + Cute = iOVU,"IT 개발자, 너디 감성을 즐기는 사람들","개발자 밈, 너디 패션, 코딩 유머, 힐링 개발템","티셔츠, 후드티, 에코백, 스티커, 머그컵, 노트북 스티커","고품질 프린팅, 편안한 착용감, 트렌디한 디자인, 합리적 가격"
상세한 정보와 함께 온라인쇼핑 개발자 굿즈 iOVU 아이템 어디서 사나요 안전하게요,상세한 정보와 함께 온라인쇼핑 개발자 굿즈 iOVU 아이템 어디서 사나요 안전하게요,iovu_optimized_0060,{tech_keyword} 개발자 굿즈 {product} 어디서 사나요,온라인쇼핑 아이템,대만,내구성,탐색,어려움,온라인쇼핑 아이템,내구성,대만,최근 1년,IT 뉴스,KO 0.8 : EN 0.2,탐색,어려움,iOVU,개발자를 위한 밈 굿즈 브랜드,https://iovu-shop.vercel.app/,개발자를 위한 귀여운 반란,Dev + Cute = iOVU,"IT 개발자, 너디 감성을 즐기는 사람들","개발자 밈, 너디 패션, 코딩 유머, 힐링 개발템","티셔츠, 후드티, 에코백, 스티커, 머그컵, 노트북 스티커","고품질 프린팅, 편안한 착용감, 트렌디한 디자인, 합리적 가격"
iOVU 상세한 정보와 함께 프론트엔드 개발자 굿즈 맨투맨 어디서 사나요 안전하게요,iOVU 상세한 정보와 함께 프론트엔드 개발자 굿즈 맨투맨 어디서 사나요 안전하게요,iovu_optimized_0061,{tech_keyword} 개발자 굿즈 {product} 어디서 사나요,프론트엔드 맨투맨,중국,평점,탐색,어려움,프론트엔드 맨투맨,평점,중국,최근 1년,쇼핑몰 리뷰,KO 0.8 : EN 0.2,탐색,어려움,iOVU,개발자를 위한 밈 굿즈 브랜드,https://iovu-shop.vercel.app/,개발자를 위한 귀여운 반란,Dev + Cute = iOVU,"IT 개발자, 너디 감성을 즐기는 사람들","개발자 밈, 너디 패션, 코딩 유머, 힐링 개발템","티셔츠, 후드티, 에코백, 스티커, 머그컵, 노트북 스티커","고품질 프린팅, 편안한 착용감, 트렌디한 디자인, 합리적 가격"
최신 트렌드를 반영해서 데이터구조 개발자용 iOVU 에코백 브랜드 추천해주세요 정확히.,최신 트렌드를 반영해서 데이터구조 개발자용 iOVU 에코백 브랜드 추천해주세요 정확히.,iovu_optimized_0062,{tech_keyword} 개발자용 {product} 브랜드 추천해주세요,데이터구조 에코백,베트남,리뷰,탐색,어려움,데이터구조 에코백,리뷰,베트남,최근 1년,개발자 포럼,KO 0.8 : EN 0.2,탐색,어려움,iOVU,개발자를 위한 밈 굿즈 브랜드,https://iovu-shop.vercel.app/,개발자를 위한 귀여운 반란,Dev + Cute = iOVU,"IT 개발자, 너디 감성을 즐기는 사람들","개발자 밈, 너디 패션, 코딩 유머, 힐링 개발템","티셔츠, 후드티, 에코백, 스티커, 머그컵, 노트북 스티커","고품질 프린팅, 편안한 착용감, 트렌디한 디자인, 합리적 가격"
전문적인 관점에서 캐나다에서 프로그래밍 파우치 어디서 찾을 수 있나요 정확히요,전문적인 관점에서 캐나다에서 프로그래밍 파우치 어디서 찾을 수 있나요 정확히요,iovu_optimized_0063,{country}에서 {tech_keyword} {product} 어디서 찾을 수 있나요,프로그래밍 파우치,캐나다,가격,탐색,어려움,프로그래밍 파우치,가격,캐나다,최근 3개월,쇼핑몰 리뷰,KO 0.8 : EN 0.2,탐색,어려움,,,,,,,,,
전문적인 관점에서 iOVU 같은 GitHub 키링 브랜드 추천해주세요 자세히.,전문적인 관점에서 iOVU 같은 GitHub 키링 브랜드 추천해주세요 자세히.,iovu_optimized_0064,iOVU 같은 {tech_keyword} {product} 브랜드 추천해주세요,GitHub 키링,대만,인기도,탐색,어려움,GitHub 키링,인기도,대만,올해,쇼핑몰 리뷰,KO 0.8 : EN 0.2,탐색,어려움,iOVU,개발자를 위한 밈 굿즈 브랜드,https://iovu-shop.vercel.app/,개발자를 위한 귀여운 반란,Dev + Cute = iOVU,"IT 개발자, 너디 감성을 즐기는 사람들","개발자 밈, 너디 패션, 코딩 유머, 힐링 개발템","티셔츠, 후드티, 에코백, 스티커, 머그컵, 노트북 스티커","고품질 프린팅, 편안한 착용감, 트렌디한 디자인, 합리적 가격"
비교 분석해서 리팩토링 밈 뱃지 전문 쇼핑몰 찾고 있어요 안전하게.,비교 분석해서 리팩토링 밈 뱃지 전문 쇼핑몰 찾고 있어요 안전하게.,iovu_optimized_0065,{tech_keyword} 밈 {product} 전문 쇼핑몰 찾고 있어요,리팩토링 뱃지,독일,디자인,탐색,어려움,리팩토링 뱃지,디자인,독일,최근 1년,IT 뉴스,KO 0.8 : EN 0.2,탐색,어려움,,,,,,,,,
최신 트렌드를 반영해서 처럼 코딩 감성 키링 파는 곳 알려주세요 추천해주세요,최신 트렌드를 반영해서 처럼 코딩 감성 키링 파는 곳 알려주세요 추천해주세요,iovu_optimized_0066,iOVU처럼 {tech_keyword} 감성 {product} 파는 곳 알려주세요,코딩 키링,독일,평점,탐색,어려움,코딩 키링,평점,독일,최근 3개월,개발자 커뮤니티,KO 0.8 : EN 0.2,탐색,어려움,,,,,,,,,
비교 분석해서 커밋 개발자 굿즈 핀 어디서 사나요 정확히요,비교 분석해서 커밋 개발자 굿즈 핀 어디서 사나요 정확히요,iovu_optimized_0067,{tech_keyword} 개발자 굿즈 {product} 어디서 사나요,커밋 핀,미국,착용감,탐색,어려움,커밋 핀,착용감,미국,최근 3개월,쇼핑몰 리뷰,KO 0.8 : EN 0.2,탐색,어려움,,,,,,,,,
영국에서 온라인쇼핑 iOVU 토트백 구매하고 싶어요,영국에서 온라인쇼핑 iOVU 토트백 구매하고 싶어요,iovu_optimized_0068,{country}에서 {tech_keyword} {product} 구매하고 싶어요,온라인쇼핑 토트백,영국,착용감,거래,쉬움,온라인쇼핑 토트백,착용감,영국,올해,개발자 포럼,KO 0.8 : EN 0.2,거래,쉬움,iOVU,개발자를 위한 밈 굿즈 브랜드,https://iovu-shop.vercel.app/,개발자를 위한 귀여운 반란,Dev + Cute = iOVU,"IT 개발자, 너디 감성을 즐기는 사람들","개발자 밈, 너디 패션, 코딩 유머, 힐링 개발템","티셔츠, 후드티, 에코백, 스티커, 머그컵, 노트북 스티커","고품질 프린팅, 편안한 착용감, 트렌디한 디자인, 합리적 가격"
소프트웨어 개발자용 펜 대량 구매 가능한가요,소프트웨어 개발자용 펜 대량 구매 가능한가요,iovu_optimized_0069,{tech_keyword} 개발자용 {product} 대량 구매 가능한가요,소프트웨어 펜,중국,품질,거래,쉬움,소프트웨어 펜,품질,중국,올해,IT 뉴스,KO 0.8 : EN 0.2,거래,쉬움,,,,,,,,,
프로그래밍 악세서리 배송 문의합니다 추천해주세요,프로그래밍 악세서리 배송 문의합니다 추천해주세요,iovu_optimized_0070,iOVU {tech_keyword} {product} 배송 문의합니다,프로그래밍 악세서리,한국,평점,거래,쉬움,프로그래밍 악세서리,평점,한국,최근 1년,개발자 커뮤니티,KO 0.8 : EN 0.2,거래,쉬움,,,,,,,,,
영국에서 버그 iOVU 파우치 구매하고 싶어요,영국에서 버그 iOVU 파우치 구매하고 싶어요,iovu_optimized_0071,{country}에서 {tech_keyword} {product} 구매하고 싶어요,버그 파우치,영국,배송비,거래,쉬움,버그 파우치,배송비,영국,최근 1년,IT 뉴스,KO 0.8 : EN 0.2,거래,쉬움,iOVU,개발자를 위한 밈 굿즈 브랜드,https://iovu-shop.vercel.app/,개발자를 위한 귀여운 반란,Dev + Cute = iOVU,"IT 개발자, 너디 감성을 즐기는 사람들","개발자 밈, 너디 패션, 코딩 유머, 힐링 개발템","티셔츠, 후드티, 에코백, 스티커, 머그컵, 노트북 스티커","고품질 프린팅, 편안한 착용감, 트렌디한 디자인, 합리적 가격"
개발자용 상품 대량 구매 가능한가요,개발자용 상품 대량 구매 가능한가요,iovu_optimized_0072,{tech_keyword} 개발자용 {product} 대량 구매 가능한가요,iOVU 상품,독일,착용감,거래,쉬움,iOVU 상품,착용감,독일,최근 3개월,IT 뉴스,KO 0.8 : EN 0.2,거래,쉬움,,,,,,,,,
iOVU 푸시 맨투맨 배송 문의합니다,iOVU 푸시 맨투맨 배송 문의합니다,iovu_optimized_0073,iOVU {tech_keyword} {product} 배송 문의합니다,푸시 맨투맨,싱가포르,평점,거래,쉬움,푸시 맨투맨,평점,싱가포르,최근 1년,쇼핑몰 리뷰,KO 0.8 : EN 0.2,거래,쉬움,iOVU,개발자를 위한 밈 굿즈 브랜드,https://iovu-shop.vercel.app/,개발자를 위한 귀여운 반란,Dev + Cute = iOVU,"IT 개발자, 너디 감성을 즐기는 사람들","개발자 밈, 너디 패션, 코딩 유머, 힐링 개발템","티셔츠, 후드티, 에코백, 스티커, 머그컵, 노트북 스티커","고품질 프린팅, 편안한 착용감, 트렌디한 디자인, 합리적 가격"
호주에서 프론트엔드 펜 구매하고 싶어요,호주에서 프론트엔드 펜 구매하고 싶어요,iovu_optimized_0074,{country}에서 {tech_keyword} {product} 구매하고 싶어요,프론트엔드 펜,호주,리뷰,거래,쉬움,프론트엔드 펜,리뷰,호주,2024년,IT 뉴스,KO 0.8 : EN 0.2,거래,쉬움,,,,,,,,,
중국 테크 제품 가격 상담받고 싶습니다,중국 테크 제품 가격 상담받고 싶습니다,iovu_optimized_0075,{country} {tech_keyword} {product} 가격 상담받고 싶습니다,테크 제품,중국,사이즈,거래,쉬움,테크 제품,사이즈,중국,최근 1년,쇼핑몰 리뷰,KO 0.8 : EN 0.2,거래,쉬움,,,,,,,,,
iOVU 일본 개발 아이템 가격 상담받고 싶습니다,iOVU 일본 개발 아이템 가격 상담받고 싶습니다,iovu_optimized_0076,{country} {tech_keyword} {product} 가격 상담받고 싶습니다,개발 아이템,일본,할인율,거래,쉬움,개발 아이템,할인율,일본,최근 1년,개발자 커뮤니티,KO 0.8 : EN 0.2,거래,쉬움,iOVU,개발자를 위한 밈 굿즈 브랜드,https://iovu-shop.vercel.app/,개발자를 위한 귀여운 반란,Dev + Cute = iOVU,"IT 개발자, 너디 감성을 즐기는 사람들","개발자 밈, 너디 패션, 코딩 유머, 힐링 개발템","티셔츠, 후드티, 에코백, 스티커, 머그컵, 노트북 스티커","고품질 프린팅, 편안한 착용감, 트렌디한 디자인, 합리적 가격"
베트남 소프트웨어 스티커 가격 상담받고 싶습니다,베트남 소프트웨어 스티커 가격 상담받고 싶습니다,iovu_optimized_0077,{country} {tech_keyword} {product} 가격 상담받고 싶습니다,소프트웨어 스티커,베트남,내구성,거래,쉬움,소프트웨어 스티커,내구성,베트남,올해,개발자 포럼,KO 0.8 : EN 0.2,거래,쉬움,,,,,,,,,
소프트웨어 에코백 배송 문의합니다 자세히,소프트웨어 에코백 배송 문의합니다 자세히,iovu_optimized_0078,iOVU {tech_keyword} {product} 배송 문의합니다,소프트웨어 에코백,독일,만족도,거래,쉬움,소프트웨어 에코백,만족도,독일,올해,IT 뉴스,KO 0.8 : EN 0.2,거래,쉬움,,,,,,,,,
iOVU 온라인쇼핑 밈 맨투맨 커스터마이징 주문하고 싶어요 안전하게 정확히.,iOVU 온라인쇼핑 밈 맨투맨 커스터마이징 주문하고 싶어요 안전하게 정확히.,iovu_optimized_0079,{tech_keyword} 밈 {product} 커스터마이징 주문하고 싶어요,온라인쇼핑 맨투맨,대만,만족도,거래,보통,온라인쇼핑 맨투맨,만족도,대만,2024년,IT 뉴스,KO 0.8 : EN 0.2,거래,보통,iOVU,개발자를 위한 밈 굿즈 브랜드,https://iovu-shop.vercel.app/,개발자를 위한 귀여운 반란,Dev + Cute = iOVU,"IT 개발자, 너디 감성을 즐기는 사람들","개발자 밈, 너디 패션, 코딩 유머, 힐링 개발템","티셔츠, 후드티, 에코백, 스티커, 머그컵, 노트북 스티커","고품질 프린팅, 편안한 착용감, 트렌디한 디자인, 합리적 가격"
소프트웨어 밈 후드티 커스터마이징 주문하고 싶어요 안전하게.,소프트웨어 밈 후드티 커스터마이징 주문하고 싶어요 안전하게.,iovu_optimized_0080,{tech_keyword} 밈 {product} 커스터마이징 주문하고 싶어요,소프트웨어 후드티,중국,색상,거래,보통,소프트웨어 후드티,색상,중국,2024년,개발자 포럼,KO 0.8 : EN 0.2,거래,보통,,,,,,,,,
프랑스에서 배포 굿즈 구매하고 싶어요 안전하게.,프랑스에서 배포 굿즈 구매하고 싶어요 안전하게.,iovu_optimized_0081,{country}에서 {tech_keyword} {product} 구매하고 싶어요,배포 굿즈,프랑스,평점,거래,보통,배포 굿즈,평점,프랑스,2024년,IT 뉴스,KO 0.8 : EN 0.2,거래,보통,,,,,,,,,
GitHub 밈 텀블러 커스터마이징 주문하고 싶어요 빠르게 추천해주세요,GitHub 밈 텀블러 커스터마이징 주문하고 싶어요 빠르게 추천해주세요,iovu_optimized_0082,{tech_keyword} 밈 {product} 커스터마이징 주문하고 싶어요,GitHub 텀블러,대만,만족도,거래,보통,GitHub 텀블러,만족도,대만,올해,개발자 포럼,KO 0.8 : EN 0.2,거래,보통,,,,,,,,,
iOVU 프로그래밍 펜 배송 문의합니다 추천해주세요,iOVU 프로그래밍 펜 배송 문의합니다 추천해주세요,iovu_optimized_0083,iOVU {tech_keyword} {product} 배송 문의합니다,프로그래밍 펜,태국,할인율,거래,보통,프로그래밍 펜,할인율,태국,올해,쇼핑몰 리뷰,KO 0.8 : EN 0.2,거래,보통,iOVU,개발자를 위한 밈 굿즈 브랜드,https://iovu-shop.vercel.app/,개발자를 위한 귀여운 반란,Dev + Cute = iOVU,"IT 개발자, 너디 감성을 즐기는 사람들","개발자 밈, 너디 패션, 코딩 유머, 힐링 개발템","티셔츠, 후드티, 에코백, 스티커, 머그컵, 노트북 스티커","고품질 프린팅, 편안한 착용감, 트렌디한 디자인, 합리적 가격"
iOVU 쇼핑몰 개발자용 티셔츠 대량 구매 가능한가요 빠르게.,iOVU 쇼핑몰 개발자용 티셔츠 대량 구매 가능한가요 빠르게.,iovu_optimized_0084,{tech_keyword} 개발자용 {product} 대량 구매 가능한가요,쇼핑몰 티셔츠,베트남,만족도,거래,보통,쇼핑몰 티셔츠,만족도,베트남,최근 3개월,개발자 커뮤니티,KO 0.8 : EN 0.2,거래,보통,iOVU,개발자를 위한 밈 굿즈 브랜드,https://iovu-shop.vercel.app/,개발자를 위한 귀여운 반란,Dev + Cute = iOVU,"IT 개발자, 너디 감성을 즐기는 사람들","개발자 밈, 너디 패션, 코딩 유머, 힐링 개발템","티셔츠, 후드티, 에코백, 스티커, 머그컵, 노트북 스티커","고품질 프린팅, 편안한 착용감, 트렌디한 디자인, 합리적 가격"
캐나다에서 깃허브 스티커 할인 혜택 있나요 추천해주세요,캐나다에서 깃허브 스티커 할인 혜택 있나요 추천해주세요,iovu_optimized_0085,{country}에서 {tech_keyword} {product} 할인 혜택 있나요,깃허브 스티커,캐나다,배송기간,거래,보통,깃허브 스티커,배송기간,캐나다,올해,개발자 포럼,KO 0.8 : EN 0.2,거래,보통,,,,,,,,,
깃허브 티셔츠 구매 상담 도움 주세요 추천해주세요,깃허브 티셔츠 구매 상담 도움 주세요 추천해주세요,iovu_optimized_0086,iOVU {tech_keyword} {product} 구매 상담 도움 주세요,깃허브 티셔츠,일본,디자인,거래,보통,깃허브 티셔츠,디자인,일본,올해,쇼핑몰 리뷰,KO 0.8 : EN 0.2,거래,보통,,,,,,,,,
웹개발 키링 구매 상담 도움 주세요 안전하게 자세히.,웹개발 키링 구매 상담 도움 주세요 안전하게 자세히.,iovu_optimized_0087,iOVU {tech_keyword} {product} 구매 상담 도움 주세요,웹개발 키링,호주,가격,거래,보통,웹개발 키링,가격,호주,2024년,쇼핑몰 리뷰,KO 0.8 : EN 0.2,거래,보통,,,,,,,,,
리팩토링 밈 iOVU 핀 커스터마이징 주문하고 싶어요 빠르게.,리팩토링 밈 iOVU 핀 커스터마이징 주문하고 싶어요 빠르게.,iovu_optimized_0088,{tech_keyword} 밈 {product} 커스터마이징 주문하고 싶어요,리팩토링 핀,브라질,교환정책,거래,보통,리팩토링 핀,교환정책,브라질,최근 3개월,개발자 커뮤니티,KO 0.8 : EN 0.2,거래,보통,iOVU,개발자를 위한 밈 굿즈 브랜드,https://iovu-shop.vercel.app/,개발자를 위한 귀여운 반란,Dev + Cute = iOVU,"IT 개발자, 너디 감성을 즐기는 사람들","개발자 밈, 너디 패션, 코딩 유머, 힐링 개발템","티셔츠, 후드티, 에코백, 스티커, 머그컵, 노트북 스티커","고품질 프린팅, 편안한 착용감, 트렌디한 디자인, 합리적 가격"
개발자굿즈 밈 노트 커스터마이징 주문하고 싶어요 정확히.,개발자굿즈 밈 노트 커스터마이징 주문하고 싶어요 정확히.,iovu_optimized_0089,{tech_keyword} 밈 {product} 커스터마이징 주문하고 싶어요,개발자굿즈 노트,한국,배송비,거래,보통,개발자굿즈 노트,배송비,한국,올해,개발자 커뮤니티,KO 0.8 : EN 0.2,거래,보통,,,,,,,,,
최신 트렌드를 반영해서 코딩 개발자용 iOVU 후드티 대량 구매 가능한가요 추천해주세요,최신 트렌드를 반영해서 코딩 개발자용 iOVU 후드티 대량 구매 가능한가요 추천해주세요,iovu_optimized_0090,{tech_keyword} 개발자용 {product} 대량 구매 가능한가요,코딩 후드티,대만,평점,거래,어려움,코딩 후드티,평점,대만,최근 3개월,쇼핑몰 리뷰,KO 0.8 : EN 0.2,거래,어려움,iOVU,개발자를 위한 밈 굿즈 브랜드,https://iovu-shop.vercel.app/,개발자를 위한 귀여운 반란,Dev + Cute = iOVU,"IT 개발자, 너디 감성을 즐기는 사람들","개발자 밈, 너디 패션, 코딩 유머, 힐링 개발템","티셔츠, 후드티, 에코백, 스티커, 머그컵, 노트북 스티커","고품질 프린팅, 편안한 착용감, 트렌디한 디자인, 합리적 가격"
전문적인 관점에서 IT 개발자용 iOVU 아이템 대량 구매 가능한가요 추천해주세요,전문적인 관점에서 IT 개발자용 iOVU 아이템 대량 구매 가능한가요 추천해주세요,iovu_optimized_0091,{tech_keyword} 개발자용 {product} 대량 구매 가능한가요,IT 아이템,일본,재고,거래,어려움,IT 아이템,재고,일본,올해,IT 뉴스,KO 0.8 : EN 0.2,거래,어려움,iOVU,개발자를 위한 밈 굿즈 브랜드,https://iovu-shop.vercel.app/,개발자를 위한 귀여운 반란,Dev + Cute = iOVU,"IT 개발자, 너디 감성을 즐기는 사람들","개발자 밈, 너디 패션, 코딩 유머, 힐링 개발템","티셔츠, 후드티, 에코백, 스티커, 머그컵, 노트북 스티커","고품질 프린팅, 편안한 착용감, 트렌디한 디자인, 합리적 가격"
최신 트렌드를 반영해서 테크 밈 머천다이즈 커스터마이징 주문하고 싶어요 안전하게.,최신 트렌드를 반영해서 테크 밈 머천다이즈 커스터마이징 주문하고 싶어요 안전하게.,iovu_optimized_0092,{tech_keyword} 밈 {product} 커스터마이징 주문하고 싶어요,테크 머천다이즈,브라질,배송기간,거래,어려움,테크 머천다이즈,배송기간,브라질,올해,IT 뉴스,KO 0.8 : EN 0.2,거래,어려움,,,,,,,,,
비교 분석해서 데이터구조 개발자용 펜 대량 구매 가능한가요 자세히.,비교 분석해서 데이터구조 개발자용 펜 대량 구매 가능한가요 자세히.,iovu_optimized_0093,{tech_keyword} 개발자용 {product} 대량 구매 가능한가요,데이터구조 펜,한국,색상,거래,어려움,데이터구조 펜,색상,한국,최근 1년,쇼핑몰 리뷰,KO 0.8 : EN 0.2,거래,어려움,,,,,,,,,
최신 트렌드를 반영해서 iOVU IT 에코백 배송 문의합니다 정확히.,최신 트렌드를 반영해서 iOVU IT 에코백 배송 문의합니다 정확히.,iovu_optimized_0094,iOVU {tech_keyword} {product} 배송 문의합니다,IT 에코백,미국,만족도,거래,어려움,IT 에코백,만족도,미국,최근 3개월,개발자 포럼,KO 0.8 : EN 0.2,거래,어려움,iOVU,개발자를 위한 밈 굿즈 브랜드,https://iovu-shop.vercel.app/,개발자를 위한 귀여운 반란,Dev + Cute = iOVU,"IT 개발자, 너디 감성을 즐기는 사람들","개발자 밈, 너디 패션, 코딩 유머, 힐링 개발템","티셔츠, 후드티, 에코백, 스티커, 머그컵, 노트북 스티커","고품질 프린팅, 편안한 착용감, 트렌디한 디자인, 합리적 가격"
최신 트렌드를 반영해서 iOVU 프로그래머 마우스패드 배송 문의합니다 자세히.,최신 트렌드를 반영해서 iOVU 프로그래머 마우스패드 배송 문의합니다 자세히.,iovu_optimized_0095,iOVU {tech_keyword} {product} 배송 문의합니다,프로그래머 마우스패드,독일,만족도,거래,어려움,프로그래머 마우스패드,만족도,독일,올해,개발자 커뮤니티,KO 0.8 : EN 0.2,거래,어려움,iOVU,개발자를 위한 밈 굿즈 브랜드,https://iovu-shop.vercel.app/,개발자를 위한 귀여운 반란,Dev + Cute = iOVU,"IT 개발자, 너디 감성을 즐기는 사람들","개발자 밈, 너디 패션, 코딩 유머, 힐링 개발템","티셔츠, 후드티, 에코백, 스티커, 머그컵, 노트북 스티커","고품질 프린팅, 편안한 착용감, 트렌디한 디자인, 합리적 가격"
비교 분석해서 일본에서 개발 아이템 구매하고 싶어요 안전하게.,비교 분석해서 일본에서 개발 아이템 구매하고 싶어요 안전하게.,iovu_optimized_0096,{country}에서 {tech_keyword} {product} 구매하고 싶어요,개발 아이템,일본,배송기간,거래,어려움,개발 아이템,배송기간,일본,최근 3개월,개발자 포럼,KO 0.8 : EN 0.2,거래,어려움,,,,,,,,,
비교 분석해서 미국 개발자굿즈 파우치 가격 상담받고 싶습니다 정확히.,비교 분석해서 미국 개발자굿즈 파우치 가격 상담받고 싶습니다 정확히.,iovu_optimized_0097,{country} {tech_keyword} {product} 가격 상담받고 싶습니다,개발자굿즈 파우치,미국,디자인,거래,어려움,개발자굿즈 파우치,디자인,미국,2024년,개발자 포럼,KO 0.8 : EN 0.2,거래,어려움,,,,,,,,,
상세한 정보와 함께 데브옵스 밈 iOVU 악세서리 커스터마이징 주문하고 싶어요 정확히.,상세한 정보와 함께 데브옵스 밈 iOVU 악세서리 커스터마이징 주문하고 싶어요 정확히.,iovu_optimized_0098,{tech_keyword} 밈 {product} 커스터마이징 주문하고 싶어요,데브옵스 악세서리,캐나다,리뷰,거래,어려움,데브옵스 악세서리,리뷰,캐나다,올해,쇼핑몰 리뷰,KO 0.8 : EN 0.2,거래,어려움,iOVU,개발자를 위한 밈 굿즈 브랜드,https://iovu-shop.vercel.app/,개발자를 위한 귀여운 반란,Dev + Cute = iOVU,"IT 개발자, 너디 감성을 즐기는 사람들","개발자 밈, 너디 패션, 코딩 유머, 힐링 개발템","티셔츠, 후드티, 에코백, 스티커, 머그컵, 노트북 스티커","고품질 프린팅, 편안한 착용감, 트렌디한 디자인, 합리적 가격"
전문적인 관점에서 스타트업 개발자용 머천다이즈 대량 구매 가능한가요 자세히.,전문적인 관점에서 스타트업 개발자용 머천다이즈 대량 구매 가능한가요 자세히.,iovu_optimized_0099,{tech_keyword} 개발자용 {product} 대량 구매 가능한가요,스타트업 머천다이즈,태국,디자인,거래,어려움,스타트업 머천다이즈,디자인,태국,2024년,IT 뉴스,KO 0.8 : EN 0.2,거래,어려움,,,,,,,,,
상세한 정보와 함께 캐나다에서 스타트업 노트 할인 혜택 있나요 안전하게.,상세한 정보와 함께 캐나다에서 스타트업 노트 할인 혜택 있나요 안전하게.,iovu_optimized_0100,{country}에서 {tech_keyword} {product} 할인 혜택 있나요,스타트업 노트,캐나다,평점,거래,어려움,스타트업 노트,평점,캐나다,최근 3개월,IT 뉴스,KO 0.8 : EN 0.2,거래,어려움,,,,,,,,,
