prompt,query,sample_id,template_used,어절수,고유단어수,URL포함,상품속성포함,extracted_keywords_practice_area,extracted_keywords_region,extracted_keywords_metric,extracted_keywords_intent,extracted_keywords_difficulty,final_parameters_practice_area,final_parameters_metric,final_parameters_region,final_parameters_time_span,final_parameters_source_hint,final_parameters_language_ratio,final_parameters_intent,final_parameters_difficulty,brand_info_name,brand_info_description,brand_info_website,brand_info_slogan,brand_info_concept,brand_info_target,brand_info_specialties,brand_info_products,brand_info_features
전문적인 트렌디한 실용적인 창의적인 현대적인 iOVU 힐링템 컨셉이 무엇인지 설명해주세요 더 자세한 정보는 https://iovu-shop.vercel.app/ 참고하세요,전문적인 트렌디한 실용적인 창의적인 현대적인 iOVU 힐링템 컨셉이 무엇인지 설명해주세요 더 자세한 정보는 https://iovu-shop.vercel.app/ 참고하세요,iovu_optimized_v3_0001,iOVU {meme} 컨셉이 무엇인지 설명해주세요,15,17,True,False,힐링템 에코백,싱가포르,친환경프린팅,정보,쉬움,힐링템 에코백,친환경프린팅,싱가포르,올해,디스코드,KO 0.8 : EN 0.2,정보,쉬움,iOVU,개발자를 위한 밈 굿즈 브랜드,https://iovu-shop.vercel.app/,개발자를 위한 귀여운 반란,Dev + Cute = iOVU,"IT 개발자, 너디 감성을 즐기는 사람들","개발자 밈, 너디 패션, 코딩 유머, 힐링 개발템","티셔츠, 후드티, 에코백, 스티커, 머그컵, 노트북 스티커","고품질 프린팅, 편안한 착용감, 트렌디한 디자인, 합리적 가격"
매력적인 트렌디한 iOVU IN OUR VIVID UNIVERSE 슬로건의 의미가 뭐에요? 더 자세한 정보는 https://iovu-shop.vercel.app/collections 참고하세요,매력적인 트렌디한 iOVU IN OUR VIVID UNIVERSE 슬로건의 의미가 뭐에요? 더 자세한 정보는 https://iovu-shop.vercel.app/collections 참고하세요,iovu_optimized_v3_0002,iOVU {slogan} 슬로건의 의미가 뭐에요?,15,18,True,False,너디감성 마우스패드,캐나다,DTG,정보,쉬움,너디감성 마우스패드,DTG,캐나다,2024년,디스코드,KO 0.8 : EN 0.2,정보,쉬움,iOVU,개발자를 위한 밈 굿즈 브랜드,https://iovu-shop.vercel.app/,IN OUR VIVID UNIVERSE,Dev + Cute = iOVU,"IT 개발자, 너디 감성을 즐기는 사람들","개발자 밈, 너디 패션, 코딩 유머, 힐링 개발템","티셔츠, 후드티, 에코백, 스티커, 머그컵, 노트북 스티커","고품질 프린팅, 편안한 착용감, 트렌디한 디자인, 합리적 가격"
매력적인 세련된 실용적인 고품질 전문적인 iOVU 코딩스타일 컨셉이 무엇인지 설명해주세요 더 자세한 정보는 https://iovu-shop.vercel.app/products 참고하세요,매력적인 세련된 실용적인 고품질 전문적인 iOVU 코딩스타일 컨셉이 무엇인지 설명해주세요 더 자세한 정보는 https://iovu-shop.vercel.app/products 참고하세요,iovu_optimized_v3_0003,iOVU {meme} 컨셉이 무엇인지 설명해주세요,15,18,True,False,코딩스타일 프린팅,호주,다중색,정보,쉬움,코딩스타일 프린팅,다중색,호주,2024년,GitHub,KO 0.8 : EN 0.2,정보,쉬움,iOVU,개발자를 위한 밈 굿즈 브랜드,https://iovu-shop.vercel.app/,Developer Fashion,Dev + Cute = iOVU,"IT 개발자, 너디 감성을 즐기는 사람들","개발자 밈, 너디 패션, 코딩 유머, 힐링 개발템","티셔츠, 후드티, 에코백, 스티커, 머그컵, 노트북 스티커","고품질 프린팅, 편안한 착용감, 트렌디한 디자인, 합리적 가격"
세련된 고품질 iOVU 개발자를 위한 귀여운 반란 슬로건의 의미가 뭐에요? 더 자세한 정보는 https://discord.gg/iovu 참고하세요,세련된 고품질 iOVU 개발자를 위한 귀여운 반란 슬로건의 의미가 뭐에요? 더 자세한 정보는 https://discord.gg/iovu 참고하세요,iovu_optimized_v3_0004,iOVU {slogan} 슬로건의 의미가 뭐에요?,15,16,True,False,개발자라이프 에코백,호주,내구성프린팅,정보,쉬움,개발자라이프 에코백,내구성프린팅,호주,최근 3개월,개발자 커뮤니티,KO 0.8 : EN 0.2,정보,쉬움,iOVU,개발자를 위한 밈 굿즈 브랜드,https://iovu-shop.vercel.app/,개발자를 위한 귀여운 반란,Dev + Cute = iOVU,"IT 개발자, 너디 감성을 즐기는 사람들","개발자 밈, 너디 패션, 코딩 유머, 힐링 개발템","티셔츠, 후드티, 에코백, 스티커, 머그컵, 노트북 스티커","고품질 프린팅, 편안한 착용감, 트렌디한 디자인, 합리적 가격"
세련된 고품질 전문적인 iOVU 밈도 입는 시대 슬로건의 의미가 뭐에요? 더 자세한 정보는 https://iovu-shop.vercel.app/collections 참고하세요,세련된 고품질 전문적인 iOVU 밈도 입는 시대 슬로건의 의미가 뭐에요? 더 자세한 정보는 https://iovu-shop.vercel.app/collections 참고하세요,iovu_optimized_v3_0005,iOVU {slogan} 슬로건의 의미가 뭐에요?,15,18,True,False,코딩스타일 품질,호주,다중색,정보,쉬움,코딩스타일 품질,다중색,호주,최근 3개월,iOVU 공식몰,KO 0.8 : EN 0.2,정보,쉬움,iOVU,개발자를 위한 밈 굿즈 브랜드,https://iovu-shop.vercel.app/,밈도 입는 시대,Dev + Cute = iOVU,"IT 개발자, 너디 감성을 즐기는 사람들","개발자 밈, 너디 패션, 코딩 유머, 힐링 개발템","티셔츠, 후드티, 에코백, 스티커, 머그컵, 노트북 스티커","고품질 프린팅, 편안한 착용감, 트렌디한 디자인, 합리적 가격"
트렌디한 전문적인 실용적인 세련된 혁신적인 iOVU 개발자밈 컨셉이 무엇인지 설명해주세요 더 자세한 정보는 https://discord.gg/iovu 참고하세요,트렌디한 전문적인 실용적인 세련된 혁신적인 iOVU 개발자밈 컨셉이 무엇인지 설명해주세요 더 자세한 정보는 https://discord.gg/iovu 참고하세요,iovu_optimized_v3_0006,iOVU {meme} 컨셉이 무엇인지 설명해주세요,15,16,True,False,개발자밈 에코백,영국,열전사,정보,쉬움,개발자밈 에코백,열전사,영국,올해,디스코드,KO 0.8 : EN 0.2,정보,쉬움,iOVU,개발자를 위한 밈 굿즈 브랜드,https://iovu-shop.vercel.app/,개발자를 위한 귀여운 반란,Dev + Cute = iOVU,"IT 개발자, 너디 감성을 즐기는 사람들","개발자 밈, 너디 패션, 코딩 유머, 힐링 개발템","티셔츠, 후드티, 에코백, 스티커, 머그컵, 노트북 스티커","고품질 프린팅, 편안한 착용감, 트렌디한 디자인, 합리적 가격"
독특한 세련된 전문적인 창의적인 혁신적인 iOVU 코딩스타일 컨셉이 무엇인지 설명해주세요 더 자세한 정보는 https://instagram.com/iovu_official 참고하세요,독특한 세련된 전문적인 창의적인 혁신적인 iOVU 코딩스타일 컨셉이 무엇인지 설명해주세요 더 자세한 정보는 https://instagram.com/iovu_official 참고하세요,iovu_optimized_v3_0007,iOVU {meme} 컨셉이 무엇인지 설명해주세요,15,17,True,False,코딩스타일 디자인,미국,다중색,정보,쉬움,코딩스타일 디자인,다중색,미국,최근 3개월,GitHub,KO 0.8 : EN 0.2,정보,쉬움,iOVU,개발자를 위한 밈 굿즈 브랜드,https://iovu-shop.vercel.app/,Coding with Style,Dev + Cute = iOVU,"IT 개발자, 너디 감성을 즐기는 사람들","개발자 밈, 너디 패션, 코딩 유머, 힐링 개발템","티셔츠, 후드티, 에코백, 스티커, 머그컵, 노트북 스티커","고품질 프린팅, 편안한 착용감, 트렌디한 디자인, 합리적 가격"
세련된 전문적인 독특한 혁신적인 현대적인 iOVU 밈컬렉션 컨셉이 무엇인지 설명해주세요 더 자세한 정보는 https://discord.gg/iovu 참고하세요,세련된 전문적인 독특한 혁신적인 현대적인 iOVU 밈컬렉션 컨셉이 무엇인지 설명해주세요 더 자세한 정보는 https://discord.gg/iovu 참고하세요,iovu_optimized_v3_0008,iOVU {meme} 컨셉이 무엇인지 설명해주세요,15,16,True,False,밈컬렉션 컬러,캐나다,Sublimation,정보,쉬움,밈컬렉션 컬러,Sublimation,캐나다,최근 1년,iOVU 공식몰,KO 0.8 : EN 0.2,정보,쉬움,iOVU,개발자를 위한 밈 굿즈 브랜드,https://iovu-shop.vercel.app/,개발자를 위한 귀여운 반란,Dev + Cute = iOVU,"IT 개발자, 너디 감성을 즐기는 사람들","개발자 밈, 너디 패션, 코딩 유머, 힐링 개발템","티셔츠, 후드티, 에코백, 스티커, 머그컵, 노트북 스티커","고품질 프린팅, 편안한 착용감, 트렌디한 디자인, 합리적 가격"
창의적인 전문적인 혁신적인 맨투맨 친환경프린팅으로 제작된 iOVU 제품 정보 알려주세요 더 자세한 정보는 https://iovu-shop.vercel.app/products 참고하세요,창의적인 전문적인 혁신적인 맨투맨 친환경프린팅으로 제작된 iOVU 제품 정보 알려주세요 더 자세한 정보는 https://iovu-shop.vercel.app/products 참고하세요,iovu_optimized_v3_0009,{core_attr} {printing}으로 제작된 iOVU 제품 정보 알려주세요,15,18,True,True,너드패션 맨투맨,영국,친환경프린팅,정보,쉬움,너드패션 맨투맨,친환경프린팅,영국,최근 3개월,개발자 커뮤니티,KO 0.8 : EN 0.2,정보,쉬움,iOVU,개발자를 위한 밈 굿즈 브랜드,https://iovu-shop.vercel.app/,IN OUR VIVID UNIVERSE,Dev + Cute = iOVU,"IT 개발자, 너디 감성을 즐기는 사람들","개발자 밈, 너디 패션, 코딩 유머, 힐링 개발템","티셔츠, 후드티, 에코백, 스티커, 머그컵, 노트북 스티커","고품질 프린팅, 편안한 착용감, 트렌디한 디자인, 합리적 가격"
창의적인 세련된 전문적인 현대적인 독특한 에코백에 적용된 고품질프린팅 기술이 뭔가요? 더 자세한 정보는 https://instagram.com/iovu_official 참고하세요,창의적인 세련된 전문적인 현대적인 독특한 에코백에 적용된 고품질프린팅 기술이 뭔가요? 더 자세한 정보는 https://instagram.com/iovu_official 참고하세요,iovu_optimized_v3_0010,{core_attr}에 적용된 {printing} 기술이 뭔가요?,15,17,True,True,개발자라이프 에코백,영국,고품질프린팅,정보,쉬움,개발자라이프 에코백,고품질프린팅,영국,최근 1년,iOVU 공식몰,KO 0.8 : EN 0.2,정보,쉬움,iOVU,개발자를 위한 밈 굿즈 브랜드,https://iovu-shop.vercel.app/,Dev + Cute = iOVU,Dev + Cute = iOVU,"IT 개발자, 너디 감성을 즐기는 사람들","개발자 밈, 너디 패션, 코딩 유머, 힐링 개발템","티셔츠, 후드티, 에코백, 스티커, 머그컵, 노트북 스티커","고품질 프린팅, 편안한 착용감, 트렌디한 디자인, 합리적 가격"
현대적인 세련된 창의적인 전문적인 고품질 iOVU 개발자라이프 컨셉이 무엇인지 설명해주세요 더 자세한 정보는 https://instagram.com/iovu_official 참고하세요,현대적인 세련된 창의적인 전문적인 고품질 iOVU 개발자라이프 컨셉이 무엇인지 설명해주세요 더 자세한 정보는 https://instagram.com/iovu_official 참고하세요,iovu_optimized_v3_0011,iOVU {meme} 컨셉이 무엇인지 설명해주세요,15,17,True,False,개발자라이프 텀블러,영국,열전사,정보,쉬움,개발자라이프 텀블러,열전사,영국,최근 3개월,GitHub,KO 0.8 : EN 0.2,정보,쉬움,iOVU,개발자를 위한 밈 굿즈 브랜드,https://iovu-shop.vercel.app/,Nerdy is the new cool,Dev + Cute = iOVU,"IT 개발자, 너디 감성을 즐기는 사람들","개발자 밈, 너디 패션, 코딩 유머, 힐링 개발템","티셔츠, 후드티, 에코백, 스티커, 머그컵, 노트북 스티커","고품질 프린팅, 편안한 착용감, 트렌디한 디자인, 합리적 가격"
실용적인 매력적인 창의적인 독특한 iOVU Dev + Cute = iOVU 슬로건의 의미가 뭐에요? 더 자세한 정보는 https://github.com/iovu-official 참고하세요,실용적인 매력적인 창의적인 독특한 iOVU Dev + Cute = iOVU 슬로건의 의미가 뭐에요? 더 자세한 정보는 https://github.com/iovu-official 참고하세요,iovu_optimized_v3_0012,iOVU {slogan} 슬로건의 의미가 뭐에요?,18,17,True,False,개발자감성 맨투맨,중국,Sublimation,정보,쉬움,개발자감성 맨투맨,Sublimation,중국,올해,개발자 커뮤니티,KO 0.8 : EN 0.2,정보,쉬움,iOVU,개발자를 위한 밈 굿즈 브랜드,https://iovu-shop.vercel.app/,Dev + Cute = iOVU,Dev + Cute = iOVU,"IT 개발자, 너디 감성을 즐기는 사람들","개발자 밈, 너디 패션, 코딩 유머, 힐링 개발템","티셔츠, 후드티, 에코백, 스티커, 머그컵, 노트북 스티커","고품질 프린팅, 편안한 착용감, 트렌디한 디자인, 합리적 가격"
트렌디한 독일에서 인기있는 iOVU 컬러 디자인과 내구성프린팅 품질을 비교 분석해주세요 더 자세한 정보는 https://discord.gg/iovu 참고하세요,트렌디한 독일에서 인기있는 iOVU 컬러 디자인과 내구성프린팅 품질을 비교 분석해주세요 더 자세한 정보는 https://discord.gg/iovu 참고하세요,iovu_optimized_v3_0013,{country}에서 인기있는 iOVU {core_attr} 디자인과 {printing} 품질을 비교 분석해주세요,15,16,True,False,개발자밈 컬러,독일,내구성프린팅,정보,보통,개발자밈 컬러,내구성프린팅,독일,최근 1년,디스코드,KO 0.8 : EN 0.2,정보,보통,iOVU,개발자를 위한 밈 굿즈 브랜드,https://iovu-shop.vercel.app/,Dev + Cute = iOVU,Dev + Cute = iOVU,"IT 개발자, 너디 감성을 즐기는 사람들","개발자 밈, 너디 패션, 코딩 유머, 힐링 개발템","티셔츠, 후드티, 에코백, 스티커, 머그컵, 노트북 스티커","고품질 프린팅, 편안한 착용감, 트렌디한 디자인, 합리적 가격"
전문적인 실용적인 프로그래밍문화 트렌드를 반영한 iOVU 티셔츠 다중색 방식의 특징은? 더 자세한 정보는 https://discord.gg/iovu 참고하세요,전문적인 실용적인 프로그래밍문화 트렌드를 반영한 iOVU 티셔츠 다중색 방식의 특징은? 더 자세한 정보는 https://discord.gg/iovu 참고하세요,iovu_optimized_v3_0014,{meme} 트렌드를 반영한 iOVU {core_attr} {printing} 방식의 특징은?,15,16,True,True,프로그래밍문화 티셔츠,프랑스,다중색,정보,보통,프로그래밍문화 티셔츠,다중색,프랑스,2024년,디스코드,KO 0.8 : EN 0.2,정보,보통,iOVU,개발자를 위한 밈 굿즈 브랜드,https://iovu-shop.vercel.app/,Dev + Cute = iOVU,Dev + Cute = iOVU,"IT 개발자, 너디 감성을 즐기는 사람들","개발자 밈, 너디 패션, 코딩 유머, 힐링 개발템","티셔츠, 후드티, 에코백, 스티커, 머그컵, 노트북 스티커","고품질 프린팅, 편안한 착용감, 트렌디한 디자인, 합리적 가격"
매력적인 혁신적인 코딩유머 트렌드를 반영한 iOVU 텀블러 실크스크린 방식의 특징은? 더 자세한 정보는 https://iovu-shop.vercel.app/products 참고하세요,매력적인 혁신적인 코딩유머 트렌드를 반영한 iOVU 텀블러 실크스크린 방식의 특징은? 더 자세한 정보는 https://iovu-shop.vercel.app/products 참고하세요,iovu_optimized_v3_0015,{meme} 트렌드를 반영한 iOVU {core_attr} {printing} 방식의 특징은?,15,18,True,False,코딩유머 텀블러,캐나다,실크스크린,정보,보통,코딩유머 텀블러,실크스크린,캐나다,올해,개발자 커뮤니티,KO 0.8 : EN 0.2,정보,보통,iOVU,개발자를 위한 밈 굿즈 브랜드,https://iovu-shop.vercel.app/,코드를 입다,Dev + Cute = iOVU,"IT 개발자, 너디 감성을 즐기는 사람들","개발자 밈, 너디 패션, 코딩 유머, 힐링 개발템","티셔츠, 후드티, 에코백, 스티커, 머그컵, 노트북 스티커","고품질 프린팅, 편안한 착용감, 트렌디한 디자인, 합리적 가격"
혁신적인 고품질 코딩유머 트렌드를 반영한 iOVU 프린팅 실크스크린 방식의 특징은? 더 자세한 정보는 https://iovu-shop.vercel.app/products 참고하세요,혁신적인 고품질 코딩유머 트렌드를 반영한 iOVU 프린팅 실크스크린 방식의 특징은? 더 자세한 정보는 https://iovu-shop.vercel.app/products 참고하세요,iovu_optimized_v3_0016,{meme} 트렌드를 반영한 iOVU {core_attr} {printing} 방식의 특징은?,15,18,True,False,코딩유머 프린팅,미국,실크스크린,정보,보통,코딩유머 프린팅,실크스크린,미국,올해,GitHub,KO 0.8 : EN 0.2,정보,보통,iOVU,개발자를 위한 밈 굿즈 브랜드,https://iovu-shop.vercel.app/,밈도 입는 시대,Dev + Cute = iOVU,"IT 개발자, 너디 감성을 즐기는 사람들","개발자 밈, 너디 패션, 코딩 유머, 힐링 개발템","티셔츠, 후드티, 에코백, 스티커, 머그컵, 노트북 스티커","고품질 프린팅, 편안한 착용감, 트렌디한 디자인, 합리적 가격"
혁신적인 창의적인 개발자밈 트렌드를 반영한 iOVU 맨투맨 열전사 방식의 특징은? 더 자세한 정보는 https://iovu-shop.vercel.app/products 참고하세요,혁신적인 창의적인 개발자밈 트렌드를 반영한 iOVU 맨투맨 열전사 방식의 특징은? 더 자세한 정보는 https://iovu-shop.vercel.app/products 참고하세요,iovu_optimized_v3_0017,{meme} 트렌드를 반영한 iOVU {core_attr} {printing} 방식의 특징은?,15,18,True,True,개발자밈 맨투맨,미국,열전사,정보,보통,개발자밈 맨투맨,열전사,미국,올해,iOVU 공식몰,KO 0.8 : EN 0.2,정보,보통,iOVU,개발자를 위한 밈 굿즈 브랜드,https://iovu-shop.vercel.app/,Developer Fashion,Dev + Cute = iOVU,"IT 개발자, 너디 감성을 즐기는 사람들","개발자 밈, 너디 패션, 코딩 유머, 힐링 개발템","티셔츠, 후드티, 에코백, 스티커, 머그컵, 노트북 스티커","고품질 프린팅, 편안한 착용감, 트렌디한 디자인, 합리적 가격"
현대적인 iOVU Slack 활동을 통한 소재 제품 개발 과정을 설명해주세요 더 자세한 정보는 https://iovu-shop.vercel.app/collections 참고하세요,현대적인 iOVU Slack 활동을 통한 소재 제품 개발 과정을 설명해주세요 더 자세한 정보는 https://iovu-shop.vercel.app/collections 참고하세요,iovu_optimized_v3_0018,iOVU {community} 활동을 통한 {core_attr} 제품 개발 과정을 설명해주세요,15,18,True,False,너디감성 소재,중국,DTG,정보,보통,너디감성 소재,DTG,중국,최근 3개월,디스코드,KO 0.8 : EN 0.2,정보,보통,iOVU,개발자를 위한 밈 굿즈 브랜드,https://iovu-shop.vercel.app/,Dev + Cute = iOVU,Dev + Cute = iOVU,"IT 개발자, 너디 감성을 즐기는 사람들","개발자 밈, 너디 패션, 코딩 유머, 힐링 개발템","티셔츠, 후드티, 에코백, 스티커, 머그컵, 노트북 스티커","고품질 프린팅, 편안한 착용감, 트렌디한 디자인, 합리적 가격"
고품질 iOVU 테크밋업 활동을 통한 품질 제품 개발 과정을 설명해주세요 더 자세한 정보는 https://iovu-shop.vercel.app/collections 참고하세요,고품질 iOVU 테크밋업 활동을 통한 품질 제품 개발 과정을 설명해주세요 더 자세한 정보는 https://iovu-shop.vercel.app/collections 참고하세요,iovu_optimized_v3_0019,iOVU {community} 활동을 통한 {core_attr} 제품 개발 과정을 설명해주세요,15,18,True,False,개발자라이프 품질,독일,DTG,정보,보통,개발자라이프 품질,DTG,독일,최근 1년,개발자 커뮤니티,KO 0.8 : EN 0.2,정보,보통,iOVU,개발자를 위한 밈 굿즈 브랜드,https://iovu-shop.vercel.app/,IN OUR VIVID UNIVERSE,Dev + Cute = iOVU,"IT 개발자, 너디 감성을 즐기는 사람들","개발자 밈, 너디 패션, 코딩 유머, 힐링 개발템","티셔츠, 후드티, 에코백, 스티커, 머그컵, 노트북 스티커","고품질 프린팅, 편안한 착용감, 트렌디한 디자인, 합리적 가격"
매력적인 iOVU가 사이즈에 내구성프린팅 기술을 어떻게 적용하여 개발자밈 감성을 구현하나요? 더 자세한 정보는 https://iovu-shop.vercel.app/collections 참고하세요,매력적인 iOVU가 사이즈에 내구성프린팅 기술을 어떻게 적용하여 개발자밈 감성을 구현하나요? 더 자세한 정보는 https://iovu-shop.vercel.app/collections 참고하세요,iovu_optimized_v3_0020,iOVU가 {core_attr}에 {printing} 기술을 어떻게 적용하여 {meme} 감성을 구현하나요?,15,19,True,False,개발자밈 사이즈,영국,내구성프린팅,정보,보통,개발자밈 사이즈,내구성프린팅,영국,최근 1년,디스코드,KO 0.8 : EN 0.2,정보,보통,iOVU,개발자를 위한 밈 굿즈 브랜드,https://iovu-shop.vercel.app/,Dev + Cute = iOVU,Dev + Cute = iOVU,"IT 개발자, 너디 감성을 즐기는 사람들","개발자 밈, 너디 패션, 코딩 유머, 힐링 개발템","티셔츠, 후드티, 에코백, 스티커, 머그컵, 노트북 스티커","고품질 프린팅, 편안한 착용감, 트렌디한 디자인, 합리적 가격"
독특한 대만에서 인기있는 iOVU 색상 디자인과 DTG 품질을 비교 분석해주세요 더 자세한 정보는 https://iovu-shop.vercel.app/products 참고하세요,독특한 대만에서 인기있는 iOVU 색상 디자인과 DTG 품질을 비교 분석해주세요 더 자세한 정보는 https://iovu-shop.vercel.app/products 참고하세요,iovu_optimized_v3_0021,{country}에서 인기있는 iOVU {core_attr} 디자인과 {printing} 품질을 비교 분석해주세요,15,18,True,False,프로그래밍문화 색상,대만,DTG,정보,보통,프로그래밍문화 색상,DTG,대만,최근 1년,GitHub,KO 0.8 : EN 0.2,정보,보통,iOVU,개발자를 위한 밈 굿즈 브랜드,https://iovu-shop.vercel.app/,Coding with Style,Dev + Cute = iOVU,"IT 개발자, 너디 감성을 즐기는 사람들","개발자 밈, 너디 패션, 코딩 유머, 힐링 개발템","티셔츠, 후드티, 에코백, 스티커, 머그컵, 노트북 스티커","고품질 프린팅, 편안한 착용감, 트렌디한 디자인, 합리적 가격"
현대적인 중국에서 인기있는 iOVU 사이즈 디자인과 내구성프린팅 품질을 비교 분석해주세요 더 자세한 정보는 https://discord.gg/iovu 참고하세요,현대적인 중국에서 인기있는 iOVU 사이즈 디자인과 내구성프린팅 품질을 비교 분석해주세요 더 자세한 정보는 https://discord.gg/iovu 참고하세요,iovu_optimized_v3_0022,{country}에서 인기있는 iOVU {core_attr} 디자인과 {printing} 품질을 비교 분석해주세요,15,16,True,False,프로그래머유머 사이즈,중국,내구성프린팅,정보,보통,프로그래머유머 사이즈,내구성프린팅,중국,최근 1년,디스코드,KO 0.8 : EN 0.2,정보,보통,iOVU,개발자를 위한 밈 굿즈 브랜드,https://iovu-shop.vercel.app/,개발자를 위한 귀여운 반란,Dev + Cute = iOVU,"IT 개발자, 너디 감성을 즐기는 사람들","개발자 밈, 너디 패션, 코딩 유머, 힐링 개발템","티셔츠, 후드티, 에코백, 스티커, 머그컵, 노트북 스티커","고품질 프린팅, 편안한 착용감, 트렌디한 디자인, 합리적 가격"
세련된 iOVU 테크밋업 활동을 통한 프린팅 제품 개발 과정을 설명해주세요 더 자세한 정보는 https://discord.gg/iovu 참고하세요,세련된 iOVU 테크밋업 활동을 통한 프린팅 제품 개발 과정을 설명해주세요 더 자세한 정보는 https://discord.gg/iovu 참고하세요,iovu_optimized_v3_0023,iOVU {community} 활동을 통한 {core_attr} 제품 개발 과정을 설명해주세요,15,16,True,False,코딩스타일 프린팅,영국,내구성프린팅,정보,보통,코딩스타일 프린팅,내구성프린팅,영국,올해,GitHub,KO 0.8 : EN 0.2,정보,보통,iOVU,개발자를 위한 밈 굿즈 브랜드,https://iovu-shop.vercel.app/,Nerdy is the new cool,Dev + Cute = iOVU,"IT 개발자, 너디 감성을 즐기는 사람들","개발자 밈, 너디 패션, 코딩 유머, 힐링 개발템","티셔츠, 후드티, 에코백, 스티커, 머그컵, 노트북 스티커","고품질 프린팅, 편안한 착용감, 트렌디한 디자인, 합리적 가격"
iOVU의 Developer Fashion 철학이 티셔츠 제품 디자인과 디지털프린팅 공정에 미치는 영향을 코딩스타일 문화 관점에서 심층 분석해주세요 더 자세한 정보는 https://instagram.com/iovu_official 참고하세요,iOVU의 Developer Fashion 철학이 티셔츠 제품 디자인과 디지털프린팅 공정에 미치는 영향을 코딩스타일 문화 관점에서 심층 분석해주세요 더 자세한 정보는 https://instagram.com/iovu_official 참고하세요,iovu_optimized_v3_0024,iOVU의 {slogan} 철학이 {core_attr} 제품 디자인과 {printing} 공정에 미치는 영향을 {meme} 문화 관점에서 심층 분석해주세요,21,23,True,True,코딩스타일 티셔츠,영국,디지털프린팅,정보,어려움,코딩스타일 티셔츠,디지털프린팅,영국,최근 1년,iOVU 공식몰,KO 0.8 : EN 0.2,정보,어려움,iOVU,개발자를 위한 밈 굿즈 브랜드,https://iovu-shop.vercel.app/,Developer Fashion,Dev + Cute = iOVU,"IT 개발자, 너디 감성을 즐기는 사람들","개발자 밈, 너디 패션, 코딩 유머, 힐링 개발템","티셔츠, 후드티, 에코백, 스티커, 머그컵, 노트북 스티커","고품질 프린팅, 편안한 착용감, 트렌디한 디자인, 합리적 가격"
iOVU가 'Developer Fashion' 브랜딩 전략으로 색상 시장에서 Sublimation 기술과 프로그래머유머 문화를 결합하여 얻는 마케팅 효과를 정량적으로 분석해주세요 더 자세한 정보는 https://iovu-shop.vercel.app/products 참고하세요,iOVU가 'Developer Fashion' 브랜딩 전략으로 색상 시장에서 Sublimation 기술과 프로그래머유머 문화를 결합하여 얻는 마케팅 효과를 정량적으로 분석해주세요 더 자세한 정보는 https://iovu-shop.vercel.app/products 참고하세요,iovu_optimized_v3_0025,iOVU가 '{slogan}' 브랜딩 전략으로 {core_attr} 시장에서 {printing} 기술과 {meme} 문화를 결합하여 얻는 마케팅 효과를 정량적으로 분석해주세요,22,26,True,False,프로그래머유머 색상,영국,Sublimation,정보,어려움,프로그래머유머 색상,Sublimation,영국,최근 1년,디스코드,KO 0.8 : EN 0.2,정보,어려움,iOVU,개발자를 위한 밈 굿즈 브랜드,https://iovu-shop.vercel.app/,Developer Fashion,Dev + Cute = iOVU,"IT 개발자, 너디 감성을 즐기는 사람들","개발자 밈, 너디 패션, 코딩 유머, 힐링 개발템","티셔츠, 후드티, 에코백, 스티커, 머그컵, 노트북 스티커","고품질 프린팅, 편안한 착용감, 트렌디한 디자인, 합리적 가격"
iOVU가 'Dev + Cute = iOVU' 브랜딩 전략으로 마우스패드 시장에서 고품질프린팅 기술과 코딩유머 문화를 결합하여 얻는 마케팅 효과를 정량적으로 분석해주세요 더 자세한 정보는 https://github.com/iovu-official 참고하세요,iOVU가 'Dev + Cute = iOVU' 브랜딩 전략으로 마우스패드 시장에서 고품질프린팅 기술과 코딩유머 문화를 결합하여 얻는 마케팅 효과를 정량적으로 분석해주세요 더 자세한 정보는 https://github.com/iovu-official 참고하세요,iovu_optimized_v3_0026,iOVU가 '{slogan}' 브랜딩 전략으로 {core_attr} 시장에서 {printing} 기술과 {meme} 문화를 결합하여 얻는 마케팅 효과를 정량적으로 분석해주세요,25,25,True,False,코딩유머 마우스패드,영국,고품질프린팅,정보,어려움,코딩유머 마우스패드,고품질프린팅,영국,2024년,iOVU 공식몰,KO 0.8 : EN 0.2,정보,어려움,iOVU,개발자를 위한 밈 굿즈 브랜드,https://iovu-shop.vercel.app/,Dev + Cute = iOVU,Dev + Cute = iOVU,"IT 개발자, 너디 감성을 즐기는 사람들","개발자 밈, 너디 패션, 코딩 유머, 힐링 개발템","티셔츠, 후드티, 에코백, 스티커, 머그컵, 노트북 스티커","고품질 프린팅, 편안한 착용감, 트렌디한 디자인, 합리적 가격"
호주 GitHub 트렌드 분석을 바탕으로 iOVU 컬러 제품의 Sublimation 품질 향상과 개발자감성 컨텐츠 전략의 시너지 효과를 평가해주세요 더 자세한 정보는 https://iovu-shop.vercel.app/ 참고하세요,호주 GitHub 트렌드 분석을 바탕으로 iOVU 컬러 제품의 Sublimation 품질 향상과 개발자감성 컨텐츠 전략의 시너지 효과를 평가해주세요 더 자세한 정보는 https://iovu-shop.vercel.app/ 참고하세요,iovu_optimized_v3_0027,{country} {community} 트렌드 분석을 바탕으로 iOVU {core_attr} 제품의 {printing} 품질 향상과 {meme} 컨텐츠 전략의 시너지 효과를 평가해주세요,22,24,True,False,개발자감성 컬러,호주,Sublimation,정보,어려움,개발자감성 컬러,Sublimation,호주,올해,디스코드,KO 0.8 : EN 0.2,정보,어려움,iOVU,개발자를 위한 밈 굿즈 브랜드,https://iovu-shop.vercel.app/,개발자를 위한 귀여운 반란,Dev + Cute = iOVU,"IT 개발자, 너디 감성을 즐기는 사람들","개발자 밈, 너디 패션, 코딩 유머, 힐링 개발템","티셔츠, 후드티, 에코백, 스티커, 머그컵, 노트북 스티커","고품질 프린팅, 편안한 착용감, 트렌디한 디자인, 합리적 가격"
iOVU가 'Nerdy is the new cool' 브랜딩 전략으로 에코백 시장에서 Sublimation 기술과 밈컬렉션 문화를 결합하여 얻는 마케팅 효과를 정량적으로 분석해주세요 더 자세한 정보는 https://github.com/iovu-official 참고하세요,iOVU가 'Nerdy is the new cool' 브랜딩 전략으로 에코백 시장에서 Sublimation 기술과 밈컬렉션 문화를 결합하여 얻는 마케팅 효과를 정량적으로 분석해주세요 더 자세한 정보는 https://github.com/iovu-official 참고하세요,iovu_optimized_v3_0028,iOVU가 '{slogan}' 브랜딩 전략으로 {core_attr} 시장에서 {printing} 기술과 {meme} 문화를 결합하여 얻는 마케팅 효과를 정량적으로 분석해주세요,25,28,True,True,밈컬렉션 에코백,일본,Sublimation,정보,어려움,밈컬렉션 에코백,Sublimation,일본,올해,개발자 커뮤니티,KO 0.8 : EN 0.2,정보,어려움,iOVU,개발자를 위한 밈 굿즈 브랜드,https://iovu-shop.vercel.app/,Nerdy is the new cool,Dev + Cute = iOVU,"IT 개발자, 너디 감성을 즐기는 사람들","개발자 밈, 너디 패션, 코딩 유머, 힐링 개발템","티셔츠, 후드티, 에코백, 스티커, 머그컵, 노트북 스티커","고품질 프린팅, 편안한 착용감, 트렌디한 디자인, 합리적 가격"
iOVU의 밈도 입는 시대 철학이 에코백 제품 디자인과 다중색 공정에 미치는 영향을 코딩스타일 문화 관점에서 심층 분석해주세요 더 자세한 정보는 https://discord.gg/iovu 참고하세요,iOVU의 밈도 입는 시대 철학이 에코백 제품 디자인과 다중색 공정에 미치는 영향을 코딩스타일 문화 관점에서 심층 분석해주세요 더 자세한 정보는 https://discord.gg/iovu 참고하세요,iovu_optimized_v3_0029,iOVU의 {slogan} 철학이 {core_attr} 제품 디자인과 {printing} 공정에 미치는 영향을 {meme} 문화 관점에서 심층 분석해주세요,22,24,True,True,코딩스타일 에코백,대만,다중색,정보,어려움,코딩스타일 에코백,다중색,대만,최근 3개월,개발자 커뮤니티,KO 0.8 : EN 0.2,정보,어려움,iOVU,개발자를 위한 밈 굿즈 브랜드,https://iovu-shop.vercel.app/,밈도 입는 시대,Dev + Cute = iOVU,"IT 개발자, 너디 감성을 즐기는 사람들","개발자 밈, 너디 패션, 코딩 유머, 힐링 개발템","티셔츠, 후드티, 에코백, 스티커, 머그컵, 노트북 스티커","고품질 프린팅, 편안한 착용감, 트렌디한 디자인, 합리적 가격"
iOVU의 Debug & Chill 철학이 소재 제품 디자인과 고품질프린팅 공정에 미치는 영향을 밈컬렉션 문화 관점에서 심층 분석해주세요 더 자세한 정보는 https://iovu-shop.vercel.app/collections 참고하세요,iOVU의 Debug & Chill 철학이 소재 제품 디자인과 고품질프린팅 공정에 미치는 영향을 밈컬렉션 문화 관점에서 심층 분석해주세요 더 자세한 정보는 https://iovu-shop.vercel.app/collections 참고하세요,iovu_optimized_v3_0030,iOVU의 {slogan} 철학이 {core_attr} 제품 디자인과 {printing} 공정에 미치는 영향을 {meme} 문화 관점에서 심층 분석해주세요,22,25,True,False,밈컬렉션 소재,호주,고품질프린팅,정보,어려움,밈컬렉션 소재,고품질프린팅,호주,최근 1년,GitHub,KO 0.8 : EN 0.2,정보,어려움,iOVU,개발자를 위한 밈 굿즈 브랜드,https://iovu-shop.vercel.app/,Debug & Chill,Dev + Cute = iOVU,"IT 개발자, 너디 감성을 즐기는 사람들","개발자 밈, 너디 패션, 코딩 유머, 힐링 개발템","티셔츠, 후드티, 에코백, 스티커, 머그컵, 노트북 스티커","고품질 프린팅, 편안한 착용감, 트렌디한 디자인, 합리적 가격"
iOVU의 코드를 입다 철학이 토트백 제품 디자인과 열전사 공정에 미치는 영향을 밈컬렉션 문화 관점에서 심층 분석해주세요 더 자세한 정보는 https://discord.gg/iovu 참고하세요,iOVU의 코드를 입다 철학이 토트백 제품 디자인과 열전사 공정에 미치는 영향을 밈컬렉션 문화 관점에서 심층 분석해주세요 더 자세한 정보는 https://discord.gg/iovu 참고하세요,iovu_optimized_v3_0031,iOVU의 {slogan} 철학이 {core_attr} 제품 디자인과 {printing} 공정에 미치는 영향을 {meme} 문화 관점에서 심층 분석해주세요,21,23,True,True,밈컬렉션 토트백,미국,열전사,정보,어려움,밈컬렉션 토트백,열전사,미국,최근 1년,개발자 커뮤니티,KO 0.8 : EN 0.2,정보,어려움,iOVU,개발자를 위한 밈 굿즈 브랜드,https://iovu-shop.vercel.app/,코드를 입다,Dev + Cute = iOVU,"IT 개발자, 너디 감성을 즐기는 사람들","개발자 밈, 너디 패션, 코딩 유머, 힐링 개발템","티셔츠, 후드티, 에코백, 스티커, 머그컵, 노트북 스티커","고품질 프린팅, 편안한 착용감, 트렌디한 디자인, 합리적 가격"
iOVU가 'Developer Fashion' 브랜딩 전략으로 텀블러 시장에서 열전사 기술과 개발자감성 문화를 결합하여 얻는 마케팅 효과를 정량적으로 분석해주세요 더 자세한 정보는 https://iovu-shop.vercel.app/collections 참고하세요,iOVU가 'Developer Fashion' 브랜딩 전략으로 텀블러 시장에서 열전사 기술과 개발자감성 문화를 결합하여 얻는 마케팅 효과를 정량적으로 분석해주세요 더 자세한 정보는 https://iovu-shop.vercel.app/collections 참고하세요,iovu_optimized_v3_0032,iOVU가 '{slogan}' 브랜딩 전략으로 {core_attr} 시장에서 {printing} 기술과 {meme} 문화를 결합하여 얻는 마케팅 효과를 정량적으로 분석해주세요,22,26,True,False,개발자감성 텀블러,캐나다,열전사,정보,어려움,개발자감성 텀블러,열전사,캐나다,2024년,디스코드,KO 0.8 : EN 0.2,정보,어려움,iOVU,개발자를 위한 밈 굿즈 브랜드,https://iovu-shop.vercel.app/,Developer Fashion,Dev + Cute = iOVU,"IT 개발자, 너디 감성을 즐기는 사람들","개발자 밈, 너디 패션, 코딩 유머, 힐링 개발템","티셔츠, 후드티, 에코백, 스티커, 머그컵, 노트북 스티커","고품질 프린팅, 편안한 착용감, 트렌디한 디자인, 합리적 가격"
iOVU의 IN OUR VIVID UNIVERSE 철학이 색상 제품 디자인과 실크스크린 공정에 미치는 영향을 개발자정체성 문화 관점에서 심층 분석해주세요 더 자세한 정보는 https://iovu-shop.vercel.app/ 참고하세요,iOVU의 IN OUR VIVID UNIVERSE 철학이 색상 제품 디자인과 실크스크린 공정에 미치는 영향을 개발자정체성 문화 관점에서 심층 분석해주세요 더 자세한 정보는 https://iovu-shop.vercel.app/ 참고하세요,iovu_optimized_v3_0033,iOVU의 {slogan} 철학이 {core_attr} 제품 디자인과 {printing} 공정에 미치는 영향을 {meme} 문화 관점에서 심층 분석해주세요,23,26,True,False,개발자정체성 색상,캐나다,실크스크린,정보,어려움,개발자정체성 색상,실크스크린,캐나다,최근 3개월,GitHub,KO 0.8 : EN 0.2,정보,어려움,iOVU,개발자를 위한 밈 굿즈 브랜드,https://iovu-shop.vercel.app/,IN OUR VIVID UNIVERSE,Dev + Cute = iOVU,"IT 개발자, 너디 감성을 즐기는 사람들","개발자 밈, 너디 패션, 코딩 유머, 힐링 개발템","티셔츠, 후드티, 에코백, 스티커, 머그컵, 노트북 스티커","고품질 프린팅, 편안한 착용감, 트렌디한 디자인, 합리적 가격"
캐나다 깃허브 트렌드 분석을 바탕으로 iOVU 텀블러 제품의 열전사 품질 향상과 너디감성 컨텐츠 전략의 시너지 효과를 평가해주세요 더 자세한 정보는 https://instagram.com/iovu_official 참고하세요,캐나다 깃허브 트렌드 분석을 바탕으로 iOVU 텀블러 제품의 열전사 품질 향상과 너디감성 컨텐츠 전략의 시너지 효과를 평가해주세요 더 자세한 정보는 https://instagram.com/iovu_official 참고하세요,iovu_optimized_v3_0034,{country} {community} 트렌드 분석을 바탕으로 iOVU {core_attr} 제품의 {printing} 품질 향상과 {meme} 컨텐츠 전략의 시너지 효과를 평가해주세요,22,24,True,False,너디감성 텀블러,캐나다,열전사,정보,어려움,너디감성 텀블러,열전사,캐나다,2024년,개발자 커뮤니티,KO 0.8 : EN 0.2,정보,어려움,iOVU,개발자를 위한 밈 굿즈 브랜드,https://iovu-shop.vercel.app/,코드를 입다,Dev + Cute = iOVU,"IT 개발자, 너디 감성을 즐기는 사람들","개발자 밈, 너디 패션, 코딩 유머, 힐링 개발템","티셔츠, 후드티, 에코백, 스티커, 머그컵, 노트북 스티커","고품질 프린팅, 편안한 착용감, 트렌디한 디자인, 합리적 가격"
혁신적인 매력적인 티셔츠 Sublimation 제품 카탈로그 다운로드 링크가 어디에 있나요? https://iovu-shop.vercel.app/products에서 확인 가능해요,혁신적인 매력적인 티셔츠 Sublimation 제품 카탈로그 다운로드 링크가 어디에 있나요? https://iovu-shop.vercel.app/products에서 확인 가능해요,iovu_optimized_v3_0035,{core_attr} {printing} 제품 카탈로그 다운로드 링크가 어디에 있나요?,13,18,True,True,코딩라이프 티셔츠,영국,Sublimation,탐색,쉬움,코딩라이프 티셔츠,Sublimation,영국,최근 3개월,GitHub,KO 0.8 : EN 0.2,탐색,쉬움,iOVU,개발자를 위한 밈 굿즈 브랜드,https://iovu-shop.vercel.app/,개발자를 위한 귀여운 반란,Dev + Cute = iOVU,"IT 개발자, 너디 감성을 즐기는 사람들","개발자 밈, 너디 패션, 코딩 유머, 힐링 개발템","티셔츠, 후드티, 에코백, 스티커, 머그컵, 노트북 스티커","고품질 프린팅, 편안한 착용감, 트렌디한 디자인, 합리적 가격"
독특한 현대적인 iOVU 오픈소스 참여 방법과 관련 링크를 찾고 있어요 https://github.com/iovu-official에서 확인 가능해요,독특한 현대적인 iOVU 오픈소스 참여 방법과 관련 링크를 찾고 있어요 https://github.com/iovu-official에서 확인 가능해요,iovu_optimized_v3_0036,iOVU {community} 참여 방법과 관련 링크를 찾고 있어요,13,16,True,False,개발자감성 맨투맨,캐나다,DTG,탐색,쉬움,개발자감성 맨투맨,DTG,캐나다,2024년,디스코드,KO 0.8 : EN 0.2,탐색,쉬움,iOVU,개발자를 위한 밈 굿즈 브랜드,https://iovu-shop.vercel.app/,개발자를 위한 귀여운 반란,Dev + Cute = iOVU,"IT 개발자, 너디 감성을 즐기는 사람들","개발자 밈, 너디 패션, 코딩 유머, 힐링 개발템","티셔츠, 후드티, 에코백, 스티커, 머그컵, 노트북 스티커","고품질 프린팅, 편안한 착용감, 트렌디한 디자인, 합리적 가격"
창의적인 실용적인 iOVU 개발자모임 참여 방법과 관련 링크를 찾고 있어요 https://iovu-shop.vercel.app/collections에서 확인 가능해요,창의적인 실용적인 iOVU 개발자모임 참여 방법과 관련 링크를 찾고 있어요 https://iovu-shop.vercel.app/collections에서 확인 가능해요,iovu_optimized_v3_0037,iOVU {community} 참여 방법과 관련 링크를 찾고 있어요,13,17,True,False,코딩라이프 색상,미국,Sublimation,탐색,쉬움,코딩라이프 색상,Sublimation,미국,올해,GitHub,KO 0.8 : EN 0.2,탐색,쉬움,iOVU,개발자를 위한 밈 굿즈 브랜드,https://iovu-shop.vercel.app/,밈도 입는 시대,Dev + Cute = iOVU,"IT 개발자, 너디 감성을 즐기는 사람들","개발자 밈, 너디 패션, 코딩 유머, 힐링 개발템","티셔츠, 후드티, 에코백, 스티커, 머그컵, 노트북 스티커","고품질 프린팅, 편안한 착용감, 트렌디한 디자인, 합리적 가격"
세련된 매력적인 독특한 iOVU 맨투맨 구매 페이지 URL 링크 알려주세요 https://iovu-shop.vercel.app/에서 확인 가능해요,세련된 매력적인 독특한 iOVU 맨투맨 구매 페이지 URL 링크 알려주세요 https://iovu-shop.vercel.app/에서 확인 가능해요,iovu_optimized_v3_0038,iOVU {core_attr} 구매 페이지 URL 링크 알려주세요,13,17,True,True,코딩스타일 맨투맨,캐나다,친환경프린팅,탐색,쉬움,코딩스타일 맨투맨,친환경프린팅,캐나다,2024년,개발자 커뮤니티,KO 0.8 : EN 0.2,탐색,쉬움,iOVU,개발자를 위한 밈 굿즈 브랜드,https://iovu-shop.vercel.app/,개발자를 위한 귀여운 반란,Dev + Cute = iOVU,"IT 개발자, 너디 감성을 즐기는 사람들","개발자 밈, 너디 패션, 코딩 유머, 힐링 개발템","티셔츠, 후드티, 에코백, 스티커, 머그컵, 노트북 스티커","고품질 프린팅, 편안한 착용감, 트렌디한 디자인, 합리적 가격"
혁신적인 현대적인 에코백 열전사 제품 카탈로그 다운로드 링크가 어디에 있나요? https://iovu-shop.vercel.app/collections에서 확인 가능해요,혁신적인 현대적인 에코백 열전사 제품 카탈로그 다운로드 링크가 어디에 있나요? https://iovu-shop.vercel.app/collections에서 확인 가능해요,iovu_optimized_v3_0039,{core_attr} {printing} 제품 카탈로그 다운로드 링크가 어디에 있나요?,13,18,True,True,개발자정체성 에코백,싱가포르,열전사,탐색,쉬움,개발자정체성 에코백,열전사,싱가포르,올해,개발자 커뮤니티,KO 0.8 : EN 0.2,탐색,쉬움,iOVU,개발자를 위한 밈 굿즈 브랜드,https://iovu-shop.vercel.app/,Debug & Chill,Dev + Cute = iOVU,"IT 개발자, 너디 감성을 즐기는 사람들","개발자 밈, 너디 패션, 코딩 유머, 힐링 개발템","티셔츠, 후드티, 에코백, 스티커, 머그컵, 노트북 스티커","고품질 프린팅, 편안한 착용감, 트렌디한 디자인, 합리적 가격"
독특한 세련된 디자인 DTG 제품 카탈로그 다운로드 링크가 어디에 있나요? https://instagram.com/iovu_official에서 확인 가능해요,독특한 세련된 디자인 DTG 제품 카탈로그 다운로드 링크가 어디에 있나요? https://instagram.com/iovu_official에서 확인 가능해요,iovu_optimized_v3_0040,{core_attr} {printing} 제품 카탈로그 다운로드 링크가 어디에 있나요?,13,16,True,False,긱문화 디자인,프랑스,DTG,탐색,쉬움,긱문화 디자인,DTG,프랑스,올해,iOVU 공식몰,KO 0.8 : EN 0.2,탐색,쉬움,iOVU,개발자를 위한 밈 굿즈 브랜드,https://iovu-shop.vercel.app/,개발자를 위한 귀여운 반란,Dev + Cute = iOVU,"IT 개발자, 너디 감성을 즐기는 사람들","개발자 밈, 너디 패션, 코딩 유머, 힐링 개발템","티셔츠, 후드티, 에코백, 스티커, 머그컵, 노트북 스티커","고품질 프린팅, 편안한 착용감, 트렌디한 디자인, 합리적 가격"
매력적인 창의적인 독특한 iOVU 사이즈 구매 페이지 URL 링크 알려주세요 https://iovu-shop.vercel.app/에서 확인 가능해요,매력적인 창의적인 독특한 iOVU 사이즈 구매 페이지 URL 링크 알려주세요 https://iovu-shop.vercel.app/에서 확인 가능해요,iovu_optimized_v3_0041,iOVU {core_attr} 구매 페이지 URL 링크 알려주세요,13,17,True,False,밈컬렉션 사이즈,프랑스,고품질프린팅,탐색,쉬움,밈컬렉션 사이즈,고품질프린팅,프랑스,올해,GitHub,KO 0.8 : EN 0.2,탐색,쉬움,iOVU,개발자를 위한 밈 굿즈 브랜드,https://iovu-shop.vercel.app/,IN OUR VIVID UNIVERSE,Dev + Cute = iOVU,"IT 개발자, 너디 감성을 즐기는 사람들","개발자 밈, 너디 패션, 코딩 유머, 힐링 개발템","티셔츠, 후드티, 에코백, 스티커, 머그컵, 노트북 스티커","고품질 프린팅, 편안한 착용감, 트렌디한 디자인, 합리적 가격"
고품질 세련된 창의적인 iOVU 마우스패드 구매 페이지 URL 링크 알려주세요 https://github.com/iovu-official에서 확인 가능해요,고품질 세련된 창의적인 iOVU 마우스패드 구매 페이지 URL 링크 알려주세요 https://github.com/iovu-official에서 확인 가능해요,iovu_optimized_v3_0042,iOVU {core_attr} 구매 페이지 URL 링크 알려주세요,13,16,True,False,너드패션 마우스패드,미국,디지털프린팅,탐색,쉬움,너드패션 마우스패드,디지털프린팅,미국,최근 1년,GitHub,KO 0.8 : EN 0.2,탐색,쉬움,iOVU,개발자를 위한 밈 굿즈 브랜드,https://iovu-shop.vercel.app/,Coding with Style,Dev + Cute = iOVU,"IT 개발자, 너디 감성을 즐기는 사람들","개발자 밈, 너디 패션, 코딩 유머, 힐링 개발템","티셔츠, 후드티, 에코백, 스티커, 머그컵, 노트북 스티커","고품질 프린팅, 편안한 착용감, 트렌디한 디자인, 합리적 가격"
고품질 매력적인 실용적인 iOVU 후드티 구매 페이지 URL 링크 알려주세요 https://instagram.com/iovu_official에서 확인 가능해요,고품질 매력적인 실용적인 iOVU 후드티 구매 페이지 URL 링크 알려주세요 https://instagram.com/iovu_official에서 확인 가능해요,iovu_optimized_v3_0043,iOVU {core_attr} 구매 페이지 URL 링크 알려주세요,13,16,True,True,개발자감성 후드티,프랑스,내구성프린팅,탐색,쉬움,개발자감성 후드티,내구성프린팅,프랑스,최근 1년,GitHub,KO 0.8 : EN 0.2,탐색,쉬움,iOVU,개발자를 위한 밈 굿즈 브랜드,https://iovu-shop.vercel.app/,Developer Fashion,Dev + Cute = iOVU,"IT 개발자, 너디 감성을 즐기는 사람들","개발자 밈, 너디 패션, 코딩 유머, 힐링 개발템","티셔츠, 후드티, 에코백, 스티커, 머그컵, 노트북 스티커","고품질 프린팅, 편안한 착용감, 트렌디한 디자인, 합리적 가격"
독특한 창의적인 후드티 디지털프린팅 제품 카탈로그 다운로드 링크가 어디에 있나요? https://instagram.com/iovu_official에서 확인 가능해요,독특한 창의적인 후드티 디지털프린팅 제품 카탈로그 다운로드 링크가 어디에 있나요? https://instagram.com/iovu_official에서 확인 가능해요,iovu_optimized_v3_0044,{core_attr} {printing} 제품 카탈로그 다운로드 링크가 어디에 있나요?,13,16,True,True,너드패션 후드티,한국,디지털프린팅,탐색,쉬움,너드패션 후드티,디지털프린팅,한국,최근 3개월,디스코드,KO 0.8 : EN 0.2,탐색,쉬움,iOVU,개발자를 위한 밈 굿즈 브랜드,https://iovu-shop.vercel.app/,IN OUR VIVID UNIVERSE,Dev + Cute = iOVU,"IT 개발자, 너디 감성을 즐기는 사람들","개발자 밈, 너디 패션, 코딩 유머, 힐링 개발템","티셔츠, 후드티, 에코백, 스티커, 머그컵, 노트북 스티커","고품질 프린팅, 편안한 착용감, 트렌디한 디자인, 합리적 가격"
트렌디한 독특한 텀블러 내구성프린팅 제품 카탈로그 다운로드 링크가 어디에 있나요? https://github.com/iovu-official에서 확인 가능해요,트렌디한 독특한 텀블러 내구성프린팅 제품 카탈로그 다운로드 링크가 어디에 있나요? https://github.com/iovu-official에서 확인 가능해요,iovu_optimized_v3_0045,{core_attr} {printing} 제품 카탈로그 다운로드 링크가 어디에 있나요?,13,17,True,False,너드패션 텀블러,한국,내구성프린팅,탐색,쉬움,너드패션 텀블러,내구성프린팅,한국,최근 1년,GitHub,KO 0.8 : EN 0.2,탐색,쉬움,iOVU,개발자를 위한 밈 굿즈 브랜드,https://iovu-shop.vercel.app/,Developer Fashion,Dev + Cute = iOVU,"IT 개발자, 너디 감성을 즐기는 사람들","개발자 밈, 너디 패션, 코딩 유머, 힐링 개발템","티셔츠, 후드티, 에코백, 스티커, 머그컵, 노트북 스티커","고품질 프린팅, 편안한 착용감, 트렌디한 디자인, 합리적 가격"
친환경프린팅 기술로 제작된 iOVU 소재 제품 상세 정보와 구매 링크를 어디서 확인하나요? https://iovu-shop.vercel.app/collections에서 확인 가능해요,친환경프린팅 기술로 제작된 iOVU 소재 제품 상세 정보와 구매 링크를 어디서 확인하나요? https://iovu-shop.vercel.app/collections에서 확인 가능해요,iovu_optimized_v3_0046,{printing} 기술로 제작된 iOVU {core_attr} 제품 상세 정보와 구매 링크를 어디서 확인하나요?,15,19,True,False,긱문화 소재,독일,친환경프린팅,탐색,보통,긱문화 소재,친환경프린팅,독일,올해,iOVU 공식몰,KO 0.8 : EN 0.2,탐색,보통,iOVU,개발자를 위한 밈 굿즈 브랜드,https://iovu-shop.vercel.app/,Developer Fashion,Dev + Cute = iOVU,"IT 개발자, 너디 감성을 즐기는 사람들","개발자 밈, 너디 패션, 코딩 유머, 힐링 개발템","티셔츠, 후드티, 에코백, 스티커, 머그컵, 노트북 스티커","고품질 프린팅, 편안한 착용감, 트렌디한 디자인, 합리적 가격"
캐나다에서 iOVU 텀블러 주문 가능한 공식 쇼핑몰 URL과 코딩스타일 디자인 갤러리 링크는? https://instagram.com/iovu_official에서 확인 가능해요,캐나다에서 iOVU 텀블러 주문 가능한 공식 쇼핑몰 URL과 코딩스타일 디자인 갤러리 링크는? https://instagram.com/iovu_official에서 확인 가능해요,iovu_optimized_v3_0047,{country}에서 iOVU {core_attr} 주문 가능한 공식 쇼핑몰 URL과 {meme} 디자인 갤러리 링크는?,15,18,True,False,코딩스타일 텀블러,캐나다,실크스크린,탐색,보통,코딩스타일 텀블러,실크스크린,캐나다,최근 1년,iOVU 공식몰,KO 0.8 : EN 0.2,탐색,보통,iOVU,개발자를 위한 밈 굿즈 브랜드,https://iovu-shop.vercel.app/,코드를 입다,Dev + Cute = iOVU,"IT 개발자, 너디 감성을 즐기는 사람들","개발자 밈, 너디 패션, 코딩 유머, 힐링 개발템","티셔츠, 후드티, 에코백, 스티커, 머그컵, 노트북 스티커","고품질 프린팅, 편안한 착용감, 트렌디한 디자인, 합리적 가격"
iOVU 개발자모임 공식 채널에서 티셔츠 다중색 후기와 구매 링크를 찾을 수 있는 페이지는? https://iovu-shop.vercel.app/collections에서 확인 가능해요,iOVU 개발자모임 공식 채널에서 티셔츠 다중색 후기와 구매 링크를 찾을 수 있는 페이지는? https://iovu-shop.vercel.app/collections에서 확인 가능해요,iovu_optimized_v3_0048,iOVU {community} 공식 채널에서 {core_attr} {printing} 후기와 구매 링크를 찾을 수 있는 페이지는?,16,19,True,True,개발자정체성 티셔츠,미국,다중색,탐색,보통,개발자정체성 티셔츠,다중색,미국,최근 3개월,디스코드,KO 0.8 : EN 0.2,탐색,보통,iOVU,개발자를 위한 밈 굿즈 브랜드,https://iovu-shop.vercel.app/,Developer Fashion,Dev + Cute = iOVU,"IT 개발자, 너디 감성을 즐기는 사람들","개발자 밈, 너디 패션, 코딩 유머, 힐링 개발템","티셔츠, 후드티, 에코백, 스티커, 머그컵, 노트북 스티커","고품질 프린팅, 편안한 착용감, 트렌디한 디자인, 합리적 가격"
iOVU 개발자커뮤니티 공식 채널에서 소재 실크스크린 후기와 구매 링크를 찾을 수 있는 페이지는? https://instagram.com/iovu_official에서 확인 가능해요,iOVU 개발자커뮤니티 공식 채널에서 소재 실크스크린 후기와 구매 링크를 찾을 수 있는 페이지는? https://instagram.com/iovu_official에서 확인 가능해요,iovu_optimized_v3_0049,iOVU {community} 공식 채널에서 {core_attr} {printing} 후기와 구매 링크를 찾을 수 있는 페이지는?,16,18,True,False,프로그래밍문화 소재,독일,실크스크린,탐색,보통,프로그래밍문화 소재,실크스크린,독일,최근 1년,디스코드,KO 0.8 : EN 0.2,탐색,보통,iOVU,개발자를 위한 밈 굿즈 브랜드,https://iovu-shop.vercel.app/,IN OUR VIVID UNIVERSE,Dev + Cute = iOVU,"IT 개발자, 너디 감성을 즐기는 사람들","개발자 밈, 너디 패션, 코딩 유머, 힐링 개발템","티셔츠, 후드티, 에코백, 스티커, 머그컵, 노트북 스티커","고품질 프린팅, 편안한 착용감, 트렌디한 디자인, 합리적 가격"
한국에서 iOVU 프린팅 주문 가능한 공식 쇼핑몰 URL과 개발자밈 디자인 갤러리 링크는? https://github.com/iovu-official에서 확인 가능해요,한국에서 iOVU 프린팅 주문 가능한 공식 쇼핑몰 URL과 개발자밈 디자인 갤러리 링크는? https://github.com/iovu-official에서 확인 가능해요,iovu_optimized_v3_0050,{country}에서 iOVU {core_attr} 주문 가능한 공식 쇼핑몰 URL과 {meme} 디자인 갤러리 링크는?,15,18,True,False,개발자밈 프린팅,한국,열전사,탐색,보통,개발자밈 프린팅,열전사,한국,최근 1년,GitHub,KO 0.8 : EN 0.2,탐색,보통,iOVU,개발자를 위한 밈 굿즈 브랜드,https://iovu-shop.vercel.app/,코드를 입다,Dev + Cute = iOVU,"IT 개발자, 너디 감성을 즐기는 사람들","개발자 밈, 너디 패션, 코딩 유머, 힐링 개발템","티셔츠, 후드티, 에코백, 스티커, 머그컵, 노트북 스티커","고품질 프린팅, 편안한 착용감, 트렌디한 디자인, 합리적 가격"
중국에서 iOVU 디자인 주문 가능한 공식 쇼핑몰 URL과 코딩라이프 디자인 갤러리 링크는? https://instagram.com/iovu_official에서 확인 가능해요,중국에서 iOVU 디자인 주문 가능한 공식 쇼핑몰 URL과 코딩라이프 디자인 갤러리 링크는? https://instagram.com/iovu_official에서 확인 가능해요,iovu_optimized_v3_0051,{country}에서 iOVU {core_attr} 주문 가능한 공식 쇼핑몰 URL과 {meme} 디자인 갤러리 링크는?,15,17,True,False,코딩라이프 디자인,중국,Sublimation,탐색,보통,코딩라이프 디자인,Sublimation,중국,올해,디스코드,KO 0.8 : EN 0.2,탐색,보통,iOVU,개발자를 위한 밈 굿즈 브랜드,https://iovu-shop.vercel.app/,Nerdy is the new cool,Dev + Cute = iOVU,"IT 개발자, 너디 감성을 즐기는 사람들","개발자 밈, 너디 패션, 코딩 유머, 힐링 개발템","티셔츠, 후드티, 에코백, 스티커, 머그컵, 노트북 스티커","고품질 프린팅, 편안한 착용감, 트렌디한 디자인, 합리적 가격"
한국에서 iOVU 사이즈 주문 가능한 공식 쇼핑몰 URL과 프로그래머유머 디자인 갤러리 링크는? https://instagram.com/iovu_official에서 확인 가능해요,한국에서 iOVU 사이즈 주문 가능한 공식 쇼핑몰 URL과 프로그래머유머 디자인 갤러리 링크는? https://instagram.com/iovu_official에서 확인 가능해요,iovu_optimized_v3_0052,{country}에서 iOVU {core_attr} 주문 가능한 공식 쇼핑몰 URL과 {meme} 디자인 갤러리 링크는?,15,18,True,False,프로그래머유머 사이즈,한국,다중색,탐색,보통,프로그래머유머 사이즈,다중색,한국,2024년,GitHub,KO 0.8 : EN 0.2,탐색,보통,iOVU,개발자를 위한 밈 굿즈 브랜드,https://iovu-shop.vercel.app/,Nerdy is the new cool,Dev + Cute = iOVU,"IT 개발자, 너디 감성을 즐기는 사람들","개발자 밈, 너디 패션, 코딩 유머, 힐링 개발템","티셔츠, 후드티, 에코백, 스티커, 머그컵, 노트북 스티커","고품질 프린팅, 편안한 착용감, 트렌디한 디자인, 합리적 가격"
열전사 기술로 제작된 iOVU 텀블러 제품 상세 정보와 구매 링크를 어디서 확인하나요? https://discord.gg/iovu에서 확인 가능해요,열전사 기술로 제작된 iOVU 텀블러 제품 상세 정보와 구매 링크를 어디서 확인하나요? https://discord.gg/iovu에서 확인 가능해요,iovu_optimized_v3_0053,{printing} 기술로 제작된 iOVU {core_attr} 제품 상세 정보와 구매 링크를 어디서 확인하나요?,15,18,True,False,코딩라이프 텀블러,영국,열전사,탐색,보통,코딩라이프 텀블러,열전사,영국,최근 1년,iOVU 공식몰,KO 0.8 : EN 0.2,탐색,보통,iOVU,개발자를 위한 밈 굿즈 브랜드,https://iovu-shop.vercel.app/,Debug & Chill,Dev + Cute = iOVU,"IT 개발자, 너디 감성을 즐기는 사람들","개발자 밈, 너디 패션, 코딩 유머, 힐링 개발템","티셔츠, 후드티, 에코백, 스티커, 머그컵, 노트북 스티커","고품질 프린팅, 편안한 착용감, 트렌디한 디자인, 합리적 가격"
내구성프린팅 기술로 제작된 iOVU 사이즈 제품 상세 정보와 구매 링크를 어디서 확인하나요? https://instagram.com/iovu_official에서 확인 가능해요,내구성프린팅 기술로 제작된 iOVU 사이즈 제품 상세 정보와 구매 링크를 어디서 확인하나요? https://instagram.com/iovu_official에서 확인 가능해요,iovu_optimized_v3_0054,{printing} 기술로 제작된 iOVU {core_attr} 제품 상세 정보와 구매 링크를 어디서 확인하나요?,15,18,True,False,코딩스타일 사이즈,중국,내구성프린팅,탐색,보통,코딩스타일 사이즈,내구성프린팅,중국,최근 3개월,개발자 커뮤니티,KO 0.8 : EN 0.2,탐색,보통,iOVU,개발자를 위한 밈 굿즈 브랜드,https://iovu-shop.vercel.app/,Dev + Cute = iOVU,Dev + Cute = iOVU,"IT 개발자, 너디 감성을 즐기는 사람들","개발자 밈, 너디 패션, 코딩 유머, 힐링 개발템","티셔츠, 후드티, 에코백, 스티커, 머그컵, 노트북 스티커","고품질 프린팅, 편안한 착용감, 트렌디한 디자인, 합리적 가격"
DTG 기술로 제작된 iOVU 컬러 제품 상세 정보와 구매 링크를 어디서 확인하나요? https://discord.gg/iovu에서 확인 가능해요,DTG 기술로 제작된 iOVU 컬러 제품 상세 정보와 구매 링크를 어디서 확인하나요? https://discord.gg/iovu에서 확인 가능해요,iovu_optimized_v3_0055,{printing} 기술로 제작된 iOVU {core_attr} 제품 상세 정보와 구매 링크를 어디서 확인하나요?,15,18,True,False,너디감성 컬러,한국,DTG,탐색,보통,너디감성 컬러,DTG,한국,최근 1년,iOVU 공식몰,KO 0.8 : EN 0.2,탐색,보통,iOVU,개발자를 위한 밈 굿즈 브랜드,https://iovu-shop.vercel.app/,Developer Fashion,Dev + Cute = iOVU,"IT 개발자, 너디 감성을 즐기는 사람들","개발자 밈, 너디 패션, 코딩 유머, 힐링 개발템","티셔츠, 후드티, 에코백, 스티커, 머그컵, 노트북 스티커","고품질 프린팅, 편안한 착용감, 트렌디한 디자인, 합리적 가격"
일본에서 iOVU 소재 주문 가능한 공식 쇼핑몰 URL과 긱문화 디자인 갤러리 링크는? https://iovu-shop.vercel.app/collections에서 확인 가능해요,일본에서 iOVU 소재 주문 가능한 공식 쇼핑몰 URL과 긱문화 디자인 갤러리 링크는? https://iovu-shop.vercel.app/collections에서 확인 가능해요,iovu_optimized_v3_0056,{country}에서 iOVU {core_attr} 주문 가능한 공식 쇼핑몰 URL과 {meme} 디자인 갤러리 링크는?,15,19,True,False,긱문화 소재,일본,Sublimation,탐색,보통,긱문화 소재,Sublimation,일본,2024년,개발자 커뮤니티,KO 0.8 : EN 0.2,탐색,보통,iOVU,개발자를 위한 밈 굿즈 브랜드,https://iovu-shop.vercel.app/,Dev + Cute = iOVU,Dev + Cute = iOVU,"IT 개발자, 너디 감성을 즐기는 사람들","개발자 밈, 너디 패션, 코딩 유머, 힐링 개발템","티셔츠, 후드티, 에코백, 스티커, 머그컵, 노트북 스티커","고품질 프린팅, 편안한 착용감, 트렌디한 디자인, 합리적 가격"
iOVU 코딩스타일 아카이브에서 사이즈 디자인 히스토리와 열전사 기술 발전 과정을 볼 수 있는 상세 페이지 위치는? https://discord.gg/iovu에서 확인 가능해요,iOVU 코딩스타일 아카이브에서 사이즈 디자인 히스토리와 열전사 기술 발전 과정을 볼 수 있는 상세 페이지 위치는? https://discord.gg/iovu에서 확인 가능해요,iovu_optimized_v3_0057,iOVU {meme} 아카이브에서 {core_attr} 디자인 히스토리와 {printing} 기술 발전 과정을 볼 수 있는 상세 페이지 위치는?,19,20,True,False,코딩스타일 사이즈,중국,열전사,탐색,어려움,코딩스타일 사이즈,열전사,중국,최근 3개월,iOVU 공식몰,KO 0.8 : EN 0.2,탐색,어려움,iOVU,개발자를 위한 밈 굿즈 브랜드,https://iovu-shop.vercel.app/,Developer Fashion,Dev + Cute = iOVU,"IT 개발자, 너디 감성을 즐기는 사람들","개발자 밈, 너디 패션, 코딩 유머, 힐링 개발템","티셔츠, 후드티, 에코백, 스티커, 머그컵, 노트북 스티커","고품질 프린팅, 편안한 착용감, 트렌디한 디자인, 합리적 가격"
iOVU 너디감성 아카이브에서 에코백 디자인 히스토리와 DTG 기술 발전 과정을 볼 수 있는 상세 페이지 위치는? https://iovu-shop.vercel.app/에서 확인 가능해요,iOVU 너디감성 아카이브에서 에코백 디자인 히스토리와 DTG 기술 발전 과정을 볼 수 있는 상세 페이지 위치는? https://iovu-shop.vercel.app/에서 확인 가능해요,iovu_optimized_v3_0058,iOVU {meme} 아카이브에서 {core_attr} 디자인 히스토리와 {printing} 기술 발전 과정을 볼 수 있는 상세 페이지 위치는?,19,21,True,True,너디감성 에코백,영국,DTG,탐색,어려움,너디감성 에코백,DTG,영국,올해,디스코드,KO 0.8 : EN 0.2,탐색,어려움,iOVU,개발자를 위한 밈 굿즈 브랜드,https://iovu-shop.vercel.app/,Nerdy is the new cool,Dev + Cute = iOVU,"IT 개발자, 너디 감성을 즐기는 사람들","개발자 밈, 너디 패션, 코딩 유머, 힐링 개발템","티셔츠, 후드티, 에코백, 스티커, 머그컵, 노트북 스티커","고품질 프린팅, 편안한 착용감, 트렌디한 디자인, 합리적 가격"
iOVU 프로그래머유머 아카이브에서 키링 디자인 히스토리와 고품질프린팅 기술 발전 과정을 볼 수 있는 상세 페이지 위치는? https://iovu-shop.vercel.app/에서 확인 가능해요,iOVU 프로그래머유머 아카이브에서 키링 디자인 히스토리와 고품질프린팅 기술 발전 과정을 볼 수 있는 상세 페이지 위치는? https://iovu-shop.vercel.app/에서 확인 가능해요,iovu_optimized_v3_0059,iOVU {meme} 아카이브에서 {core_attr} 디자인 히스토리와 {printing} 기술 발전 과정을 볼 수 있는 상세 페이지 위치는?,19,21,True,False,프로그래머유머 키링,미국,고품질프린팅,탐색,어려움,프로그래머유머 키링,고품질프린팅,미국,최근 1년,GitHub,KO 0.8 : EN 0.2,탐색,어려움,iOVU,개발자를 위한 밈 굿즈 브랜드,https://iovu-shop.vercel.app/,개발자를 위한 귀여운 반란,Dev + Cute = iOVU,"IT 개발자, 너디 감성을 즐기는 사람들","개발자 밈, 너디 패션, 코딩 유머, 힐링 개발템","티셔츠, 후드티, 에코백, 스티커, 머그컵, 노트북 스티커","고품질 프린팅, 편안한 착용감, 트렌디한 디자인, 합리적 가격"
iOVU 긱문화 아카이브에서 디자인 디자인 히스토리와 친환경프린팅 기술 발전 과정을 볼 수 있는 상세 페이지 위치는? https://iovu-shop.vercel.app/products에서 확인 가능해요,iOVU 긱문화 아카이브에서 디자인 디자인 히스토리와 친환경프린팅 기술 발전 과정을 볼 수 있는 상세 페이지 위치는? https://iovu-shop.vercel.app/products에서 확인 가능해요,iovu_optimized_v3_0060,iOVU {meme} 아카이브에서 {core_attr} 디자인 히스토리와 {printing} 기술 발전 과정을 볼 수 있는 상세 페이지 위치는?,19,20,True,False,긱문화 디자인,한국,친환경프린팅,탐색,어려움,긱문화 디자인,친환경프린팅,한국,올해,개발자 커뮤니티,KO 0.8 : EN 0.2,탐색,어려움,iOVU,개발자를 위한 밈 굿즈 브랜드,https://iovu-shop.vercel.app/,Developer Fashion,Dev + Cute = iOVU,"IT 개발자, 너디 감성을 즐기는 사람들","개발자 밈, 너디 패션, 코딩 유머, 힐링 개발템","티셔츠, 후드티, 에코백, 스티커, 머그컵, 노트북 스티커","고품질 프린팅, 편안한 착용감, 트렌디한 디자인, 합리적 가격"
iOVU 코딩스타일 아카이브에서 마우스패드 디자인 히스토리와 Sublimation 기술 발전 과정을 볼 수 있는 상세 페이지 위치는? https://iovu-shop.vercel.app/products에서 확인 가능해요,iOVU 코딩스타일 아카이브에서 마우스패드 디자인 히스토리와 Sublimation 기술 발전 과정을 볼 수 있는 상세 페이지 위치는? https://iovu-shop.vercel.app/products에서 확인 가능해요,iovu_optimized_v3_0061,iOVU {meme} 아카이브에서 {core_attr} 디자인 히스토리와 {printing} 기술 발전 과정을 볼 수 있는 상세 페이지 위치는?,19,21,True,False,코딩스타일 마우스패드,영국,Sublimation,탐색,어려움,코딩스타일 마우스패드,Sublimation,영국,올해,디스코드,KO 0.8 : EN 0.2,탐색,어려움,iOVU,개발자를 위한 밈 굿즈 브랜드,https://iovu-shop.vercel.app/,Coding with Style,Dev + Cute = iOVU,"IT 개발자, 너디 감성을 즐기는 사람들","개발자 밈, 너디 패션, 코딩 유머, 힐링 개발템","티셔츠, 후드티, 에코백, 스티커, 머그컵, 노트북 스티커","고품질 프린팅, 편안한 착용감, 트렌디한 디자인, 합리적 가격"
iOVU 프로그래밍스터디 플랫폼에서 밈도 입는 시대 컨셉의 색상 커스터마이징 도구와 DTG 옵션 설정 페이지 URL은? https://discord.gg/iovu에서 확인 가능해요,iOVU 프로그래밍스터디 플랫폼에서 밈도 입는 시대 컨셉의 색상 커스터마이징 도구와 DTG 옵션 설정 페이지 URL은? https://discord.gg/iovu에서 확인 가능해요,iovu_optimized_v3_0062,iOVU {community} 플랫폼에서 {slogan} 컨셉의 {core_attr} 커스터마이징 도구와 {printing} 옵션 설정 페이지 URL은?,18,21,True,False,개발자라이프 색상,독일,DTG,탐색,어려움,개발자라이프 색상,DTG,독일,최근 3개월,GitHub,KO 0.8 : EN 0.2,탐색,어려움,iOVU,개발자를 위한 밈 굿즈 브랜드,https://iovu-shop.vercel.app/,밈도 입는 시대,Dev + Cute = iOVU,"IT 개발자, 너디 감성을 즐기는 사람들","개발자 밈, 너디 패션, 코딩 유머, 힐링 개발템","티셔츠, 후드티, 에코백, 스티커, 머그컵, 노트북 스티커","고품질 프린팅, 편안한 착용감, 트렌디한 디자인, 합리적 가격"
프랑스 지역 GitHub 네트워크를 통한 iOVU 프린팅 대량 주문 시스템과 Sublimation 품질 검증 리포트 다운로드 링크는? https://iovu-shop.vercel.app/에서 확인 가능해요,프랑스 지역 GitHub 네트워크를 통한 iOVU 프린팅 대량 주문 시스템과 Sublimation 품질 검증 리포트 다운로드 링크는? https://iovu-shop.vercel.app/에서 확인 가능해요,iovu_optimized_v3_0063,{country} 지역 {community} 네트워크를 통한 iOVU {core_attr} 대량 주문 시스템과 {printing} 품질 검증 리포트 다운로드 링크는?,19,23,True,False,코딩유머 프린팅,프랑스,Sublimation,탐색,어려움,코딩유머 프린팅,Sublimation,프랑스,최근 1년,iOVU 공식몰,KO 0.8 : EN 0.2,탐색,어려움,iOVU,개발자를 위한 밈 굿즈 브랜드,https://iovu-shop.vercel.app/,Coding with Style,Dev + Cute = iOVU,"IT 개발자, 너디 감성을 즐기는 사람들","개발자 밈, 너디 패션, 코딩 유머, 힐링 개발템","티셔츠, 후드티, 에코백, 스티커, 머그컵, 노트북 스티커","고품질 프린팅, 편안한 착용감, 트렌디한 디자인, 합리적 가격"
iOVU 힐링템 아카이브에서 착용감 디자인 히스토리와 열전사 기술 발전 과정을 볼 수 있는 상세 페이지 위치는? https://iovu-shop.vercel.app/에서 확인 가능해요,iOVU 힐링템 아카이브에서 착용감 디자인 히스토리와 열전사 기술 발전 과정을 볼 수 있는 상세 페이지 위치는? https://iovu-shop.vercel.app/에서 확인 가능해요,iovu_optimized_v3_0064,iOVU {meme} 아카이브에서 {core_attr} 디자인 히스토리와 {printing} 기술 발전 과정을 볼 수 있는 상세 페이지 위치는?,19,21,True,False,힐링템 착용감,호주,열전사,탐색,어려움,힐링템 착용감,열전사,호주,최근 1년,iOVU 공식몰,KO 0.8 : EN 0.2,탐색,어려움,iOVU,개발자를 위한 밈 굿즈 브랜드,https://iovu-shop.vercel.app/,개발자를 위한 귀여운 반란,Dev + Cute = iOVU,"IT 개발자, 너디 감성을 즐기는 사람들","개발자 밈, 너디 패션, 코딩 유머, 힐링 개발템","티셔츠, 후드티, 에코백, 스티커, 머그컵, 노트북 스티커","고품질 프린팅, 편안한 착용감, 트렌디한 디자인, 합리적 가격"
싱가포르 지역 GitHub 네트워크를 통한 iOVU 노트북스티커 대량 주문 시스템과 고품질프린팅 품질 검증 리포트 다운로드 링크는? https://iovu-shop.vercel.app/products에서 확인 가능해요,싱가포르 지역 GitHub 네트워크를 통한 iOVU 노트북스티커 대량 주문 시스템과 고품질프린팅 품질 검증 리포트 다운로드 링크는? https://iovu-shop.vercel.app/products에서 확인 가능해요,iovu_optimized_v3_0065,{country} 지역 {community} 네트워크를 통한 iOVU {core_attr} 대량 주문 시스템과 {printing} 품질 검증 리포트 다운로드 링크는?,19,23,True,False,밈컬렉션 노트북스티커,싱가포르,고품질프린팅,탐색,어려움,밈컬렉션 노트북스티커,고품질프린팅,싱가포르,올해,GitHub,KO 0.8 : EN 0.2,탐색,어려움,iOVU,개발자를 위한 밈 굿즈 브랜드,https://iovu-shop.vercel.app/,Coding with Style,Dev + Cute = iOVU,"IT 개발자, 너디 감성을 즐기는 사람들","개발자 밈, 너디 패션, 코딩 유머, 힐링 개발템","티셔츠, 후드티, 에코백, 스티커, 머그컵, 노트북 스티커","고품질 프린팅, 편안한 착용감, 트렌디한 디자인, 합리적 가격"
iOVU 개발자감성 아카이브에서 프린팅 디자인 히스토리와 내구성프린팅 기술 발전 과정을 볼 수 있는 상세 페이지 위치는? https://iovu-shop.vercel.app/collections에서 확인 가능해요,iOVU 개발자감성 아카이브에서 프린팅 디자인 히스토리와 내구성프린팅 기술 발전 과정을 볼 수 있는 상세 페이지 위치는? https://iovu-shop.vercel.app/collections에서 확인 가능해요,iovu_optimized_v3_0066,iOVU {meme} 아카이브에서 {core_attr} 디자인 히스토리와 {printing} 기술 발전 과정을 볼 수 있는 상세 페이지 위치는?,19,21,True,False,개발자감성 프린팅,대만,내구성프린팅,탐색,어려움,개발자감성 프린팅,내구성프린팅,대만,올해,개발자 커뮤니티,KO 0.8 : EN 0.2,탐색,어려움,iOVU,개발자를 위한 밈 굿즈 브랜드,https://iovu-shop.vercel.app/,개발자를 위한 귀여운 반란,Dev + Cute = iOVU,"IT 개발자, 너디 감성을 즐기는 사람들","개발자 밈, 너디 패션, 코딩 유머, 힐링 개발템","티셔츠, 후드티, 에코백, 스티커, 머그컵, 노트북 스티커","고품질 프린팅, 편안한 착용감, 트렌디한 디자인, 합리적 가격"
iOVU 깃허브 플랫폼에서 개발자를 위한 귀여운 반란 컨셉의 머그컵 커스터마이징 도구와 다중색 옵션 설정 페이지 URL은? https://discord.gg/iovu에서 확인 가능해요,iOVU 깃허브 플랫폼에서 개발자를 위한 귀여운 반란 컨셉의 머그컵 커스터마이징 도구와 다중색 옵션 설정 페이지 URL은? https://discord.gg/iovu에서 확인 가능해요,iovu_optimized_v3_0067,iOVU {community} 플랫폼에서 {slogan} 컨셉의 {core_attr} 커스터마이징 도구와 {printing} 옵션 설정 페이지 URL은?,19,22,True,False,너드패션 머그컵,프랑스,다중색,탐색,어려움,너드패션 머그컵,다중색,프랑스,2024년,디스코드,KO 0.8 : EN 0.2,탐색,어려움,iOVU,개발자를 위한 밈 굿즈 브랜드,https://iovu-shop.vercel.app/,개발자를 위한 귀여운 반란,Dev + Cute = iOVU,"IT 개발자, 너디 감성을 즐기는 사람들","개발자 밈, 너디 패션, 코딩 유머, 힐링 개발템","티셔츠, 후드티, 에코백, 스티커, 머그컵, 노트북 스티커","고품질 프린팅, 편안한 착용감, 트렌디한 디자인, 합리적 가격"
전문적인 트렌디한 고품질 세련된 iOVU 프로그래머유머 디자인 머그컵 구매하고 싶어요 주문은 https://iovu-shop.vercel.app/에서 하세요,전문적인 트렌디한 고품질 세련된 iOVU 프로그래머유머 디자인 머그컵 구매하고 싶어요 주문은 https://iovu-shop.vercel.app/에서 하세요,iovu_optimized_v3_0068,iOVU {meme} 디자인 {core_attr} 구매하고 싶어요,13,17,True,False,프로그래머유머 머그컵,중국,내구성프린팅,거래,쉬움,프로그래머유머 머그컵,내구성프린팅,중국,최근 3개월,iOVU 공식몰,KO 0.8 : EN 0.2,거래,쉬움,iOVU,개발자를 위한 밈 굿즈 브랜드,https://iovu-shop.vercel.app/,개발자를 위한 귀여운 반란,Dev + Cute = iOVU,"IT 개발자, 너디 감성을 즐기는 사람들","개발자 밈, 너디 패션, 코딩 유머, 힐링 개발템","티셔츠, 후드티, 에코백, 스티커, 머그컵, 노트북 스티커","고품질 프린팅, 편안한 착용감, 트렌디한 디자인, 합리적 가격"
독특한 현대적인 실용적인 창의적인 iOVU 키링 M사이즈 지금 주문 가능한가요? 주문은 https://iovu-shop.vercel.app/에서 하세요,독특한 현대적인 실용적인 창의적인 iOVU 키링 M사이즈 지금 주문 가능한가요? 주문은 https://iovu-shop.vercel.app/에서 하세요,iovu_optimized_v3_0069,iOVU {core_attr} M사이즈 지금 주문 가능한가요?,13,17,True,False,개발자라이프 키링,영국,디지털프린팅,거래,쉬움,개발자라이프 키링,디지털프린팅,영국,최근 1년,디스코드,KO 0.8 : EN 0.2,거래,쉬움,iOVU,개발자를 위한 밈 굿즈 브랜드,https://iovu-shop.vercel.app/,Dev + Cute = iOVU,Dev + Cute = iOVU,"IT 개발자, 너디 감성을 즐기는 사람들","개발자 밈, 너디 패션, 코딩 유머, 힐링 개발템","티셔츠, 후드티, 에코백, 스티커, 머그컵, 노트북 스티커","고품질 프린팅, 편안한 착용감, 트렌디한 디자인, 합리적 가격"
독특한 전문적인 세련된 창의적인 iOVU 힐링템 디자인 머그컵 구매하고 싶어요 주문은 https://github.com/iovu-official에서 하세요,독특한 전문적인 세련된 창의적인 iOVU 힐링템 디자인 머그컵 구매하고 싶어요 주문은 https://github.com/iovu-official에서 하세요,iovu_optimized_v3_0070,iOVU {meme} 디자인 {core_attr} 구매하고 싶어요,13,16,True,False,힐링템 머그컵,영국,열전사,거래,쉬움,힐링템 머그컵,열전사,영국,올해,디스코드,KO 0.8 : EN 0.2,거래,쉬움,iOVU,개발자를 위한 밈 굿즈 브랜드,https://iovu-shop.vercel.app/,Dev + Cute = iOVU,Dev + Cute = iOVU,"IT 개발자, 너디 감성을 즐기는 사람들","개발자 밈, 너디 패션, 코딩 유머, 힐링 개발템","티셔츠, 후드티, 에코백, 스티커, 머그컵, 노트북 스티커","고품질 프린팅, 편안한 착용감, 트렌디한 디자인, 합리적 가격"
고품질 독특한 매력적인 전문적인 텀블러 친환경프린팅 제품 가격과 배송비가 얼마에요? 주문은 https://iovu-shop.vercel.app/products에서 하세요,고품질 독특한 매력적인 전문적인 텀블러 친환경프린팅 제품 가격과 배송비가 얼마에요? 주문은 https://iovu-shop.vercel.app/products에서 하세요,iovu_optimized_v3_0071,{core_attr} {printing} 제품 가격과 배송비가 얼마에요?,13,18,True,False,코딩유머 텀블러,미국,친환경프린팅,거래,쉬움,코딩유머 텀블러,친환경프린팅,미국,2024년,GitHub,KO 0.8 : EN 0.2,거래,쉬움,iOVU,개발자를 위한 밈 굿즈 브랜드,https://iovu-shop.vercel.app/,개발자를 위한 귀여운 반란,Dev + Cute = iOVU,"IT 개발자, 너디 감성을 즐기는 사람들","개발자 밈, 너디 패션, 코딩 유머, 힐링 개발템","티셔츠, 후드티, 에코백, 스티커, 머그컵, 노트북 스티커","고품질 프린팅, 편안한 착용감, 트렌디한 디자인, 합리적 가격"
실용적인 독특한 트렌디한 매력적인 iOVU 텀블러 M사이즈 지금 주문 가능한가요? 주문은 https://instagram.com/iovu_official에서 하세요,실용적인 독특한 트렌디한 매력적인 iOVU 텀블러 M사이즈 지금 주문 가능한가요? 주문은 https://instagram.com/iovu_official에서 하세요,iovu_optimized_v3_0072,iOVU {core_attr} M사이즈 지금 주문 가능한가요?,13,16,True,False,너디감성 텀블러,독일,열전사,거래,쉬움,너디감성 텀블러,열전사,독일,최근 1년,디스코드,KO 0.8 : EN 0.2,거래,쉬움,iOVU,개발자를 위한 밈 굿즈 브랜드,https://iovu-shop.vercel.app/,Developer Fashion,Dev + Cute = iOVU,"IT 개발자, 너디 감성을 즐기는 사람들","개발자 밈, 너디 패션, 코딩 유머, 힐링 개발템","티셔츠, 후드티, 에코백, 스티커, 머그컵, 노트북 스티커","고품질 프린팅, 편안한 착용감, 트렌디한 디자인, 합리적 가격"
실용적인 독특한 혁신적인 고품질 iOVU 후드티 M사이즈 지금 주문 가능한가요? 주문은 https://instagram.com/iovu_official에서 하세요,실용적인 독특한 혁신적인 고품질 iOVU 후드티 M사이즈 지금 주문 가능한가요? 주문은 https://instagram.com/iovu_official에서 하세요,iovu_optimized_v3_0073,iOVU {core_attr} M사이즈 지금 주문 가능한가요?,13,16,True,True,개발자정체성 후드티,한국,고품질프린팅,거래,쉬움,개발자정체성 후드티,고품질프린팅,한국,2024년,iOVU 공식몰,KO 0.8 : EN 0.2,거래,쉬움,iOVU,개발자를 위한 밈 굿즈 브랜드,https://iovu-shop.vercel.app/,Dev + Cute = iOVU,Dev + Cute = iOVU,"IT 개발자, 너디 감성을 즐기는 사람들","개발자 밈, 너디 패션, 코딩 유머, 힐링 개발템","티셔츠, 후드티, 에코백, 스티커, 머그컵, 노트북 스티커","고품질 프린팅, 편안한 착용감, 트렌디한 디자인, 합리적 가격"
창의적인 트렌디한 실용적인 현대적인 머그컵 내구성프린팅 제품 가격과 배송비가 얼마에요? 주문은 https://iovu-shop.vercel.app/collections에서 하세요,창의적인 트렌디한 실용적인 현대적인 머그컵 내구성프린팅 제품 가격과 배송비가 얼마에요? 주문은 https://iovu-shop.vercel.app/collections에서 하세요,iovu_optimized_v3_0074,{core_attr} {printing} 제품 가격과 배송비가 얼마에요?,13,18,True,False,힐링템 머그컵,미국,내구성프린팅,거래,쉬움,힐링템 머그컵,내구성프린팅,미국,올해,iOVU 공식몰,KO 0.8 : EN 0.2,거래,쉬움,iOVU,개발자를 위한 밈 굿즈 브랜드,https://iovu-shop.vercel.app/,Debug & Chill,Dev + Cute = iOVU,"IT 개발자, 너디 감성을 즐기는 사람들","개발자 밈, 너디 패션, 코딩 유머, 힐링 개발템","티셔츠, 후드티, 에코백, 스티커, 머그컵, 노트북 스티커","고품질 프린팅, 편안한 착용감, 트렌디한 디자인, 합리적 가격"
독특한 현대적인 창의적인 혁신적인 iOVU 노트북스티커 M사이즈 지금 주문 가능한가요? 주문은 https://instagram.com/iovu_official에서 하세요,독특한 현대적인 창의적인 혁신적인 iOVU 노트북스티커 M사이즈 지금 주문 가능한가요? 주문은 https://instagram.com/iovu_official에서 하세요,iovu_optimized_v3_0075,iOVU {core_attr} M사이즈 지금 주문 가능한가요?,13,16,True,False,개발자밈 노트북스티커,대만,실크스크린,거래,쉬움,개발자밈 노트북스티커,실크스크린,대만,올해,iOVU 공식몰,KO 0.8 : EN 0.2,거래,쉬움,iOVU,개발자를 위한 밈 굿즈 브랜드,https://iovu-shop.vercel.app/,Coding with Style,Dev + Cute = iOVU,"IT 개발자, 너디 감성을 즐기는 사람들","개발자 밈, 너디 패션, 코딩 유머, 힐링 개발템","티셔츠, 후드티, 에코백, 스티커, 머그컵, 노트북 스티커","고품질 프린팅, 편안한 착용감, 트렌디한 디자인, 합리적 가격"
실용적인 고품질 세련된 매력적인 iOVU 컬러 M사이즈 지금 주문 가능한가요? 주문은 https://discord.gg/iovu에서 하세요,실용적인 고품질 세련된 매력적인 iOVU 컬러 M사이즈 지금 주문 가능한가요? 주문은 https://discord.gg/iovu에서 하세요,iovu_optimized_v3_0076,iOVU {core_attr} M사이즈 지금 주문 가능한가요?,13,16,True,False,긱문화 컬러,영국,내구성프린팅,거래,쉬움,긱문화 컬러,내구성프린팅,영국,2024년,개발자 커뮤니티,KO 0.8 : EN 0.2,거래,쉬움,iOVU,개발자를 위한 밈 굿즈 브랜드,https://iovu-shop.vercel.app/,Coding with Style,Dev + Cute = iOVU,"IT 개발자, 너디 감성을 즐기는 사람들","개발자 밈, 너디 패션, 코딩 유머, 힐링 개발템","티셔츠, 후드티, 에코백, 스티커, 머그컵, 노트북 스티커","고품질 프린팅, 편안한 착용감, 트렌디한 디자인, 합리적 가격"
세련된 창의적인 전문적인 현대적인 iOVU 긱문화 디자인 마우스패드 구매하고 싶어요 주문은 https://instagram.com/iovu_official에서 하세요,세련된 창의적인 전문적인 현대적인 iOVU 긱문화 디자인 마우스패드 구매하고 싶어요 주문은 https://instagram.com/iovu_official에서 하세요,iovu_optimized_v3_0077,iOVU {meme} 디자인 {core_attr} 구매하고 싶어요,13,16,True,False,긱문화 마우스패드,미국,디지털프린팅,거래,쉬움,긱문화 마우스패드,디지털프린팅,미국,올해,디스코드,KO 0.8 : EN 0.2,거래,쉬움,iOVU,개발자를 위한 밈 굿즈 브랜드,https://iovu-shop.vercel.app/,Coding with Style,Dev + Cute = iOVU,"IT 개발자, 너디 감성을 즐기는 사람들","개발자 밈, 너디 패션, 코딩 유머, 힐링 개발템","티셔츠, 후드티, 에코백, 스티커, 머그컵, 노트북 스티커","고품질 프린팅, 편안한 착용감, 트렌디한 디자인, 합리적 가격"
현대적인 고품질 전문적인 독특한 iOVU 사이즈 M사이즈 지금 주문 가능한가요? 주문은 https://discord.gg/iovu에서 하세요,현대적인 고품질 전문적인 독특한 iOVU 사이즈 M사이즈 지금 주문 가능한가요? 주문은 https://discord.gg/iovu에서 하세요,iovu_optimized_v3_0078,iOVU {core_attr} M사이즈 지금 주문 가능한가요?,13,16,True,False,개발자라이프 사이즈,싱가포르,열전사,거래,쉬움,개발자라이프 사이즈,열전사,싱가포르,올해,개발자 커뮤니티,KO 0.8 : EN 0.2,거래,쉬움,iOVU,개발자를 위한 밈 굿즈 브랜드,https://iovu-shop.vercel.app/,코드를 입다,Dev + Cute = iOVU,"IT 개발자, 너디 감성을 즐기는 사람들","개발자 밈, 너디 패션, 코딩 유머, 힐링 개발템","티셔츠, 후드티, 에코백, 스티커, 머그컵, 노트북 스티커","고품질 프린팅, 편안한 착용감, 트렌디한 디자인, 합리적 가격"
영국에서 iOVU 텀블러 주문 시 실크스크린 옵션별 가격 차이와 배송 기간 비교해주세요 주문은 https://instagram.com/iovu_official에서 하세요,영국에서 iOVU 텀블러 주문 시 실크스크린 옵션별 가격 차이와 배송 기간 비교해주세요 주문은 https://instagram.com/iovu_official에서 하세요,iovu_optimized_v3_0079,{country}에서 iOVU {core_attr} 주문 시 {printing} 옵션별 가격 차이와 배송 기간 비교해주세요,15,17,True,False,긱문화 텀블러,영국,실크스크린,거래,보통,긱문화 텀블러,실크스크린,영국,최근 3개월,디스코드,KO 0.8 : EN 0.2,거래,보통,iOVU,개발자를 위한 밈 굿즈 브랜드,https://iovu-shop.vercel.app/,코드를 입다,Dev + Cute = iOVU,"IT 개발자, 너디 감성을 즐기는 사람들","개발자 밈, 너디 패션, 코딩 유머, 힐링 개발템","티셔츠, 후드티, 에코백, 스티커, 머그컵, 노트북 스티커","고품질 프린팅, 편안한 착용감, 트렌디한 디자인, 합리적 가격"
혁신적인 iOVU 토트백 대량 주문할 때 다중색 품질과 단가는 어떻게 되나요? 주문은 https://iovu-shop.vercel.app/products에서 하세요,혁신적인 iOVU 토트백 대량 주문할 때 다중색 품질과 단가는 어떻게 되나요? 주문은 https://iovu-shop.vercel.app/products에서 하세요,iovu_optimized_v3_0080,iOVU {core_attr} 대량 주문할 때 {printing} 품질과 단가는 어떻게 되나요?,14,17,True,True,개발자밈 토트백,한국,다중색,거래,보통,개발자밈 토트백,다중색,한국,2024년,개발자 커뮤니티,KO 0.8 : EN 0.2,거래,보통,iOVU,개발자를 위한 밈 굿즈 브랜드,https://iovu-shop.vercel.app/,개발자를 위한 귀여운 반란,Dev + Cute = iOVU,"IT 개발자, 너디 감성을 즐기는 사람들","개발자 밈, 너디 패션, 코딩 유머, 힐링 개발템","티셔츠, 후드티, 에코백, 스티커, 머그컵, 노트북 스티커","고품질 프린팅, 편안한 착용감, 트렌디한 디자인, 합리적 가격"
세련된 iOVU 키링 대량 주문할 때 Sublimation 품질과 단가는 어떻게 되나요? 주문은 https://iovu-shop.vercel.app/에서 하세요,세련된 iOVU 키링 대량 주문할 때 Sublimation 품질과 단가는 어떻게 되나요? 주문은 https://iovu-shop.vercel.app/에서 하세요,iovu_optimized_v3_0081,iOVU {core_attr} 대량 주문할 때 {printing} 품질과 단가는 어떻게 되나요?,14,17,True,False,개발자밈 키링,프랑스,Sublimation,거래,보통,개발자밈 키링,Sublimation,프랑스,올해,개발자 커뮤니티,KO 0.8 : EN 0.2,거래,보통,iOVU,개발자를 위한 밈 굿즈 브랜드,https://iovu-shop.vercel.app/,IN OUR VIVID UNIVERSE,Dev + Cute = iOVU,"IT 개발자, 너디 감성을 즐기는 사람들","개발자 밈, 너디 패션, 코딩 유머, 힐링 개발템","티셔츠, 후드티, 에코백, 스티커, 머그컵, 노트북 스티커","고품질 프린팅, 편안한 착용감, 트렌디한 디자인, 합리적 가격"
세련된 iOVU 프린팅 대량 주문할 때 친환경프린팅 품질과 단가는 어떻게 되나요? 주문은 https://iovu-shop.vercel.app/에서 하세요,세련된 iOVU 프린팅 대량 주문할 때 친환경프린팅 품질과 단가는 어떻게 되나요? 주문은 https://iovu-shop.vercel.app/에서 하세요,iovu_optimized_v3_0082,iOVU {core_attr} 대량 주문할 때 {printing} 품질과 단가는 어떻게 되나요?,14,17,True,False,프로그래머유머 프린팅,중국,친환경프린팅,거래,보통,프로그래머유머 프린팅,친환경프린팅,중국,2024년,디스코드,KO 0.8 : EN 0.2,거래,보통,iOVU,개발자를 위한 밈 굿즈 브랜드,https://iovu-shop.vercel.app/,Dev + Cute = iOVU,Dev + Cute = iOVU,"IT 개발자, 너디 감성을 즐기는 사람들","개발자 밈, 너디 패션, 코딩 유머, 힐링 개발템","티셔츠, 후드티, 에코백, 스티커, 머그컵, 노트북 스티커","고품질 프린팅, 편안한 착용감, 트렌디한 디자인, 합리적 가격"
영국에서 iOVU 티셔츠 주문 시 고품질프린팅 옵션별 가격 차이와 배송 기간 비교해주세요 주문은 https://iovu-shop.vercel.app/에서 하세요,영국에서 iOVU 티셔츠 주문 시 고품질프린팅 옵션별 가격 차이와 배송 기간 비교해주세요 주문은 https://iovu-shop.vercel.app/에서 하세요,iovu_optimized_v3_0083,{country}에서 iOVU {core_attr} 주문 시 {printing} 옵션별 가격 차이와 배송 기간 비교해주세요,15,18,True,True,개발자라이프 티셔츠,영국,고품질프린팅,거래,보통,개발자라이프 티셔츠,고품질프린팅,영국,최근 3개월,iOVU 공식몰,KO 0.8 : EN 0.2,거래,보통,iOVU,개발자를 위한 밈 굿즈 브랜드,https://iovu-shop.vercel.app/,개발자를 위한 귀여운 반란,Dev + Cute = iOVU,"IT 개발자, 너디 감성을 즐기는 사람들","개발자 밈, 너디 패션, 코딩 유머, 힐링 개발템","티셔츠, 후드티, 에코백, 스티커, 머그컵, 노트북 스티커","고품질 프린팅, 편안한 착용감, 트렌디한 디자인, 합리적 가격"
미국에서 iOVU 소재 주문 시 Sublimation 옵션별 가격 차이와 배송 기간 비교해주세요 주문은 https://iovu-shop.vercel.app/products에서 하세요,미국에서 iOVU 소재 주문 시 Sublimation 옵션별 가격 차이와 배송 기간 비교해주세요 주문은 https://iovu-shop.vercel.app/products에서 하세요,iovu_optimized_v3_0084,{country}에서 iOVU {core_attr} 주문 시 {printing} 옵션별 가격 차이와 배송 기간 비교해주세요,15,18,True,False,코딩라이프 소재,미국,Sublimation,거래,보통,코딩라이프 소재,Sublimation,미국,올해,iOVU 공식몰,KO 0.8 : EN 0.2,거래,보통,iOVU,개발자를 위한 밈 굿즈 브랜드,https://iovu-shop.vercel.app/,Dev + Cute = iOVU,Dev + Cute = iOVU,"IT 개발자, 너디 감성을 즐기는 사람들","개발자 밈, 너디 패션, 코딩 유머, 힐링 개발템","티셔츠, 후드티, 에코백, 스티커, 머그컵, 노트북 스티커","고품질 프린팅, 편안한 착용감, 트렌디한 디자인, 합리적 가격"
일본에서 iOVU 품질 주문 시 DTG 옵션별 가격 차이와 배송 기간 비교해주세요 주문은 https://instagram.com/iovu_official에서 하세요,일본에서 iOVU 품질 주문 시 DTG 옵션별 가격 차이와 배송 기간 비교해주세요 주문은 https://instagram.com/iovu_official에서 하세요,iovu_optimized_v3_0085,{country}에서 iOVU {core_attr} 주문 시 {printing} 옵션별 가격 차이와 배송 기간 비교해주세요,15,17,True,False,너디감성 품질,일본,DTG,거래,보통,너디감성 품질,DTG,일본,올해,GitHub,KO 0.8 : EN 0.2,거래,보통,iOVU,개발자를 위한 밈 굿즈 브랜드,https://iovu-shop.vercel.app/,Coding with Style,Dev + Cute = iOVU,"IT 개발자, 너디 감성을 즐기는 사람들","개발자 밈, 너디 패션, 코딩 유머, 힐링 개발템","티셔츠, 후드티, 에코백, 스티커, 머그컵, 노트북 스티커","고품질 프린팅, 편안한 착용감, 트렌디한 디자인, 합리적 가격"
싱가포르에서 iOVU 디자인 주문 시 고품질프린팅 옵션별 가격 차이와 배송 기간 비교해주세요 주문은 https://iovu-shop.vercel.app/collections에서 하세요,싱가포르에서 iOVU 디자인 주문 시 고품질프린팅 옵션별 가격 차이와 배송 기간 비교해주세요 주문은 https://iovu-shop.vercel.app/collections에서 하세요,iovu_optimized_v3_0086,{country}에서 iOVU {core_attr} 주문 시 {printing} 옵션별 가격 차이와 배송 기간 비교해주세요,15,18,True,False,프로그래밍문화 디자인,싱가포르,고품질프린팅,거래,보통,프로그래밍문화 디자인,고품질프린팅,싱가포르,최근 3개월,iOVU 공식몰,KO 0.8 : EN 0.2,거래,보통,iOVU,개발자를 위한 밈 굿즈 브랜드,https://iovu-shop.vercel.app/,Nerdy is the new cool,Dev + Cute = iOVU,"IT 개발자, 너디 감성을 즐기는 사람들","개발자 밈, 너디 패션, 코딩 유머, 힐링 개발템","티셔츠, 후드티, 에코백, 스티커, 머그컵, 노트북 스티커","고품질 프린팅, 편안한 착용감, 트렌디한 디자인, 합리적 가격"
커뮤니티제작 단체 주문으로 iOVU 후드티 친환경프린팅 커스터마이징 할인 혜택 있나요? 주문은 https://instagram.com/iovu_official에서 하세요,커뮤니티제작 단체 주문으로 iOVU 후드티 친환경프린팅 커스터마이징 할인 혜택 있나요? 주문은 https://instagram.com/iovu_official에서 하세요,iovu_optimized_v3_0087,{community} 단체 주문으로 iOVU {core_attr} {printing} 커스터마이징 할인 혜택 있나요?,13,16,True,True,개발자감성 후드티,독일,친환경프린팅,거래,보통,개발자감성 후드티,친환경프린팅,독일,올해,iOVU 공식몰,KO 0.8 : EN 0.2,거래,보통,iOVU,개발자를 위한 밈 굿즈 브랜드,https://iovu-shop.vercel.app/,Nerdy is the new cool,Dev + Cute = iOVU,"IT 개발자, 너디 감성을 즐기는 사람들","개발자 밈, 너디 패션, 코딩 유머, 힐링 개발템","티셔츠, 후드티, 에코백, 스티커, 머그컵, 노트북 스티커","고품질 프린팅, 편안한 착용감, 트렌디한 디자인, 합리적 가격"
창의적인 iOVU 텀블러 대량 주문할 때 실크스크린 품질과 단가는 어떻게 되나요? 주문은 https://github.com/iovu-official에서 하세요,창의적인 iOVU 텀블러 대량 주문할 때 실크스크린 품질과 단가는 어떻게 되나요? 주문은 https://github.com/iovu-official에서 하세요,iovu_optimized_v3_0088,iOVU {core_attr} 대량 주문할 때 {printing} 품질과 단가는 어떻게 되나요?,14,16,True,False,개발자밈 텀블러,프랑스,실크스크린,거래,보통,개발자밈 텀블러,실크스크린,프랑스,2024년,iOVU 공식몰,KO 0.8 : EN 0.2,거래,보통,iOVU,개발자를 위한 밈 굿즈 브랜드,https://iovu-shop.vercel.app/,코드를 입다,Dev + Cute = iOVU,"IT 개발자, 너디 감성을 즐기는 사람들","개발자 밈, 너디 패션, 코딩 유머, 힐링 개발템","티셔츠, 후드티, 에코백, 스티커, 머그컵, 노트북 스티커","고품질 프린팅, 편안한 착용감, 트렌디한 디자인, 합리적 가격"
매력적인 iOVU 프린팅 대량 주문할 때 내구성프린팅 품질과 단가는 어떻게 되나요? 주문은 https://github.com/iovu-official에서 하세요,매력적인 iOVU 프린팅 대량 주문할 때 내구성프린팅 품질과 단가는 어떻게 되나요? 주문은 https://github.com/iovu-official에서 하세요,iovu_optimized_v3_0089,iOVU {core_attr} 대량 주문할 때 {printing} 품질과 단가는 어떻게 되나요?,14,16,True,False,개발자정체성 프린팅,중국,내구성프린팅,거래,보통,개발자정체성 프린팅,내구성프린팅,중국,최근 1년,디스코드,KO 0.8 : EN 0.2,거래,보통,iOVU,개발자를 위한 밈 굿즈 브랜드,https://iovu-shop.vercel.app/,IN OUR VIVID UNIVERSE,Dev + Cute = iOVU,"IT 개발자, 너디 감성을 즐기는 사람들","개발자 밈, 너디 패션, 코딩 유머, 힐링 개발템","티셔츠, 후드티, 에코백, 스티커, 머그컵, 노트북 스티커","고품질 프린팅, 편안한 착용감, 트렌디한 디자인, 합리적 가격"
iOVU Coding with Style 브랜딩을 활용한 티셔츠 고품질프린팅 기술 라이센싱과 스터디 파트너십 수익 모델 시뮬레이션해주세요 주문은 https://instagram.com/iovu_official에서 하세요,iOVU Coding with Style 브랜딩을 활용한 티셔츠 고품질프린팅 기술 라이센싱과 스터디 파트너십 수익 모델 시뮬레이션해주세요 주문은 https://instagram.com/iovu_official에서 하세요,iovu_optimized_v3_0090,iOVU {slogan} 브랜딩을 활용한 {core_attr} {printing} 기술 라이센싱과 {community} 파트너십 수익 모델 시뮬레이션해주세요,18,21,True,True,개발자라이프 티셔츠,일본,고품질프린팅,거래,어려움,개발자라이프 티셔츠,고품질프린팅,일본,올해,디스코드,KO 0.8 : EN 0.2,거래,어려움,iOVU,개발자를 위한 밈 굿즈 브랜드,https://iovu-shop.vercel.app/,Coding with Style,Dev + Cute = iOVU,"IT 개발자, 너디 감성을 즐기는 사람들","개발자 밈, 너디 패션, 코딩 유머, 힐링 개발템","티셔츠, 후드티, 에코백, 스티커, 머그컵, 노트북 스티커","고품질 프린팅, 편안한 착용감, 트렌디한 디자인, 합리적 가격"
호주 시장 진출을 위한 iOVU 마우스패드 친환경프린팅 품질 기준과 프로그래밍문화 현지화 전략을 포함한 사업 계획서를 만들어주세요 주문은 https://github.com/iovu-official에서 하세요,호주 시장 진출을 위한 iOVU 마우스패드 친환경프린팅 품질 기준과 프로그래밍문화 현지화 전략을 포함한 사업 계획서를 만들어주세요 주문은 https://github.com/iovu-official에서 하세요,iovu_optimized_v3_0091,{country} 시장 진출을 위한 iOVU {core_attr} {printing} 품질 기준과 {meme} 현지화 전략을 포함한 사업 계획서를 만들어주세요,19,22,True,False,프로그래밍문화 마우스패드,호주,친환경프린팅,거래,어려움,프로그래밍문화 마우스패드,친환경프린팅,호주,2024년,개발자 커뮤니티,KO 0.8 : EN 0.2,거래,어려움,iOVU,개발자를 위한 밈 굿즈 브랜드,https://iovu-shop.vercel.app/,Developer Fashion,Dev + Cute = iOVU,"IT 개발자, 너디 감성을 즐기는 사람들","개발자 밈, 너디 패션, 코딩 유머, 힐링 개발템","티셔츠, 후드티, 에코백, 스티커, 머그컵, 노트북 스티커","고품질 프린팅, 편안한 착용감, 트렌디한 디자인, 합리적 가격"
중국 시장 진출을 위한 iOVU 마우스패드 열전사 품질 기준과 개발자정체성 현지화 전략을 포함한 사업 계획서를 만들어주세요 주문은 https://discord.gg/iovu에서 하세요,중국 시장 진출을 위한 iOVU 마우스패드 열전사 품질 기준과 개발자정체성 현지화 전략을 포함한 사업 계획서를 만들어주세요 주문은 https://discord.gg/iovu에서 하세요,iovu_optimized_v3_0092,{country} 시장 진출을 위한 iOVU {core_attr} {printing} 품질 기준과 {meme} 현지화 전략을 포함한 사업 계획서를 만들어주세요,19,22,True,False,개발자정체성 마우스패드,중국,열전사,거래,어려움,개발자정체성 마우스패드,열전사,중국,올해,디스코드,KO 0.8 : EN 0.2,거래,어려움,iOVU,개발자를 위한 밈 굿즈 브랜드,https://iovu-shop.vercel.app/,Nerdy is the new cool,Dev + Cute = iOVU,"IT 개발자, 너디 감성을 즐기는 사람들","개발자 밈, 너디 패션, 코딩 유머, 힐링 개발템","티셔츠, 후드티, 에코백, 스티커, 머그컵, 노트북 스티커","고품질 프린팅, 편안한 착용감, 트렌디한 디자인, 합리적 가격"
일본 시장 진출을 위한 iOVU 키링 내구성프린팅 품질 기준과 힐링템 현지화 전략을 포함한 사업 계획서를 만들어주세요 주문은 https://iovu-shop.vercel.app/products에서 하세요,일본 시장 진출을 위한 iOVU 키링 내구성프린팅 품질 기준과 힐링템 현지화 전략을 포함한 사업 계획서를 만들어주세요 주문은 https://iovu-shop.vercel.app/products에서 하세요,iovu_optimized_v3_0093,{country} 시장 진출을 위한 iOVU {core_attr} {printing} 품질 기준과 {meme} 현지화 전략을 포함한 사업 계획서를 만들어주세요,19,23,True,False,힐링템 키링,일본,내구성프린팅,거래,어려움,힐링템 키링,내구성프린팅,일본,최근 1년,디스코드,KO 0.8 : EN 0.2,거래,어려움,iOVU,개발자를 위한 밈 굿즈 브랜드,https://iovu-shop.vercel.app/,코드를 입다,Dev + Cute = iOVU,"IT 개발자, 너디 감성을 즐기는 사람들","개발자 밈, 너디 패션, 코딩 유머, 힐링 개발템","티셔츠, 후드티, 에코백, 스티커, 머그컵, 노트북 스티커","고품질 프린팅, 편안한 착용감, 트렌디한 디자인, 합리적 가격"
iOVU Coding with Style 브랜딩을 활용한 맨투맨 DTG 기술 라이센싱과 오픈소스 파트너십 수익 모델 시뮬레이션해주세요 주문은 https://iovu-shop.vercel.app/products에서 하세요,iOVU Coding with Style 브랜딩을 활용한 맨투맨 DTG 기술 라이센싱과 오픈소스 파트너십 수익 모델 시뮬레이션해주세요 주문은 https://iovu-shop.vercel.app/products에서 하세요,iovu_optimized_v3_0094,iOVU {slogan} 브랜딩을 활용한 {core_attr} {printing} 기술 라이센싱과 {community} 파트너십 수익 모델 시뮬레이션해주세요,18,22,True,True,코딩라이프 맨투맨,호주,DTG,거래,어려움,코딩라이프 맨투맨,DTG,호주,최근 3개월,iOVU 공식몰,KO 0.8 : EN 0.2,거래,어려움,iOVU,개발자를 위한 밈 굿즈 브랜드,https://iovu-shop.vercel.app/,Coding with Style,Dev + Cute = iOVU,"IT 개발자, 너디 감성을 즐기는 사람들","개발자 밈, 너디 패션, 코딩 유머, 힐링 개발템","티셔츠, 후드티, 에코백, 스티커, 머그컵, 노트북 스티커","고품질 프린팅, 편안한 착용감, 트렌디한 디자인, 합리적 가격"
해커톤 이벤트용 iOVU 텀블러 500장 주문 시 친환경프린팅 기술별 원가 분석과 수익성 모델을 엑셀로 작성해주세요 주문은 https://github.com/iovu-official에서 하세요,해커톤 이벤트용 iOVU 텀블러 500장 주문 시 친환경프린팅 기술별 원가 분석과 수익성 모델을 엑셀로 작성해주세요 주문은 https://github.com/iovu-official에서 하세요,iovu_optimized_v3_0095,{community} 이벤트용 iOVU {core_attr} 500장 주문 시 {printing} 기술별 원가 분석과 수익성 모델을 엑셀로 작성해주세요,18,20,True,False,개발자감성 텀블러,프랑스,친환경프린팅,거래,어려움,개발자감성 텀블러,친환경프린팅,프랑스,올해,개발자 커뮤니티,KO 0.8 : EN 0.2,거래,어려움,iOVU,개발자를 위한 밈 굿즈 브랜드,https://iovu-shop.vercel.app/,개발자를 위한 귀여운 반란,Dev + Cute = iOVU,"IT 개발자, 너디 감성을 즐기는 사람들","개발자 밈, 너디 패션, 코딩 유머, 힐링 개발템","티셔츠, 후드티, 에코백, 스티커, 머그컵, 노트북 스티커","고품질 프린팅, 편안한 착용감, 트렌디한 디자인, 합리적 가격"
호주 시장 진출을 위한 iOVU 마우스패드 친환경프린팅 품질 기준과 코딩유머 현지화 전략을 포함한 사업 계획서를 만들어주세요 주문은 https://instagram.com/iovu_official에서 하세요,호주 시장 진출을 위한 iOVU 마우스패드 친환경프린팅 품질 기준과 코딩유머 현지화 전략을 포함한 사업 계획서를 만들어주세요 주문은 https://instagram.com/iovu_official에서 하세요,iovu_optimized_v3_0096,{country} 시장 진출을 위한 iOVU {core_attr} {printing} 품질 기준과 {meme} 현지화 전략을 포함한 사업 계획서를 만들어주세요,19,22,True,False,코딩유머 마우스패드,호주,친환경프린팅,거래,어려움,코딩유머 마우스패드,친환경프린팅,호주,최근 1년,iOVU 공식몰,KO 0.8 : EN 0.2,거래,어려움,iOVU,개발자를 위한 밈 굿즈 브랜드,https://iovu-shop.vercel.app/,코드를 입다,Dev + Cute = iOVU,"IT 개발자, 너디 감성을 즐기는 사람들","개발자 밈, 너디 패션, 코딩 유머, 힐링 개발템","티셔츠, 후드티, 에코백, 스티커, 머그컵, 노트북 스티커","고품질 프린팅, 편안한 착용감, 트렌디한 디자인, 합리적 가격"
테크밋업 이벤트용 iOVU 노트북스티커 500장 주문 시 DTG 기술별 원가 분석과 수익성 모델을 엑셀로 작성해주세요 주문은 https://iovu-shop.vercel.app/에서 하세요,테크밋업 이벤트용 iOVU 노트북스티커 500장 주문 시 DTG 기술별 원가 분석과 수익성 모델을 엑셀로 작성해주세요 주문은 https://iovu-shop.vercel.app/에서 하세요,iovu_optimized_v3_0097,{community} 이벤트용 iOVU {core_attr} 500장 주문 시 {printing} 기술별 원가 분석과 수익성 모델을 엑셀로 작성해주세요,18,21,True,False,긱문화 노트북스티커,미국,DTG,거래,어려움,긱문화 노트북스티커,DTG,미국,올해,GitHub,KO 0.8 : EN 0.2,거래,어려움,iOVU,개발자를 위한 밈 굿즈 브랜드,https://iovu-shop.vercel.app/,Coding with Style,Dev + Cute = iOVU,"IT 개발자, 너디 감성을 즐기는 사람들","개발자 밈, 너디 패션, 코딩 유머, 힐링 개발템","티셔츠, 후드티, 에코백, 스티커, 머그컵, 노트북 스티커","고품질 프린팅, 편안한 착용감, 트렌디한 디자인, 합리적 가격"
호주 시장 진출을 위한 iOVU 머그컵 다중색 품질 기준과 개발자정체성 현지화 전략을 포함한 사업 계획서를 만들어주세요 주문은 https://instagram.com/iovu_official에서 하세요,호주 시장 진출을 위한 iOVU 머그컵 다중색 품질 기준과 개발자정체성 현지화 전략을 포함한 사업 계획서를 만들어주세요 주문은 https://instagram.com/iovu_official에서 하세요,iovu_optimized_v3_0098,{country} 시장 진출을 위한 iOVU {core_attr} {printing} 품질 기준과 {meme} 현지화 전략을 포함한 사업 계획서를 만들어주세요,19,22,True,False,개발자정체성 머그컵,호주,다중색,거래,어려움,개발자정체성 머그컵,다중색,호주,2024년,GitHub,KO 0.8 : EN 0.2,거래,어려움,iOVU,개발자를 위한 밈 굿즈 브랜드,https://iovu-shop.vercel.app/,Nerdy is the new cool,Dev + Cute = iOVU,"IT 개발자, 너디 감성을 즐기는 사람들","개발자 밈, 너디 패션, 코딩 유머, 힐링 개발템","티셔츠, 후드티, 에코백, 스티커, 머그컵, 노트북 스티커","고품질 프린팅, 편안한 착용감, 트렌디한 디자인, 합리적 가격"
개발자커뮤니티 이벤트용 iOVU 디자인 500장 주문 시 Sublimation 기술별 원가 분석과 수익성 모델을 엑셀로 작성해주세요 주문은 https://iovu-shop.vercel.app/collections에서 하세요,개발자커뮤니티 이벤트용 iOVU 디자인 500장 주문 시 Sublimation 기술별 원가 분석과 수익성 모델을 엑셀로 작성해주세요 주문은 https://iovu-shop.vercel.app/collections에서 하세요,iovu_optimized_v3_0099,{community} 이벤트용 iOVU {core_attr} 500장 주문 시 {printing} 기술별 원가 분석과 수익성 모델을 엑셀로 작성해주세요,18,21,True,False,긱문화 디자인,프랑스,Sublimation,거래,어려움,긱문화 디자인,Sublimation,프랑스,2024년,개발자 커뮤니티,KO 0.8 : EN 0.2,거래,어려움,iOVU,개발자를 위한 밈 굿즈 브랜드,https://iovu-shop.vercel.app/,Developer Fashion,Dev + Cute = iOVU,"IT 개발자, 너디 감성을 즐기는 사람들","개발자 밈, 너디 패션, 코딩 유머, 힐링 개발템","티셔츠, 후드티, 에코백, 스티커, 머그컵, 노트북 스티커","고품질 프린팅, 편안한 착용감, 트렌디한 디자인, 합리적 가격"
프랑스 시장 진출을 위한 iOVU 색상 DTG 품질 기준과 힐링템 현지화 전략을 포함한 사업 계획서를 만들어주세요 주문은 https://iovu-shop.vercel.app/products에서 하세요,프랑스 시장 진출을 위한 iOVU 색상 DTG 품질 기준과 힐링템 현지화 전략을 포함한 사업 계획서를 만들어주세요 주문은 https://iovu-shop.vercel.app/products에서 하세요,iovu_optimized_v3_0100,{country} 시장 진출을 위한 iOVU {core_attr} {printing} 품질 기준과 {meme} 현지화 전략을 포함한 사업 계획서를 만들어주세요,19,23,True,False,힐링템 색상,프랑스,DTG,거래,어려움,힐링템 색상,DTG,프랑스,최근 1년,iOVU 공식몰,KO 0.8 : EN 0.2,거래,어려움,iOVU,개발자를 위한 밈 굿즈 브랜드,https://iovu-shop.vercel.app/,Developer Fashion,Dev + Cute = iOVU,"IT 개발자, 너디 감성을 즐기는 사람들","개발자 밈, 너디 패션, 코딩 유머, 힐링 개발템","티셔츠, 후드티, 에코백, 스티커, 머그컵, 노트북 스티커","고품질 프린팅, 편안한 착용감, 트렌디한 디자인, 합리적 가격"
