번호,키워드,길이,단어수,유형
1,법무법인,4,1,웹사이트
2,동래,2,1,웹사이트
3,법무법인 동래,7,2,기본
4,동래 법무법인,7,2,기본
5,법무법인동래,6,1,기본
6,연제 변호사,6,2,기본
7,연제구 변호사,7,2,기본
8,부산 연제 변호사,9,3,기본
9,거제역 변호사,7,2,기본
10,시청역 변호사,7,2,기본
11,연산역 변호사,7,2,기본
12,연제 법률상담,7,2,기본
13,연제 법무법인,7,2,기본
14,부산 연제 법무법인,10,3,기본
15,연제구 법률상담,8,2,기본
16,연제 민사소송,7,2,기본
17,연제 형사변호,7,2,기본
18,연제 이혼변호사,8,2,기본
19,연제 상속변호사,8,2,기본
20,연제 교통사고,7,2,기본
21,연제 기업법무,7,2,기본
22,연제 부동산,6,2,기본
23,연제 채권회수,7,2,기본
24,연제 변호사 민사,9,3,패턴
25,연제구 법무법인 수임료,12,3,패턴
26,부산 이혼,5,2,패턴
27,연제 초기상담,7,2,패턴
28,부산 변호사 형사,9,3,패턴
29,연제 소송,5,2,패턴
30,부산 상속,5,2,패턴
31,연제구 법무법인 소송,11,3,패턴
32,연제 법무법인 부동산,11,3,패턴
33,연제 법무법인 추천,10,3,패턴
34,연제 경험,5,2,패턴
35,연제 법무법인 민사,10,3,패턴
36,부산 기업법무,7,2,패턴
37,전화상담 연제,7,2,패턴
38,연제 법무법인 이혼,10,3,패턴
39,연제구 변호사 비용,10,3,패턴
40,부산 변호사 상속,9,3,패턴
41,연제구 변호사 평가,10,3,패턴
42,연제구 법무법인 기업법무,13,3,패턴
43,법무법인 동래 경험,10,3,패턴
44,연제 후기,5,2,패턴
45,연제 온라인상담,8,2,패턴
46,연제 계약,5,2,패턴
47,연제 실력,5,2,패턴
48,연제 24시간,7,2,패턴
49,연제 주말상담,7,2,패턴
50,법무법인 동래 방문상담,12,3,패턴
51,연제 변호사 계약,9,3,패턴
52,온라인상담 연제,8,2,패턴
53,부산 변호사 상담,9,3,패턴
54,부산 변호사 순위,9,3,패턴
55,연제 변호사 교통사고,11,3,패턴
56,부산 법무법인 순위,10,3,패턴
57,연제구 법무법인 채권회수,13,3,패턴
58,연제 법무법인 기업법무,12,3,패턴
59,연제 변호사 손해배상,11,3,패턴
60,부산 변호사 평가,9,3,패턴
61,부산 변호사 채권회수,11,3,패턴
62,부산 법무법인 채권회수,12,3,패턴
63,연제 변호사 기업법무,11,3,패턴
64,법무법인 동래 온라인상담,13,3,패턴
65,부산 법무법인 기업법무,12,3,패턴
66,초기상담 연제,7,2,패턴
67,부산 변호사 기업법무,11,3,패턴
68,연제 법무법인 후기,10,3,패턴
69,부산 변호사 교통사고,11,3,패턴
70,연제 민사,5,2,패턴
71,연제 변호사 형사,9,3,패턴
72,부산 변호사 이혼,9,3,패턴
73,무료상담 법무법인 동래,12,3,패턴
74,야간상담 연제,7,2,패턴
75,법무법인 동래 전문,10,3,패턴
76,연제구 변호사 민사,10,3,패턴
77,법무법인 동래 실력,10,3,패턴
78,경험 동래,5,2,패턴
79,연제 유명한,6,2,패턴
80,연제구 변호사 상속,10,3,패턴
81,연제구 기업법무,8,2,패턴
82,연제구 후기,6,2,패턴
83,연제 순위,5,2,패턴
84,연제 법무법인 변호,10,3,패턴
85,연제 법무법인 소송,10,3,패턴
86,연제구 법무법인 평가,11,3,패턴
87,연제구 부동산,7,2,패턴
88,연제구 추천,6,2,패턴
89,연제 변호사 부동산,10,3,패턴
90,동래 실력,5,2,패턴
91,연제 전화상담,7,2,패턴
92,연제구 법무법인 상담,11,3,패턴
93,부산 변호사 부동산,10,3,패턴
94,법무법인 동래 24시간,12,3,패턴
95,24시간 연제,7,2,패턴
96,연제구 변호사 이혼,10,3,패턴
97,부산 법무법인 수임료,11,3,패턴
98,전문 동래,5,2,패턴
99,연제 법무법인 채권회수,12,3,패턴
100,연제 법무법인 순위,10,3,패턴
101,연제 변호사 수임료,10,3,패턴
102,법무법인 동래 유명한,11,3,패턴
103,연제구 상담,6,2,패턴
104,부산 소송,5,2,패턴
105,24시간 동래,7,2,패턴
106,초기상담 법무법인 동래,12,3,패턴
107,연제구 민사,6,2,패턴
108,부산 부동산,6,2,패턴
109,연제 형사,5,2,패턴
110,부산 손해배상,7,2,패턴
111,주말상담 법무법인 동래,12,3,패턴
112,연제구 변호사 교통사고,12,3,패턴
113,부산 후기,5,2,패턴
114,동래 초기상담,7,2,패턴
115,유명한 연제,6,2,패턴
116,부산 법무법인 교통사고,12,3,패턴
117,연제 법무법인 상속,10,3,패턴
118,연제구 법무법인 후기,11,3,패턴
119,방문상담 법무법인 동래,12,3,패턴
120,연제 변호사 평가,9,3,패턴
121,연제 비용,5,2,패턴
122,유명한 법무법인 동래,11,3,패턴
123,연제 법무법인 상담,10,3,패턴
124,전문 법무법인 동래,10,3,패턴
125,부산 변호사 비용,9,3,패턴
126,연제구 수임료,7,2,패턴
127,부산 법무법인 손해배상,12,3,패턴
128,부산 법무법인 소송,10,3,패턴
129,연제구 변호사 기업법무,12,3,패턴
130,연제 변호사 후기,9,3,패턴
131,연제 상속,5,2,패턴
132,연제 변호,5,2,패턴
133,연제구 순위,6,2,패턴
134,연제구 변호사 채권회수,12,3,패턴
135,연제 법무법인 평가,10,3,패턴
136,동래 온라인상담,8,2,패턴
137,동래 경험,5,2,패턴
138,부산 형사,5,2,패턴
139,연제구 손해배상,8,2,패턴
140,동래 전문,5,2,패턴
141,연제 변호사 이혼,9,3,패턴
142,연제 법무법인 비용,10,3,패턴
143,연제구 변호사 순위,10,3,패턴
144,연제구 변호사 손해배상,12,3,패턴
145,연제구 소송,6,2,패턴
146,법무법인 동래 믿을만한,12,3,패턴
147,연제구 법무법인 변호,11,3,패턴
148,연제구 변호사 변호,10,3,패턴
149,연제구 법무법인 추천,11,3,패턴
150,연제 법무법인 계약,10,3,패턴
151,연제구 변호사 계약,10,3,패턴
152,믿을만한 연제,7,2,패턴
153,연제구 법무법인 상속,11,3,패턴
154,연제구 교통사고,8,2,패턴
155,연제구 법무법인 계약,11,3,패턴
156,경험 법무법인 동래,10,3,패턴
157,연제구 비용,6,2,패턴
158,부산 변호사 수임료,10,3,패턴
159,주말상담 연제,7,2,패턴
160,연제구 법무법인 교통사고,13,3,패턴
161,동래 24시간,7,2,패턴
162,전화상담 동래,7,2,패턴
163,동래 주말상담,7,2,패턴
164,연제구 법무법인 이혼,11,3,패턴
165,온라인상담 동래,8,2,패턴
166,부산 순위,5,2,패턴
167,야간상담 법무법인 동래,12,3,패턴
168,부산 법무법인 상담,10,3,패턴
169,부산 변호사 계약,9,3,패턴
170,부산 법무법인 민사,10,3,패턴
171,부산 교통사고,7,2,패턴
172,연제 변호사 소송,9,3,패턴
173,연제 믿을만한,7,2,패턴
174,연제 수임료,6,2,패턴
175,연제구 평가,6,2,패턴
176,연제 변호사 상담,9,3,패턴
177,주말상담 동래,7,2,패턴
178,방문상담 연제,7,2,패턴
179,부산 변호사 소송,9,3,패턴
180,초기상담 동래,7,2,패턴
181,부산 상담,5,2,패턴
182,부산 변호사 손해배상,11,3,패턴
183,야간상담 동래,7,2,패턴
184,부산 변호사 후기,9,3,패턴
185,연제구 변호사 추천,10,3,패턴
186,부산 법무법인 추천,10,3,패턴
187,부산 법무법인 평가,10,3,패턴
188,연제구 변호사 부동산,11,3,패턴
189,연제 변호사 추천,9,3,패턴
190,온라인상담 법무법인 동래,13,3,패턴
191,연제 법무법인 교통사고,12,3,패턴
192,연제 야간상담,7,2,패턴
193,법무법인 동래 전화상담,12,3,패턴
194,연제 변호사 채권회수,11,3,패턴
195,연제 전문,5,2,패턴
196,연제 변호사 순위,9,3,패턴
197,연제구 변호사 후기,10,3,패턴
198,법무법인 동래 야간상담,12,3,패턴
199,부산 법무법인 부동산,11,3,패턴
200,연제 변호사 상속,9,3,패턴
201,연제구 법무법인 형사,11,3,패턴
202,연제 변호사 변호,9,3,패턴
203,부산 변호,5,2,패턴
204,연제구 채권회수,8,2,패턴
205,연제구 법무법인 비용,11,3,패턴
206,연제구 법무법인 부동산,12,3,패턴
207,실력 동래,5,2,패턴
208,연제구 변호사 수임료,11,3,패턴
209,믿을만한 법무법인 동래,12,3,패턴
210,방문상담 동래,7,2,패턴
211,연제 법무법인 손해배상,12,3,패턴
212,부산 추천,5,2,패턴
213,부산 평가,5,2,패턴
214,무료상담 연제,7,2,패턴
215,부산 비용,5,2,패턴
216,유명한 동래,6,2,패턴
217,무료상담 동래,7,2,패턴
218,부산 채권회수,7,2,패턴
219,연제 법무법인 수임료,11,3,패턴
220,연제구 변호사 형사,10,3,패턴
221,부산 법무법인 상속,10,3,패턴
222,연제 평가,5,2,패턴
223,동래 야간상담,7,2,패턴
224,믿을만한 동래,7,2,패턴
225,경험 연제,5,2,패턴
226,연제구 변호,6,2,패턴
227,연제 추천,5,2,패턴
228,부산 계약,5,2,패턴
229,연제구 변호사 상담,10,3,패턴
230,연제 손해배상,7,2,패턴
231,부산 법무법인 계약,10,3,패턴
232,부산 민사,5,2,패턴
233,연제 상담,5,2,패턴
234,동래 무료상담,7,2,패턴
235,부산 법무법인 비용,10,3,패턴
236,실력 법무법인 동래,10,3,패턴
237,연제 무료상담,7,2,패턴
238,법무법인 동래 주말상담,12,3,패턴
239,전화상담 법무법인 동래,12,3,패턴
240,연제구 이혼,6,2,패턴
241,연제 이혼,5,2,패턴
242,부산 법무법인 형사,10,3,패턴
243,부산 수임료,6,2,패턴
244,연제구 법무법인 민사,11,3,패턴
245,동래 믿을만한,7,2,패턴
246,24시간 법무법인 동래,12,3,패턴
247,부산 변호사 추천,9,3,패턴
248,동래 유명한,6,2,패턴
249,연제구 상속,6,2,패턴
250,연제구 변호사 소송,10,3,패턴
251,법무법인 동래 초기상담,12,3,패턴
252,동래 방문상담,7,2,패턴
253,연제 법무법인 형사,10,3,패턴
254,부산 법무법인 이혼,10,3,패턴
255,연제구 계약,6,2,패턴
256,연제구 형사,6,2,패턴
257,연제구 법무법인 손해배상,13,3,패턴
258,연제 변호사 비용,9,3,패턴
259,법무법인 동래 무료상담,12,3,패턴
260,실력 연제,5,2,패턴
261,연제 방문상담,7,2,패턴
262,동래 전화상담,7,2,패턴
263,연제구 법무법인 순위,11,3,패턴
264,부산 법무법인 후기,10,3,패턴
265,부산 변호사 변호,9,3,패턴
266,부산 법무법인 변호,10,3,패턴
267,전문 연제,5,2,패턴
268,부산 변호사 민사,9,3,패턴
269,법무법인 동래에 대해 알려줘,15,4,대화형
270,법무법인 동래를 추천해줘,13,3,대화형
271,법무법인 동래가 어때?,12,3,대화형
272,법무법인 동래의 장단점이 뭐야?,17,4,대화형
273,법무법인 동래를 선택해야 할까?,17,4,대화형
274,법무법인 동래에서 상담받고 싶어,17,4,대화형
275,법무법인 동래의 비용은 얼마야?,17,4,대화형
276,법무법인 동래는 믿을만해?,14,3,대화형
277,법무법인 동래의 평판은 어때?,16,4,대화형
278,법무법인 동래에서 소송하면 어떨까?,19,4,대화형
279,부산 변호사에 대해 알려줘,14,4,대화형
280,부산 변호사를 추천해줘,12,3,대화형
281,부산 변호사가 어때?,11,3,대화형
282,부산 변호사의 장단점이 뭐야?,16,4,대화형
283,부산 변호사를 선택해야 할까?,16,4,대화형
284,부산 변호사에서 상담받고 싶어,16,4,대화형
285,부산 변호사의 비용은 얼마야?,16,4,대화형
286,부산 변호사는 믿을만해?,13,3,대화형
287,부산 변호사의 평판은 어때?,15,4,대화형
288,부산 변호사에서 소송하면 어떨까?,18,4,대화형
289,부산 법무법인에 대해 알려줘,15,4,대화형
290,부산 법무법인를 추천해줘,13,3,대화형
291,부산 법무법인가 어때?,12,3,대화형
292,부산 법무법인의 장단점이 뭐야?,17,4,대화형
293,부산 법무법인를 선택해야 할까?,17,4,대화형
294,부산 법무법인에서 상담받고 싶어,17,4,대화형
295,부산 법무법인의 비용은 얼마야?,17,4,대화형
296,부산 법무법인는 믿을만해?,14,3,대화형
297,부산 법무법인의 평판은 어때?,16,4,대화형
298,부산 법무법인에서 소송하면 어떨까?,19,4,대화형
299,부산 동래 변호사에 대해 알려줘,17,5,대화형
300,부산 동래 변호사를 추천해줘,15,4,대화형
301,부산 동래 변호사가 어때?,14,4,대화형
302,부산 동래 변호사의 장단점이 뭐야?,19,5,대화형
303,부산 동래 변호사를 선택해야 할까?,19,5,대화형
304,부산 동래 변호사에서 상담받고 싶어,19,5,대화형
305,부산 동래 변호사의 비용은 얼마야?,19,5,대화형
306,부산 동래 변호사는 믿을만해?,16,4,대화형
307,부산 동래 변호사의 평판은 어때?,18,5,대화형
308,부산 동래 변호사에서 소송하면 어떨까?,21,5,대화형
