번호,키워드,길이,단어수
1,순위 연제 법률상담,10,3
2,상속 연제 변호사,9,3
3,후기 연제 변호사,9,3
4,부산 연제 변호사 온라인상담,15,4
5,형사 거제역 변호사,10,3
6,법무법인 동래 상담,10,3
7,연제 법률상담 순위,10,3
8,부산 연제 변호사,9,3
9,법무법인 동래 선임,10,3
10,의뢰 연제 법률상담,10,3
11,연제 변호사 전문,9,3
12,법무법인 동래에 대해 알려줘,15,4
13,동래 전화상담,7,2
14,부산 연제 변호사 방문상담,14,4
15,연제 법률상담 24시간,12,3
16,법무법인 동래 온라인상담,13,3
17,연제 법률상담 민사,10,3
18,법무법인 동래에서 소송하면 어떨까?,19,4
19,전문 거제역 변호사,10,3
20,토현동 법무법인,8,2
21,연제 변호사에 대해 알려줘,14,4
22,연제구 법무법인 상담,11,3
23,전문 연제 법률상담,10,3
24,부산 연제 변호사는 믿을만해?,16,4
25,연제 변호사 교통사고,11,3
26,토현동 변호사,7,2
27,거제역 변호사 후기,10,3
28,변호 부산 연제 변호사,12,4
29,상담 거제역 변호사,10,3
30,연제 법률상담 부동산,11,3
31,연제 변호사 변호,9,3
32,부동산 연제 법률상담,11,3
33,연제구 법무법인 전문,11,3
34,법무법인 동래의 장단점이 뭐야?,17,4
35,거제역 변호사 부동산,11,3
36,순위 부산 연제 변호사,12,4
37,거제역 변호사 형사,10,3
38,소송 연제 법률상담,10,3
39,연제구 법무법인의 평판은 어때?,17,4
40,부산 연제 변호사 자문,12,4
41,연제 변호사 방문상담,11,3
42,법무법인 동래 야간상담,12,3
43,동래 야간상담,7,2
44,연산역 변호사,7,2
45,연제구 법무법인 수임료,12,3
46,연제 법률상담의 장단점이 뭐야?,17,4
47,법무법인 동래 초기상담,12,3
48,연제 법률상담의 비용은 얼마야?,17,4
49,시청역 변호사,7,2
50,의뢰 연제 변호사,9,3
51,부산 연제 변호사 수임료,13,4
52,전문 법무법인 동래,10,3
53,교통사고 부산 연제 변호사,14,4
54,연제구 법무법인 온라인상담,14,3
55,수임료 부산 연제 변호사,13,4
56,의뢰 법무법인 동래,10,3
57,연제구 법무법인 의뢰,11,3
58,상담 부산 연제 변호사,12,4
59,부산 연제 변호사 민사,12,4
60,연제구 법무법인의 장단점이 뭐야?,18,4
61,연제 변호사 초기상담,11,3
62,연제구 법무법인 형사,11,3
63,순위 연제 변호사,9,3
64,부산 연제 변호사 상속,12,4
65,의뢰 거제역 변호사,10,3
66,연제구 법무법인 부동산,12,3
67,부산 연제 변호사에서 상담받고 싶어,19,5
68,변호 연제구 법무법인,11,3
69,법무법인 동래 이혼,10,3
70,부산 연제 변호사 비용,12,4
71,법무법인 동래 의뢰,10,3
72,연제 법률상담 형사,10,3
73,법무법인 동래 후기,10,3
74,연제 변호사에서 소송하면 어떨까?,18,4
75,연제 법률상담 변호,10,3
76,법무법인 동래 민사,10,3
77,수임료 법무법인 동래,11,3
78,거제역 변호사 수임료,11,3
79,거제역 변호사 상담,10,3
80,거제동 법무법인,8,2
81,후기 부산 연제 변호사,12,4
82,추천 연제 법률상담,10,3
83,교통사고 법무법인 동래,12,3
84,연제 변호사 선임,9,3
85,법무법인 동래 비용,10,3
86,교통사고 거제역 변호사,12,3
87,거제해법 법무법인,9,2
88,부산 연제 변호사 추천,12,4
89,부산 연제 변호사 변호,12,4
90,부산 연제 변호사의 평판은 어때?,18,5
91,법무법인 동래의 비용은 얼마야?,17,4
92,연제 변호사 자문,9,3
93,법무법인 동래 자문,10,3
94,거제역 변호사 온라인상담,13,3
95,거제역 변호사 의뢰,10,3
96,연제 변호사 추천,9,3
97,연제 변호사 무료상담,11,3
98,부산 연제 변호사 전화상담,14,4
99,법무법인 동래 주말상담,12,3
100,순위 법무법인 동래,10,3
101,법무법인 동래 부동산,11,3
102,연제 법률상담 추천,10,3
103,자문 연제 법률상담,10,3
104,변호 거제역 변호사,10,3
105,연제 변호사 주말상담,11,3
106,연제구 법무법인 변호,11,3
107,연제구 법무법인의 비용은 얼마야?,18,4
108,비용 연제구 법무법인,11,3
109,비용 부산 연제 변호사,12,4
110,연제구 법무법인 무료상담,13,3
111,연제 변호사,6,2
112,토현동 법률상담,8,2
113,부산 연제 변호사 부동산,13,4
114,거제역 변호사 이혼,10,3
115,자문 연제구 법무법인,11,3
116,민사 거제역 변호사,10,3
117,수임료 연제 변호사,10,3
118,연제구 법무법인 소송,11,3
119,소송 연제 변호사,9,3
120,소송 연제구 법무법인,11,3
121,부산 연제 변호사 이혼,12,4
122,동래 주말상담,7,2
123,동래 방문상담,7,2
124,거제역 변호사 방문상담,12,3
125,거제동 법률상담,8,2
126,연제 법률상담 방문상담,12,3
127,의뢰 연제구 법무법인,11,3
128,연제 변호사를 선택해야 할까?,16,4
129,연제 법률상담 상담,10,3
130,동래 초기상담,7,2
131,거제역 변호사,7,2
132,부산 연제 변호사 무료상담,14,4
133,법무법인 동래 추천,10,3
134,순위 거제역 변호사,10,3
135,연제 법률상담 자문,10,3
136,부산 연제 변호사의 비용은 얼마야?,19,5
137,형사 연제구 법무법인,11,3
138,부산 연제 변호사 초기상담,14,4
139,부산 연제 변호사의 장단점이 뭐야?,19,5
140,연제 법률상담는 믿을만해?,14,3
141,연제구 법무법인에 대해 알려줘,16,4
142,부산 연제 변호사 전문,12,4
143,법무법인 동래를 선택해야 할까?,17,4
144,연제 법률상담가 어때?,12,3
145,연제 법무법인,7,2
146,연제 변호사의 장단점이 뭐야?,16,4
147,연제구 법무법인 순위,11,3
148,법무법인 동래 수임료,11,3
149,후기 연제 법률상담,10,3
150,법무법인 동래 소송,10,3
151,상속 연제 법률상담,10,3
152,연제 법률상담에서 소송하면 어떨까?,19,4
153,선임 법무법인 동래,10,3
154,연제구 법무법인 추천,11,3
155,연제 변호사 수임료,10,3
156,동래 온라인상담,8,2
157,연제 변호사 비용,9,3
158,거제역 변호사 교통사고,12,3
159,거제역 변호사 순위,10,3
160,후기 연제구 법무법인,11,3
161,법무법인 동래가 어때?,12,3
162,변호 연제 변호사,9,3
163,연제 법률상담 교통사고,12,3
164,수임료 거제역 변호사,11,3
165,상속 법무법인 동래,10,3
166,연제구 법무법인 민사,11,3
167,연제구 법무법인는 믿을만해?,15,3
168,전문 부산 연제 변호사,12,4
169,부산 연제 변호사 의뢰,12,4
170,부산 연제 변호사 소송,12,4
171,법무법인 동래의 평판은 어때?,16,4
172,연제 변호사가 어때?,11,3
173,연제 변호사 민사,9,3
174,거제역 변호사 초기상담,12,3
175,이혼 부산 연제 변호사,12,4
176,연제 변호사의 평판은 어때?,15,4
177,상속 부산 연제 변호사,12,4
178,연제구 법무법인가 어때?,13,3
179,비용 연제 변호사,9,3
180,연제 변호사 순위,9,3
181,선임 거제역 변호사,10,3
182,민사 연제 법률상담,10,3
183,이혼 거제역 변호사,10,3
184,동래 24시간,7,2
185,연제 변호사 이혼,9,3
186,자문 법무법인 동래,10,3
187,법무법인 동래 방문상담,12,3
188,거제역 변호사 전문,10,3
189,거제해법 변호사,8,2
190,추천 연제구 법무법인,11,3
191,연제 법률상담 비용,10,3
192,연제 법률상담 무료상담,12,3
193,연제구 법무법인 선임,11,3
194,연제구 법무법인를 선택해야 할까?,18,4
195,연제구 법무법인 야간상담,13,3
196,자문 거제역 변호사,10,3
197,부산 연제 변호사에 대해 알려줘,17,5
198,거제역 변호사 추천,10,3
199,민사 연제 변호사,9,3
200,비용 거제역 변호사,10,3
201,부동산 연제 변호사,10,3
202,부산 연제 변호사가 어때?,14,4
203,부산 변호사,6,2
204,상담 연제 변호사,9,3
205,부산 연제 변호사 상담,12,4
206,추천 거제역 변호사,10,3
207,연산동 변호사,7,2
208,연제 법률상담 초기상담,12,3
209,연제 법률상담에 대해 알려줘,15,4
210,연제구 법무법인에서 소송하면 어떨까?,20,4
211,변호 연제 법률상담,10,3
212,법무법인 동래는 믿을만해?,14,3
213,연제구 법무법인 24시간,13,3
214,이혼 법무법인 동래,10,3
215,자문 부산 연제 변호사,12,4
216,민사 법무법인 동래,10,3
217,연제 변호사는 믿을만해?,13,3
218,연제 법률상담 의뢰,10,3
219,상담 연제구 법무법인,11,3
220,거제역 변호사 야간상담,12,3
221,부산 연제 변호사를 선택해야 할까?,19,5
222,연제 법률상담 전문,10,3
223,법무법인 동래 무료상담,12,3
224,상속 거제역 변호사,10,3
225,이혼 연제 법률상담,10,3
226,연제 변호사 상담,9,3
227,형사 법무법인 동래,10,3
228,연제구 법무법인에서 상담받고 싶어,18,4
229,교통사고 연제 법률상담,12,3
230,법무법인 동래 변호,10,3
231,거제역 변호사 변호,10,3
232,교통사고 연제 변호사,11,3
233,선임 연제 법률상담,10,3
234,민사 부산 연제 변호사,12,4
235,연제구 법무법인 자문,11,3
236,거제동 변호사,7,2
237,소송 부산 연제 변호사,12,4
238,선임 연제 변호사,9,3
239,연제 변호사를 추천해줘,12,3
240,연제구 법률상담,8,2
241,부동산 부산 연제 변호사,13,4
242,연제 법률상담 전화상담,12,3
243,상속 연제구 법무법인,11,3
244,연제 변호사 소송,9,3
245,연제구 변호사,7,2
246,거제해법 법률상담,9,2
247,연제 법률상담 소송,10,3
248,연제 변호사 전화상담,11,3
249,거제역 변호사 상속,10,3
250,연제 변호사에서 상담받고 싶어,16,4
251,순위 연제구 법무법인,11,3
252,거제역 법무법인,8,2
253,이혼 연제구 법무법인,11,3
254,연제 법률상담 후기,10,3
255,부산 법률상담,7,2
256,부동산 연제구 법무법인,12,3
257,거제역 변호사 비용,10,3
258,연제구 법무법인 상속,11,3
259,연제 법률상담 선임,10,3
260,형사 부산 연제 변호사,12,4
261,교통사고 연제구 법무법인,13,3
262,연제 변호사 의뢰,9,3
263,법무법인 동래 24시간,12,3
264,거제역 변호사 전화상담,12,3
265,연제구 법무법인,8,2
266,부산 연제 변호사를 추천해줘,15,4
267,연제 법률상담 온라인상담,13,3
268,추천 부산 연제 변호사,12,4
269,거제역 변호사 선임,10,3
270,연산동 법무법인,8,2
271,법무법인 동래,7,2
272,형사 연제 변호사,9,3
273,연제 법률상담에서 상담받고 싶어,17,4
274,연제 법률상담 주말상담,12,3
275,법무법인 동래 전문,10,3
276,선임 부산 연제 변호사,12,4
277,연제 법률상담를 선택해야 할까?,17,4
278,부산 연제 변호사 후기,12,4
279,거제역 변호사 24시간,12,3
280,비용 법무법인 동래,10,3
281,연제구 법무법인 후기,11,3
282,후기 법무법인 동래,10,3
283,연제 법률상담 상속,10,3
284,민사 연제구 법무법인,11,3
285,의뢰 부산 연제 변호사,12,4
286,부산 법무법인,7,2
287,연제구 법무법인 방문상담,13,3
288,연산동 법률상담,8,2
289,연제 법률상담 야간상담,12,3
290,거제역 변호사 무료상담,12,3
291,연제구 법무법인 전화상담,13,3
292,거제역 변호사 소송,10,3
293,법무법인 동래 교통사고,12,3
294,법무법인 동래 순위,10,3
295,비용 연제 법률상담,10,3
296,법무법인 동래 상속,10,3
297,연제구 법무법인 비용,11,3
298,연제구 법무법인를 추천해줘,14,3
299,시청역 법무법인,8,2
300,변호 법무법인 동래,10,3
301,형사 연제 법률상담,10,3
302,연제구 법무법인 교통사고,13,3
303,전문 연제구 법무법인,11,3
304,연제 변호사 24시간,11,3
305,연제 법률상담 수임료,11,3
306,연제구 법무법인 주말상담,13,3
307,연제 법률상담를 추천해줘,13,3
308,연제 변호사 상속,9,3
309,소송 거제역 변호사,10,3
310,전문 연제 변호사,9,3
311,연제 변호사의 비용은 얼마야?,16,4
312,부동산 거제역 변호사,11,3
313,연제구 법무법인 이혼,11,3
314,거제역 법률상담,8,2
315,부산 연제 변호사 순위,12,4
316,부산 연제 변호사에서 소송하면 어떨까?,21,5
317,연제 법률상담 이혼,10,3
318,추천 연제 변호사,9,3
319,자문 연제 변호사,9,3
320,동래 무료상담,7,2
321,소송 법무법인 동래,10,3
322,부산 연제 변호사 형사,12,4
323,거제역 변호사 주말상담,12,3
324,수임료 연제 법률상담,11,3
325,거제역 변호사 민사,10,3
326,법무법인 동래 형사,10,3
327,법무법인 동래 전화상담,12,3
328,부산 연제 변호사 교통사고,14,4
329,연제 변호사 온라인상담,12,3
330,연제 법률상담,7,2
331,법무법인 동래를 추천해줘,13,3
332,이혼 연제 변호사,9,3
333,연산역 법무법인,8,2
334,부산 연제 변호사 야간상담,14,4
335,부동산 법무법인 동래,11,3
336,거제역 변호사 자문,10,3
337,선임 연제구 법무법인,11,3
338,연제구 법무법인 초기상담,13,3
339,연제 법률상담의 평판은 어때?,16,4
340,상담 연제 법률상담,10,3
341,수임료 연제구 법무법인,12,3
342,연제 변호사 야간상담,11,3
343,연제 변호사 형사,9,3
344,후기 거제역 변호사,10,3
345,연제 변호사 부동산,10,3
346,추천 법무법인 동래,10,3
347,연산역 법률상담,8,2
348,부산 연제 변호사 주말상담,14,4
349,연제 변호사 후기,9,3
350,상담 법무법인 동래,10,3
351,부산 연제 변호사 선임,12,4
352,시청역 법률상담,8,2
353,법무법인 동래에서 상담받고 싶어,17,4
354,부산 연제 변호사 24시간,14,4
